CASSILGVSSYNEQFF,TPRVTGGGAM,1
CASSFRDYGRYEQYF,TPRVTGGGAM,1
CASSILGISSYNEQFF,TPRVTGGGAM,1
CASSLGPITEAPF,TPRVTGGGAM,1
CASSPSAQYNEQFF,TPRVTGGGAM,1
CASSLRGAATDTQYF,TPRVTGGGAM,1
CASTNHDRGGMNTEAPF,TPRVTGGGAM,1
CASSLVGQGLSDEQFF,TPRVTGGGAM,1
CASRVGTGNLYEQYF,TPRVTGGGAM,1
CASSLALGVAKNIQYF,TPRVTGGGAM,1
CASSLIGQGGPDTQYF,TPRVTGGGAM,1
CASSLQTGLNTEAFF,TPRVTGGGAM,1
CASSLSPPTYEQYF,TPRVTGGGAM,1
CASSLVGEGLRDEQFF,TPRVTGGGAM,1
CASSYSGNTEAFF,TPRVTGGGAM,1
CASSLLQGARTEAFF,TPRVTGGGAM,1
CASSLIGVSSYNEQFF,TPRVTGGGAM,1
CAISDRGGEDEQYF,TPRVTGGGAM,1
CASGRGTGTRGRNEQFF,TPRVTGGGAM,1
CASKLGPAAYEQYF,TPRVTGGGAM,1
CASRVGAGNTEAFF,TPRVTGGGAM,1
CASSFRDRGHYEQYF,TPRVTGGGAM,1
CASSLGEGGAQSEQFF,TPRVTGGGAM,1
CASSLLGQDNSPLHF,TPRVTGGGAM,1
CASSLLPYNALVSGTDTQYF,TPRVTGGGAM,1
CASSLQTGQETQYF,TPRVTGGGAM,1
CASSLRQGIDTGELFF,TPRVTGGGAM,1
CASSLSGLGAAGVYEQYF,TPRVTGGGAM,1
CASSNRDRGNYEQFF,TPRVTGGGAM,1
CASSQHDRGFSTEAFF,TPRVTGGGAM,1
CASSSHDRDGGYSPLHF,TPRVTGGGAM,1
CASSSHDRQGQNSPLHF,TPRVTGGGAM,1
CASSSHERQGQNSPLHF,TPRVTGGGAM,1
CASSDGQARNTGELFF,TPRVTGGGAM,1
CASSLSSEGNQETQYF,TPRVTGGGAM,1
CASSPEGTGSYEQYF,TPRVTGGGAM,1
CASSPSRNTEAFF,TPRVTGGGAM,1
CASSPTRNTEAFF,TPRVTGGGAM,1
CASSTRGTVYGYTF,TPRVTGGGAM,1
CASSSRQGNLIDEQFF,TPRVTGGGAM,1
CASSSRQGNLIDEQYF,TPRVTGGGAM,1
CASRNSGRFETQYF,TPRVTGGGAM,1
CASSPARNTEAFF,TPRVTGGGAM,1
CASSPHRNTEAFF,TPRVTGGGAM,1
CASSPQRNTEAFF,TPRVTGGGAM,1
CASTRGLPQETQYF,TPRVTGGGAM,1
CSVEGYSATYNEQFF,TPRVTGGGAM,1
CASSARQGIDTGELFF,TPRVTGGGAM,1
CASSLIGIGETDTQYF,TPRVTGGGAM,1
CASSTHDRDGGGSAQHF,TPRVTGGGAM,1
CSGRSKGAVNEKLFF,TPRVTGGGAM,1
CGLITGATEAFF,TPRVTGGGAM,1
CASSLRQGANTGELFF,TPRVTGGGAM,1
CASSLRQGANAGELFF,TPRVTGGGAM,1
CASSLRQGINTGELFF,TPRVTGGGAM,1
CASSSHDLAGVKSEQFF,TPRVTGGGAM,1
CASSPPLGSGSGDEKLFF,TPRVTGGGAM,1
CASSAGTGIYDEAFF,TPRVTGGGAM,1
CASSAGTGIYDGAFF,TPRVTGGGAM,1
CASSLRGENRDDYEQYF,TPRVTGGGAM,1
CASSLRGESLVNEQFF,TPRVTGGGAM,1
CASSLKGVGQSDEQYF,TPRVTGGGAM,1
CASSLISGRARNEQFF,TPRVTGGGAM,1
CASSFRGEGHPDTQYF,TPRVTGGGAM,1
CASSSHEDRGSSSPLHF,TPRVTGGGAM,1
CASSSHDKQGARSPLHF,TPRVTGGGAM,1
CASSLIGQGLGDEQFF,TPRVTGGGAM,1
CASSSRDRGAYEQYF,TPRVTGGGAM,1
CASSRRGESSYNEQFF,TPRVTGGGAM,1
CASSLRGVSSYNEQFF,TPRVTGGGAM,1
CASSDQSQETQYF,TPRVTGGGAM,1
CASSYSTVNEQFF,TPRVTGGGAM,1
CASRVGGAGNSPLHF,TPRVTGGGAM,1
CASSLSWGGFYNEQFF,TPRVTGGGAM,1
CASSLAWGGFYNEQFF,TPRVTGGGAM,1
CASSLSWGGFYNEQLF,TPRVTGGGAM,1
CAGSLSWGGFYNEQFF,TPRVTGGGAM,1
CASRQGAGGNQPQHF,TPRVTGGGAM,1
CASRLGPGQPYEQYF,TPRVTGGGAM,1
CASSLGSSGTRQYF,TPRVTGGGAM,1
CASSLLGLQGSYNEQFF,TPRVTGGGAM,1
CASRLGPGQPYERYF,TPRVTGGGAM,1
CASRSGPGQPYEQYF,TPRVTGGGAM,1
CASSLGSSGNEQFF,TPRVTGGGAM,1
CASSLGAGNYGYTF,TPRVTGGGAM,1
CATSIGSSGNEQFF,TPRVTGGGAM,1
CASSLSTSSRNYGYTF,TPRVTGGGAM,1
CASRTGAANIYEQYF,TPRVTGGGAM,1
CASRTGAANIYEQHF,TPRVTGGGAM,1
CASSLSPSTGNYGYTF,TPRVTGGGAM,1
CASSLGPGNYEQYF,TPRVTGGGAM,1
CASNTGGANTDTQYF,TPRVTGGGAM,1
CASSLGGSPNYGYTF,TPRVTGGGAM,1
CASRLGAAGSQPQHF,TPRVTGGGAM,1
CASPLIEETIPYEQYF,TPRVTGGGAM,1
CASRRQRTDTEAFF,TPRVTGGGAM,1
CASRRQRTDAEAFF,TPRVTGGGAM,1
CASRHQRTDTEAFF,TPRVTGGGAM,1
CASSQRLAGAHEQYF,TPRVTGGGAM,1
CSVIGGFGTGELFF,TPRVTGGGAM,1
CSVEERVRGGEQYF,TPRVTGGGAM,1
CSVEERVWGGEQYF,TPRVTGGGAM,1
CASSYVIYEQYF,TPRVTGGGAM,1
CASSHVIYEQYF,TPRVTGGGAM,1
CASSQKGLDTEAFF,TPRVTGGGAM,1
CASGQKGLDTEAFF,TPRVTGGGAM,1
CASSYSSGELFF,TPRVTGGGAM,1
CATSDDRDTGELFF,TPRVTGGGAM,1
CAISATGGDYGYTF,TPRVTGGGAM,1
CASSPGKLDSEETQYF,TPRVTGGGAM,1
CASSKDPPGTGGASGYTF,TPRVTGGGAM,1
CASSLGPNNYYGYTF,TPRVTGGGAM,1
CASSSSSWDRPQHF,TPRVTGGGAM,1
CASRIGGAPNNEQFF,TPRVTGGGAM,1
CASGLGSSPMFNEQFF,TPRVTGGGAM,1
CASRVGLAGNNEQFF,TPRVTGGGAM,1
CASRTGTGNLYEQYF,TPRVTGGGAM,1
CASSLGPASYEQYF,TPRVTGGGAM,1
CASSLSPGQKYEQYF,TPRVTGGGAM,1
CASSTQDLQGARSPLHF,TPRVTGGGAM,1
CASSVGPGNTIYF,TPRVTGGGAM,1
CASSLGAAGRELFF,TPRVTGGGAM,1
CASSIGTANNSPLHF,TPRVTGGGAM,1
CASRTGTGSYRQYF,TPRVTGGGAM,1
CASSFQGADYGYTF,TPRVTGGGAM,1
CASSPRDSQPYGYTF,TPRVTGGGAM,1
CASSKEDREKETQYF,TPRVTGGGAM,1
CASSLSVGVNTEAFF,TPRVTGGGAM,1
CASSLGSANTDTQYF,TPRVTGGGAM,1
CSGGALGQDFGGYTF,TPRVTGGGAM,1
CASDSGVFSYEQYF,TPRVTGGGAM,1
CASSLGPAGNTEAFF,TPRVTGGGAM,1
CASALGASGITQYF,TPRVTGGGAM,1
CVSSSGANVLTF,TPRVTGGGAM,1
CASSLSYSTLSYEQYF,TPRVTGGGAM,1
CASSLEGTGANSPLHF,TPRVTGGGAM,1
CASTETSGSSYNEQFF,TPRVTGGGAM,1
CATAEGAGELFF,TPRVTGGGAM,1
CASSLSHSTGNYGYTF,TPRVTGGGAM,1
CASRLGLAGGINEQFF,TPRVTGGGAM,1
CASTLGSAGPQFNEQFF,TPRVTGGGAM,1
CASSLSPSTGRVEQYF,TPRVTGGGAM,1
CASSLGSTPYEQYF,TPRVTGGGAM,1
CASSSGQEAFF,TPRVTGGGAM,1
CSVEDLRNYGYTF,TPRVTGGGAM,1
CASSYSPLNTEAFF,TPRVTGGGAM,1
CASSLIGISSYNEQFF,TPRVTGGGAM,1
CASSLHDYTGFGTEAFF,TPRVTGGGAM,1
CASSLIGEGVDDEQYF,TPRVTGGGAM,1
CASSLVGESAPPHEQYF,TPRVTGGGAM,1
CASSLGSSPREQFF,TPRVTGGGAM,1
CASSLGTPNEQFF,TPRVTGGGAM,1
CASSLVGVSKDNEQFF,TPRVTGGGAM,1
CASSLRDPSYEQVF,TPRVTGGGAM,1
CASSLHGQGVRSPLHF,TPRVTGGGAM,1
CASSLIGVSVRNEQFF,TPRVTGGGAM,1
CASSLKGQGPINEQFF,TPRVTGGGAM,1
CASSFALVSGELFF,TPRVTGGGAM,1
CASSLHGDPSYEQYF,TPRVTGGGAM,1
CASSSAEPYNSPLHF,TPRVTGGGAM,1
CASSSHDRAGINSPLHF,TPRVTGGGAM,1
CASSNRTGVPTGELFF,TPRVTGGGAM,1
CASSLIEANTGELFF,TPRVTGGGAM,1
CASSPLGLAGPNEQFF,TPRVTGGGAM,1
CSVDVIANEQFF,TPRVTGGGAM,1
CASTSTGGYGYTF,TPRVTGGGAM,1
CASKVPAGLEQYF,TPRVTGGGAM,1
CASSLHTQGARFF,TPRVTGGGAM,1
CASSLGGAGTPQETQFF,TPRVTGGGAM,1
CASSDNTGFYGYTF,TPRVTGGGAM,1
CSVEKRSNIAKNIQYF,TPRVTGGGAM,1
CASSQDSLTGQANSPLHF,TPRVTGGGAM,1
CASSSIGQGLGDEQFF,TPRVTGGGAM,1
CASSLVGQGLGDEQFF,TPRVTGGGAM,1
CASSQETGAGTQYF,TPRVTGGGAM,1
CASSSHESQGARSPLHF,TPRVTGGGAM,1
CASSLRGESSYNEQFF,TPRVTGGGAM,1
CASSLGGSPRELFF,TPRVTGGGAM,1
CASSLKGISSYNEQFF,TPRVTGGGAM,1
CASSLIGVSEKNEQFF,TPRVTGGGAM,1
CASKVGAGGLYEQYF,TPRVTGGGAM,1
CASSFRDYGNYEQYF,TPRVTGGGAM,1
CASSIGPALNTEAFF,TPRVTGGGAM,1
CASSLHDRGSRTEAFF,TPRVTGGGAM,1
CASSSHDRQGASSPLHF,TPRVTGGGAM,1
CASSSHDTGGYNSPLHF,TPRVTGGGAM,1
CASKKLAGDSYEQYF,TPRVTGGGAM,1
CASSLARGFSDHTQYF,TPRVTGGGAM,1
CASSLIGVGLTDTQYF,TPRVTGGGAM,1
CASSSSWGYGYTF,TPRVTGGGAM,1
CASRPNLGGTTEAFF,TPRVTGGGAM,1
CASSIHSETGVGSPLHF,TPRVTGGGAM,1
CASSLSASTARYGYTF,TPRVTGGGAM,1
CASKQEWGNTEAFF,TPRVTGGGAM,1
CASSLIGAGGPDEQFF,TPRVTGGGAM,1
CASSSRDRGPHGQYF,TPRVTGGGAM,1
CASSSRDLGEYEQYF,TPRVTGGGAM,1
CASSHDYRGRRSPLHF,TPRVTGGGAM,1
CASSLIGEGTGWHQYF,TPRVTGGGAM,1
CASSLVGVGLLLNEQYF,TPRVTGGGAM,1
CASSSHDREGGSSPLHF,TPRVTGGGAM,1
CASSTHDIQGLGSPLHF,TPRVTGGGAM,1
CASSSHDYRGRRSPLHF,TPRVTGGGAM,1
CASSNRDRGDYEQYF,TPRVTGGGAM,1
CASSLRDRGSYEQYF,TPRVTGGGAM,1
CASSSRDRGSYEQYF,TPRVTGGGAM,1
CASSFRTVSSYEQYF,TPRVTGGGAM,1
CASSFRTVNSYEQYF,TPRVTGGGAM,1
CASSLRTVSSYEQYF,TPRVTGGGAM,1
CASSLKGVSSYNEQFF,TPRVTGGGAM,1
CASSFRQGVNTGELFF,TPRVTGGGAM,1
CASSFRQGSNTGELFF,TPRVTGGGAM,1
CASSFRSGINTGELFF,TPRVTGGGAM,1
CASSFRQGTPTGELFF,TPRVTGGGAM,1
CASSSRGTVNTEAFF,TPRVTGGGAM,1
CASSLHTQGARTEAFF,TPRVTGGGAM,1
CASSLHSRGARTEAFF,TPRVTGGGAM,1
CASSDHSVTGISSPLHF,TPRVTGGGAM,1
CASSSHDRHGIGSPLHF,TPRVTGGGAM,1
CASSDRTEGDYEQYF,TPRVTGGGAM,1
CASSNRDRGAYEQYF,TPRVTGGGAM,1
CASSLGLGTGHPNEKLFF,TPRVTGGGAM,1
CASSSHEVQGYNSPLHF,TPRVTGGGAM,1
CASSSRQGFTTGELFF,TPRVTGGGAM,1
CASSTRDRGSYEQYF,TPRVTGGGAM,1
CASSLGPAHYEQYF,TPRVTGGGAM,1
CASSFIGEGGSDEQYF,TPRVTGGGAM,1
CASSFRDRGNYEQYF,TPRVTGGGAM,1
CASSYDTGLTEQYF,TPRVTGGGAM,1
CASSLIGVSPYNEQFF,TPRVTGGGAM,1
CASSKPGTGLSGGGYTF,TPRVTGGGAM,1
CASSSHDRDGGHSPLHF,TPRVTGGGAM,1
CASSFVAGSSYNEQFF,TPRVTGGGAM,1
CASSLVSGSSYNEQFF,TPRVTGGGAM,1
CASSLREGPYPETQYF,TPRVTGGGAM,1
CASSLIGVGERDTQYF,TPRVTGGGAM,1
CASSFHDREGVGSPLHF,TPRVTGGGAM,1
CASSLSLSTSSNEQFF,TPRVTGGGAM,1
CASSFIGVGKTDEQYF,TPRVTGGGAM,1
CASSLGSGARELFF,TPRVTGGGAM,1
CASSLGVSNYEQYF,TPRVTGGGAM,1
CASSLSPSTVNTGELFF,TPRVTGGGAM,1
CASSLGGEPGELFF,TPRVTGGGAM,1
CASSTHDLQGPSSPLHF,TPRVTGGGAM,1
CASTITGRGVDEQYF,TPRVTGGGAM,1
CASSFQDGYNEQFF,TPRVTGGGAM,1
CASSIMDRGPGELFF,TPRVTGGGAM,1
CASSLHDRSGARTEAFF,TPRVTGGGAM,1
CASSYSHGELFF,TPRVTGGGAM,1
CASRTGSGSYNEQFF,TPRVTGGGAM,1
CASSFHDRTGVSSPLHF,TPRVTGGGAM,1
CASSIHHRGSSSPLHF,TPRVTGGGAM,1
CASSTHDRSGVGSPLHF,TPRVTGGGAM,1
CASSLVGSGQGDEQFF,TPRVTGGGAM,1
CASSPDSPGAEREQYF,TPRVTGGGAM,1
CASSLAGDRPGTEAFF,TPRVTGGGAM,1
CASSLSFGFRGFGTEAFF,TPRVTGGGAM,1
CASSYQDLQGIRSPLHF,TPRVTGGGAM,1
CASSRGTPNEQFF,TPRVTGGGAM,1
CASSYHDLGGAGSPLHF,TPRVTGGGAM,1
CASSYSIRTEAFF,TPRVTGGGAM,1
CASSFLQGPSSGNTIYF,TPRVTGGGAM,1
CASRIGGAGNSPLHF,TPRVTGGGAM,1
CASSTHDLGGVGSPLHF,TPRVTGGGAM,1
CASSLIGESVRNEQFF,TPRVTGGGAM,1
CASRLGPGGPPDTQYF,TPRVTGGGAM,1
CASSSHDETGVGSPLHF,TPRVTGGGAM,1
CASSLVGVGLSDEQFF,TPRVTGGGAM,1
CASSLGAAVGELFF,TPRVTGGGAM,1
CASSLLMGARYEQYF,TPRVTGGGAM,1
CASSQEPSASYEQYF,TPRVTGGGAM,1
CSARDPGSTYEQYF,TPRVTGGGAM,1
CASSLVGEGLPRAREQYF,TPRVTGGGAM,1
CASSLIGVSGSNEQFF,TPRVTGGGAM,1
CASSLGSGIYNEQFF,TPRVTGGGAM,1
CASSLSPSTSNYGYTF,TPRVTGGGAM,1
CASSQEGLARDEQFF,TPRVTGGGAM,1
CSARRTGGSYEQYF,TPRVTGGGAM,1
CATKGTGLYNEQFF,TPRVTGGGAM,0
CASSLLYSDSPLHF,TPRVTGGGAM,0
CASTTGVNTIYF,TPRVTGGGAM,0
CAWSTGGWQFF,TPRVTGGGAM,0
CSADSWAGGGYEQYF,TPRVTGGGAM,0
CSVEGVRKTNTGELFF,TPRVTGGGAM,0
CASSYRLHEKLFF,TPRVTGGGAM,0
CSARDPGTNYGYTF,TPRVTGGGAM,0
CASSLDPNTDTQYF,TPRVTGGGAM,0
CSAREIAGRTNEQFF,TPRVTGGGAM,0
CATHERGNTEAFF,TPRVTGGGAM,0
CASSGAGQENNSPLHF,TPRVTGGGAM,0
CASSSRSGHEQFF,TPRVTGGGAM,0
CASSVGTSDTDTQYF,TPRVTGGGAM,0
CSVVLAGGPDTDTQYF,TPRVTGGGAM,0
CASSVVENTEAFF,TPRVTGGGAM,0
CASSLDSNSPLHF,TPRVTGGGAM,0
CASSPGGLEAFF,TPRVTGGGAM,0
CASSEVGLAEDTQYF,TPRVTGGGAM,0
CASSLRGRGADTQYF,TPRVTGGGAM,0
CASSTRTGQETQYF,TPRVTGGGAM,0
CASQTQSSYNEQFF,TPRVTGGGAM,0
CASSIDGGNEQFF,TPRVTGGGAM,0
CASSEGEYSGELFF,TPRVTGGGAM,0
CASSLAGKKDGYTF,TPRVTGGGAM,0
CASSSTGGNTIYF,TPRVTGGGAM,0
CASSLLSTGAAGELFF,TPRVTGGGAM,0
CASRIGNGNTIYF,TPRVTGGGAM,0
CASSFISSYNEQFF,TPRVTGGGAM,0
CASSEWDGYEQYF,TPRVTGGGAM,0
CASSQSPGGYQFF,TPRVTGGGAM,0
CASTPGVAHTDTQYF,TPRVTGGGAM,0
CASSPETGIGGQPQHF,TPRVTGGGAM,0
CASSLMGTSGFTGELFF,TPRVTGGGAM,0
CASRPSGSELIYEQYF,TPRVTGGGAM,0
CASSEVTGAVNSPLHF,TPRVTGGGAM,0
CASSAGTGFEGNSPLHF,TPRVTGGGAM,0
CASSPGLAGANEQFF,TPRVTGGGAM,0
CASSFDIAEFF,TPRVTGGGAM,0
CASSLSIRAGELFF,TPRVTGGGAM,0
CASSDWTGVGGYTF,TPRVTGGGAM,0
CASSFLAGGNYEQYF,TPRVTGGGAM,0
CASSLGLAGIQETQYF,TPRVTGGGAM,0
CASSIAGDEQFF,TPRVTGGGAM,0
CASSQDPSQEGFF,TPRVTGGGAM,0
CASSIVGAHTEAFF,TPRVTGGGAM,0
CASSQDRFGATAFF,TPRVTGGGAM,0
CASSDHPVSPPGEQFF,TPRVTGGGAM,0
CAISAGAEAHEQYF,TPRVTGGGAM,0
CASSLSKGLSSPLHF,TPRVTGGGAM,0
CASSLAPWSGDTEAFF,TPRVTGGGAM,0
CASSPLSGRVTDTQYF,TPRVTGGGAM,0
CASSVEGARFGYTF,TPRVTGGGAM,0
CATQGMNTGELFF,TPRVTGGGAM,0
CASSPWTGTLNTEAFF,TPRVTGGGAM,0
CANQEGTGGSEQYF,TPRVTGGGAM,0
CASSTLLMGTEAFF,TPRVTGGGAM,0
CASSLGLAGVFRNEQFF,TPRVTGGGAM,0
CASSPPRAENTIYF,TPRVTGGGAM,0
CASSPDYLAGGHFNTGELFF,TPRVTGGGAM,0
CASSVEPNTGELFF,TPRVTGGGAM,0
CAVQGMNTGELFF,TPRVTGGGAM,0
CASSEPRLGLVETQYF,TPRVTGGGAM,0
CASGSLTGKDEQFF,TPRVTGGGAM,0
CASSPVVRAEAFF,TPRVTGGGAM,0
CASSSDGGLGTDTQYF,TPRVTGGGAM,0
CASSSPDSVSGGAVYEQYF,TPRVTGGGAM,0
CASSWTSGSYEQYF,TPRVTGGGAM,0
CASSSGSGSPEMGDEQFF,TPRVTGGGAM,0
CATKTGETDTQYF,TPRVTGGGAM,0
CASSLYAGGQPQHF,TPRVTGGGAM,0
CASSEKAIYEQYF,TPRVTGGGAM,0
CAIGLAGANEQFF,TPRVTGGGAM,0
CASSSSSGETQYF,TPRVTGGGAM,0
CASSLGIYYGYTF,TPRVTGGGAM,0
CASSPPAGSYNEQFF,TPRVTGGGAM,0
CAISSGYEQYF,TPRVTGGGAM,0
CASSELAKGQGEQFF,TPRVTGGGAM,0
CASSLAGQNTEAFF,TPRVTGGGAM,0
CASSLGLSGANVLTF,TPRVTGGGAM,0
CASSLPSRQSFSYEQYF,TPRVTGGGAM,0
CASSTLGTEAFF,TPRVTGGGAM,0
CASSGQEPGVLLGEETQYF,TPRVTGGGAM,0
CASSLVQGSAGELFF,TPRVTGGGAM,0
CASRWGQGPSYEQYF,TPRVTGGGAM,0
CASSLEGQLYEQYF,TPRVTGGGAM,0
CASSLDHQAGHEQYF,TPRVTGGGAM,0
CASSSPGSTEAFF,TPRVTGGGAM,0
CASRDTSGGPDTQYF,TPRVTGGGAM,0
CASSVAYYLGENTGELFF,TPRVTGGGAM,0
CASSQDESHYQPQHF,TPRVTGGGAM,0
CASSGMGDEQFF,TPRVTGGGAM,0
CASSLAGQGRQPQHF,TPRVTGGGAM,0
CASSFRAPFDSPLHF,TPRVTGGGAM,0
CASSWGGRNTEAFF,TPRVTGGGAM,0
CASSEYTNTGELFF,TPRVTGGGAM,0
CASSVDAGGELFF,TPRVTGGGAM,0
CATSRTGGRYGYTF,TPRVTGGGAM,0
CASSFNDEQFF,TPRVTGGGAM,0
CASSFEEPQGGLGIYNEQFF,TPRVTGGGAM,0
CASSPRDSKETQYF,TPRVTGGGAM,0
CASSSGQGRFDEQFF,TPRVTGGGAM,0
CASSPLDPTDTQYF,TPRVTGGGAM,0
CASTPGTSAYNEQFF,TPRVTGGGAM,0
CASSQGNQPQHF,TPRVTGGGAM,0
CASSQDSRGDEQFF,TPRVTGGGAM,0
CASSDSGTTNEKLFF,TPRVTGGGAM,0
CASQPVGGDTQYF,TPRVTGGGAM,0
CASRGRQGRWSSGANVLTF,TPRVTGGGAM,0
CSARDPGRNFYDEQFF,TPRVTGGGAM,0
CSAGTGELFF,TPRVTGGGAM,0
CASTVGLAENAYYNEQFF,TPRVTGGGAM,0
CASSIGGGSNQPQHF,TPRVTGGGAM,0
CASSLGRVSTEAFF,TPRVTGGGAM,0
CASSPVSSGLTYEQYF,TPRVTGGGAM,0
CASSQVELQETQYF,TPRVTGGGAM,0
CASSVFSGADTQYF,TPRVTGGGAM,0
CASSFSTGTAGGYTF,TPRVTGGGAM,0
CASSQDRVSEAFF,TPRVTGGGAM,0
CASSLLGGNPTQYF,TPRVTGGGAM,0
CSASPRTGGIPNYGYTF,TPRVTGGGAM,0
CASSLTFTGDLNQPQHF,TPRVTGGGAM,0
CASSLGQGSYEQYF,TPRVTGGGAM,0
CASSLFSGPPYEQYF,TPRVTGGGAM,0
CASSLGDSYTGELFF,TPRVTGGGAM,0
CASSGNSGVPGNEQFF,TPRVTGGGAM,0
CASSHPPGGVDTEAFF,TPRVTGGGAM,0
CSARTDRGGQSEAFF,TPRVTGGGAM,0
CASSPRDRPLEQYF,TPRVTGGGAM,0
CASKLAGQSLYNEQYFF,TPRVTGGGAM,0
CASLPAGLGNQPQHF,TPRVTGGGAM,0
CASSPLSGNEQFF,TPRVTGGGAM,0
CASSFGLLAGGNEQFF,TPRVTGGGAM,0
CASSYPTSGSYNEQFF,TPRVTGGGAM,0
CASRFGQGNHPQHF,TPRVTGGGAM,0
CSARARAGGYEQYF,TPRVTGGGAM,0
CASSIGDTRYNEQFF,TPRVTGGGAM,0
CASSLMGQLNTEAFF,TPRVTGGGAM,0
CASSPIGGLEETQYF,TPRVTGGGAM,0
CSANPSNRPFRTQYF,TPRVTGGGAM,0
CASSANWRGSTDTQYF,TPRVTGGGAM,0
CASSFSSLGEQFF,TPRVTGGGAM,0
CASSLGLAAQETQYF,TPRVTGGGAM,0
CATSGITRELFF,TPRVTGGGAM,0
CASLGGGPYNEQFF,TPRVTGGGAM,0
CASSQDPQVVGYTF,TPRVTGGGAM,0
CASTTAADTQYF,TPRVTGGGAM,0
CASSLILHEQYF,TPRVTGGGAM,0
CASSLSLAGIPDTQYF,TPRVTGGGAM,0
CSARDGGTDTQYF,TPRVTGGGAM,0
CASSPGAAGTEAFF,TPRVTGGGAM,0
CASSQEMREYPYNEQFF,TPRVTGGGAM,0
CASSLGWVWRITGAYEQYF,TPRVTGGGAM,0
CASSAEGSPEAFF,TPRVTGGGAM,0
CSAGGTGIYGSYEQYF,TPRVTGGGAM,0
CASSSREGAYNEQFF,TPRVTGGGAM,0
CASSYSMDSSYEQYF,TPRVTGGGAM,0
CASSPSGPWPQYF,TPRVTGGGAM,0
CASANSVNEQFF,TPRVTGGGAM,0
CASSDGPNYGYTF,TPRVTGGGAM,0
CSARTGRESTYYGYTF,TPRVTGGGAM,0
CASSSDSGTEAFF,TPRVTGGGAM,0
CASSQDVGVFYEQYF,TPRVTGGGAM,0
CATSRGTGFKNIQYF,TPRVTGGGAM,0
CASSTRDSLLETQYF,TPRVTGGGAM,0
CASSSGMRGTEAFF,TPRVTGGGAM,0
CSARGPRGAGDYSNQPQHF,TPRVTGGGAM,0
CASSVTARGPFLLYNSPLHF,TPRVTGGGAM,0
CASSSTGTVSLEKLFF,TPRVTGGGAM,0
CASSLGLTTGELFF,TPRVTGGGAM,0
CASSPDRAEEQFF,TPRVTGGGAM,0
CASSLVGGDIQYF,TPRVTGGGAM,0
CASSDGFPDSTYEQYF,TPRVTGGGAM,0
CASSSDWGLMNTEAFF,TPRVTGGGAM,0
CASSLGRGGRNEQFF,TPRVTGGGAM,0
CASSQVDSSYNEQFF,TPRVTGGGAM,0
CASSLFQATSGGVDTQYF,TPRVTGGGAM,0
CATSRDRSGAGGGYNEQFF,TPRVTGGGAM,0
CASSWGLLSNQPQFRG,TPRVTGGGAM,0
CASSYNSYEQYF,TPRVTGGGAM,0
CASSLTTDTQYF,TPRVTGGGAM,0
CASSTGVYGYTF,TPRVTGGGAM,0
CASSLDQPGGADTQYF,TPRVTGGGAM,0
CASGQGTDTQYF,TPRVTGGGAM,0
CASSIYPGEETQYF,TPRVTGGGAM,0
CASSAQTGASYGYTF,TPRVTGGGAM,0
CSVSEGASEQYF,TPRVTGGGAM,0
CASSGSDQAQHF,TPRVTGGGAM,0
CASSSLGTRSYEQYF,TPRVTGGGAM,0
CASSFRDRGLGEQFF,TPRVTGGGAM,0
CASGQGRMKENTEAFF,TPRVTGGGAM,0
CASSSQGEGEKLFF,TPRVTGGGAM,0
CSARGLAQQETQYF,TPRVTGGGAM,0
CSVSPRGRYNEQFF,TPRVTGGGAM,0
CASSLWGPRTYEQYF,TPRVTGGGAM,0
CSVEVPPGEQFF,TPRVTGGGAM,0
CASSQGETTGELFF,TPRVTGGGAM,0
CASTVGGTEAFF,TPRVTGGGAM,0
CASRTPPSLSSTDTQYF,TPRVTGGGAM,0
CASSLSGATYNEQFF,TPRVTGGGAM,0
CSVEEGSRAQYF,TPRVTGGGAM,0
CASGGYNEQFF,TPRVTGGGAM,0
CASSLGGVDSGANVLTF,TPRVTGGGAM,0
CATFTGNTEAFF,TPRVTGGGAM,0
CASAFGQTSYGYTF,TPRVTGGGAM,0
CASSLEEGDAREAQYF,TPRVTGGGAM,0
CASSQDHRMGGHEKLFF,TPRVTGGGAM,0
CSVSLGPAGPPF,TPRVTGGGAM,0
CASSQDRLTGGYTF,TPRVTGGGAM,0
CASSPGGAGLVNEQYF,TPRVTGGGAM,0
CSARGLSDSTHQPQHF,TPRVTGGGAM,0
CASSSGMGTDTQYF,TPRVTGGGAM,0
CASSLGLAVDEQYF,TPRVTGGGAM,0
CASSIDGPGGISDTQYF,TPRVTGGGAM,0
CASSYGDSYEQYF,TPRVTGGGAM,0
CASSLLGEQYF,TPRVTGGGAM,0
CASSPAVPGTEAFF,TPRVTGGGAM,0
CASETGPDTQYF,TPRVTGGGAM,0
CASSHQARYDLFNEQFF,TPRVTGGGAM,0
CASSPGQAYEQYF,TPRVTGGGAM,0
CSAPDHRESADTQYF,TPRVTGGGAM,0
CASSGITSGEYTIYF,TPRVTGGGAM,0
CASSEGRGYEQYF,TPRVTGGGAM,0
CASSPGGRQGDYNEQFF,TPRVTGGGAM,0
CASIHGPSRDTGELFF,TPRVTGGGAM,0
CATSDLGQGVGNEQFF,TPRVTGGGAM,0
CARRESNIQYF,TPRVTGGGAM,0
CASSFSGLSNTEAFF,TPRVTGGGAM,0
CASSPWGIGGMNTEAFF,TPRVTGGGAM,0
CASSTPRKEWGRAEAFF,TPRVTGGGAM,0
CASSLPGAGGDQPQHF,TPRVTGGGAM,0
CASRPPGADTEAFF,TPRVTGGGAM,0
CSLSGGQHNEQFF,TPRVTGGGAM,0
CASSLGYGGGQPQHF,TPRVTGGGAM,0
CASSTRLSGGTSNEQFF,TPRVTGGGAM,0
CASSLLGSNQPQHF,TPRVTGGGAM,0
CASSFLERGAHNEQFF,TPRVTGGGAM,0
CASSPGTGPYEQYF,TPRVTGGGAM,0
CASSHEGSGCYTF,TPRVTGGGAM,0
CASSSGQGYYNEQFF,TPRVTGGGAM,0
CASSQVGWNQPQHF,TPRVTGGGAM,0
CASSFRTADTEAFF,TPRVTGGGAM,0
CASSYGGTINSPLHF,TPRVTGGGAM,0
CASSLLGQKAFF,TPRVTGGGAM,0
CASSILGGQDSPLHF,TPRVTGGGAM,0
CASSPGQGRGTEAFF,TPRVTGGGAM,0
CATSGAEENTGELFF,TPRVTGGGAM,0
CASGGRNQETQYF,TPRVTGGGAM,0
CASSQDRLTGFYTF,TPRVTGGGAM,0
CASSATTSYNEQFF,TPRVTGGGAM,0
CASSSRDVDRAGANVLTF,TPRVTGGGAM,0
CASSLGSGGTDTQYF,TPRVTGGGAM,0
CASSGAGTGPYEQYF,TPRVTGGGAM,0
CASSTWTGMNTEAFF,TPRVTGGGAM,0
CASSWAGSQPQHF,TPRVTGGGAM,0
CASRNGTGLRDTEAFF,TPRVTGGGAM,0
CASSYGREAFF,TPRVTGGGAM,0
CASSPTGSVAEQYF,TPRVTGGGAM,0
CSARGAGFSGANVLTF,TPRVTGGGAM,0
CASSQQGPEQFF,TPRVTGGGAM,0
CASSLPTEQETQYF,TPRVTGGGAM,0
CASRTGGYEQYF,TPRVTGGGAM,0
CASSLIAGGPEAKNIQYF,TPRVTGGGAM,0
CASSSRDSYEQYF,TPRVTGGGAM,0
CASSDVAGRNTGELFF,TPRVTGGGAM,0
CASSLGAYEQYF,TPRVTGGGAM,0
CASRRTSGNTDTQYF,TPRVTGGGAM,0
CASSLTGETQYF,TPRVTGGGAM,0
CASSYRKSTDGQGLFF,TPRVTGGGAM,0
CASSSVTEAFF,TPRVTGGGAM,0
CASSTRSTVEQYF,TPRVTGGGAM,0
CAIHQGYTEAFF,TPRVTGGGAM,0
CASSTSGETGELFF,TPRVTGGGAM,0
CSVFGGRLYEQYF,TPRVTGGGAM,0
CSVEGTSGGDVTGELFF,TPRVTGGGAM,0
CASSKWDSRNGYTF,TPRVTGGGAM,0
CSARDGTGNGYTF,TPRVTGGGAM,0
CAMSAMGAQKLVF,TPRVTGGGAM,0
CASSQDSGRLSGNTVYF,TPRVTGGGAM,0
CSAFPKGTHTF,TPRVTGGGAM,0
CAVIQINDYKLSF,TPRVTGGGAM,0
CAARRGARLMF,TPRVTGGGAM,0
CASSQGQGNTEAFF,TPRVTGGGAM,0
CAWSVPGTYSYEQYF,TPRVTGGGAM,0
CASSPGPETGELFF,TPRVTGGGAM,0
CASSEGEAPLF,TPRVTGGGAM,0
CASSPVGGGYNEQFF,TPRVTGGGAM,0
CASSLTPSGSTYEQYF,TPRVTGGGAM,0
CASSFSRARRETQYF,TPRVTGGGAM,0
CASAGTSGYEQYF,TPRVTGGGAM,0
CASSLGVAGTNTGELFF,TPRVTGGGAM,0
CASSEALRQKNTQYF,TPRVTGGGAM,0
CAVSLSGGYNKLIF,TPRVTGGGAM,0
CATSTGAYGYTF,TPRVTGGGAM,0
CAGQLRGGSEKLVF,TPRVTGGGAM,0
CASSRVFTTNEKLFF,TPRVTGGGAM,0
CSVGGGNLYEQYF,TPRVTGGGAM,0
CASSMKGFGNQPQHF,TPRVTGGGAM,0
CAAIEGAGANNLFF,TPRVTGGGAM,0
CASSRLGTSAETLYF,TPRVTGGGAM,0
CAVRTRNSGNTPLVF,TPRVTGGGAM,0
CASSQGTTNQETQYF,TPRVTGGGAM,0
CAVFTFNAGGTSYGKLTF,TPRVTGGGAM,0
CASSSDIEAFF,TPRVTGGGAM,0
CSALYRDGWNTGELFF,TPRVTGGGAM,0
CAMRGGDDKIIF,TPRVTGGGAM,0
CASSLGPASYEQYF,TPRVTGGGAM,0
CAVSSGYSTLTF,TPRVTGGGAM,0
CAVSDNYAQGLTF,TPRVTGGGAM,0
CSARVEFGTSGQLSSYNEQFF,TPRVTGGGAM,0
CIVIETSGSRLTF,TPRVTGGGAM,0
CAYSVNAGGTSYGKLTF,TPRVTGGGAM,0
CATTAFDTSYGYTF,TPRVTGGGAM,0
CASSLGGGGYNEQFF,TPRVTGGGAM,0
CALRETSYDKVIF,TPRVTGGGAM,0
CASRKGAPGINEQFF,TPRVTGGGAM,0
CASRSKTGSKQPQHF,TPRVTGGGAM,0
CASSIGTGNTEAFF,TPRVTGGGAM,0
CASSIGTANNSPLHF,TPRVTGGGAM,0
CASSHGPDSPLHF,TPRVTGGGAM,0
CASSLNPVNTEAFF,TPRVTGGGAM,0
CASGYRDRGLIEQFF,TPRVTGGGAM,0
CASSQTGLVLGGQETQYF,TPRVTGGGAM,0
CASSVGGSGYEQYF,TPRVTGGGAM,0
CASSIESGQLWELFF,TPRVTGGGAM,0
CSATKGHYNSPLHF,TPRVTGGGAM,0
CASGIIAGGYNEQFF,TPRVTGGGAM,0
CAVTSPPRGWELPTHF,TPRVTGGGAM,0
CASSLRSTDTQYF,TPRVTGGGAM,0
CATKRGAFDYGYTF,TPRVTGGGAM,0
CASSQGTLGNTGELFF,TPRVTGGGAM,0
CAASSTTGNQFYF,TPRVTGGGAM,0
CASSQAERKETQYF,TPRVTGGGAM,0
CASSITGGAPLAGELFF,TPRVTGGGAM,0
CALSDGGTGSKLSF,TPRVTGGGAM,0
CASGSSGQGEYGELFF,TPRVTGGGAM,0
CAEKASGTYKYIF,TPRVTGGGAM,0
CSARDAPSRETQYF,TPRVTGGGAM,0
CAYRSLSGKPTAMNSGGSNYKLTF,TPRVTGGGAM,0
CASTRGGSSYNEQFF,TPRVTGGGAM,0
CAVSSNYAQGLTF,TPRVTGGGAM,0
CAASAFGGGADGLTF,TPRVTGGGAM,0
CALDSTYSSASKIIF,TPRVTGGGAM,0
CALSGGDSSYKLIF,TPRVTGGGAM,0
CASSSVAGGFFSYEQYF,TPRVTGGGAM,0
CASSQGTGQETQYF,TPRVTGGGAM,0
CASSTLASYEQYF,TPRVTGGGAM,0
CASSPQPGILSYEQYF,TPRVTGGGAM,0
CAGLNTGTASKLTF,TPRVTGGGAM,0
CASSISGLNTDTQYF,TPRVTGGGAM,0
CALSAFSGSRLTF,TPRVTGGGAM,0
CAVNPSGTYKYIF,TPRVTGGGAM,0
CASSGGSNTGQLYF,TPRVTGGGAM,0
CASRRRGGNSPLHF,TPRVTGGGAM,0
CATQDQNTGELFF,TPRVTGGGAM,0
CAVKAGYALNF,TPRVTGGGAM,0
CASSQGGDGYGYTF,TPRVTGGGAM,0
CAMRLINAGGTSYGKLTF,TPRVTGGGAM,0
CAFWAGGTSYGKLTF,TPRVTGGGAM,0
CAVEYGNKLVF,TPRVTGGGAM,0
CASSIRSSNEQYF,TPRVTGGGAM,0
CATLFGNEKLTF,TPRVTGGGAM,0
CASSVGGGDYEQYF,TPRVTGGGAM,0
CASSPRPGLADNEQFF,TPRVTGGGAM,0
CASSLGTGAQETQYF,TPRVTGGGAM,0
CAYRSNYKLTF,TPRVTGGGAM,0
CASSPVTTYTF,TPRVTGGGAM,0
CASSIGGWRAEATNEKLFF,TPRVTGGGAM,0
CALIGVGRDDKIIF,TPRVTGGGAM,0
CAISPSRSKNIQYF,TPRVTGGGAM,0
CASSRPGQENTEAFF,TPRVTGGGAM,0
CATDSGTYKYIF,TPRVTGGGAM,0
CSAPGIGLTEAFF,TPRVTGGGAM,0
CAVSDYIIQGAQKLVF,TPRVTGGGAM,0
CASSPLAGVSDTQYF,TPRVTGGGAM,0
CASSRGGAYNEQFF,TPRVTGGGAM,0
CASSPGQGNEQFF,TPRVTGGGAM,0
CASSEALRQTDPQYF,TPRVTGGGAM,0
CAVWDNQGGKLIF,TPRVTGGGAM,0
CSARGPRGAGDYSNQPQHF,TPRVTGGGAM,0
CASSIDHGGRDGYTF,TPRVTGGGAM,0
CAGAGGGSQGNLIF,TPRVTGGGAM,0
CALSEDYDYKLSF,TPRVTGGGAM,0
CASSRRQLTNTEAFF,TPRVTGGGAM,0
CASSIRSAYEQYF,TPRVTGGGAM,0
CAVREGQNFVF,TPRVTGGGAM,0
CASSPGTGGYNYAEQFF,TPRVTGGGAM,0
CSARDLNTEAFF,TPRVTGGGAM,0
CVVNSDTGRRALTF,TPRVTGGGAM,0
CAGTYGGSQGNLIF,TPRVTGGGAM,0
CASSHDRVSNQPQYF,TPRVTGGGAM,0
CASSSISGNTIYF,TPRVTGGGAM,0
CSVPGGETETQYF,TPRVTGGGAM,0
CASSLTGPDGYGYTF,TPRVTGGGAM,0
CASSFNGGGTDTQYF,TPRVTGGGAM,0
CASSQDRGNTLYF,TPRVTGGGAM,0
CAAGSSGNQPQHF,TPRVTGGGAM,0
CASSIRGSETQYF,TPRVTGGGAM,0
CALSEPHGSSNTGKLIF,TPRVTGGGAM,0
CASSEIAGGTDTQYF,TPRVTGGGAM,0
CASGGTGPWNEQFF,TPRVTGGGAM,0
CASSTGGDRAGYNEQFF,TPRVTGGGAM,0
CASSHITGGWVRTYDYTF,TPRVTGGGAM,0
CASSLGFTDTQYF,TPRVTGGGAM,0
CASSQDLRGYTEAFF,TPRVTGGGAM,0
CAISGDGGETQYF,TPRVTGGGAM,0
CAVDWTLTNTGNQFYF,TPRVTGGGAM,0
CASSSRSAYEQYF,TPRVTGGGAM,0
CAALAWRAYNNNDMRF,TPRVTGGGAM,0
CSVEGPLAGEADTQYF,TPRVTGGGAM,0
CASSQDRDSPQETQYF,TPRVTGGGAM,0
CAESRSSYIPTF,TPRVTGGGAM,0
CAGSQDRLTGGYTF,TPRVTGGGAM,0
CASSTGGGTEAFF,TPRVTGGGAM,0
CATQGLNTGELFF,TPRVTGGGAM,0
CALKRSSGYALNF,TPRVTGGGAM,0
CASSLAATHTEAFF,TPRVTGGGAM,0
CSAEWLGEQFF,TPRVTGGGAM,0
CAVRDSDYKLSF,TPRVTGGGAM,0
CAIGPGNMLTF,TPRVTGGGAM,0
CASSIGGGDEQFF,TPRVTGGGAM,0
CVVVHSGSARQLTF,TPRVTGGGAM,0
CASSYLQDFTDTQYF,TPRVTGGGAM,0
CAAWQDQTGANNLFF,TPRVTGGGAM,0
CAVRDRENQGGKLIF,TPRVTGGGAM,0
CASTRDRPTLGYTF,TPRVTGGGAM,0
CASSSVVAGNSPLHF,TPRVTGGGAM,0
CASSQETQYF,TPRVTGGGAM,0
CASSQLARGTDTQYF,TPRVTGGGAM,0
CAESRYSGGGADGLTF,TPRVTGGGAM,0
CASMRGDNEQFF,TPRVTGGGAM,0
CSATDRASGIEQYF,TPRVTGGGAM,0
CASSLASGGGAAFF,TPRVTGGGAM,0
CAARITGEKLFF,TPRVTGGGAM,0
CASRTRGRDQPQHF,TPRVTGGGAM,0
CAWRGGGGADGLTF,TPRVTGGGAM,0
CAVKFGQKLLF,TPRVTGGGAM,0
CVVNTGNQFYF,TPRVTGGGAM,0
CAASLSRQLTF,TPRVTGGGAM,0
CAGFHSGTYKYIF,TPRVTGGGAM,0
CAMREGHTGGNNKLTF,TPRVTGGGAM,0
CALSGASGTYKYIF,TPRVTGGGAM,0
CASSSVNEQFF,TPRVTGGGAM,0
CASHGGGTEAFF,TPRVTGGGAM,0
CAVSGNYAQGLTF,TPRVTGGGAM,0
CALVIYGSSGNKLIF,TPRVTGGGAM,0
CASGLEGQGAGEQFF,TPRVTGGGAM,0
CVVNIDNARLMF,TPRVTGGGAM,0
CAISETTSGRDEQFF,TPRVTGGGAM,0
CASKDGISYEQYF,TPRVTGGGAM,0
CAVSELNAGGTSYGKLTF,TPRVTGGGAM,0
CASSQSQGGLSQNTQYF,TPRVTGGGAM,0
CASSIRSSHNEQFF,TPRVTGGGAM,0
CASSFLDSAETLYF,TPRVTGGGAM,0
CASSIISVGEQFF,TPRVTGGGAM,0
CASSLGWGTEAFF,TPRVTGGGAM,0
CAFMKGAGGTSYGKLTF,TPRVTGGGAM,0
CASSFYPITRGGKTGELFF,TPRVTGGGAM,0
CAETQDSNYQLIW,TPRVTGGGAM,0
CAVSSTDKLIF,TPRVTGGGAM,0
CAVRSCNGGSQGNLIF,TPRVTGGGAM,0
CVVNKKNSGYALNF,TPRVTGGGAM,0
CASSWEGRLGTEAFF,TPRVTGGGAM,0
CAETPGGTYKYIF,TPRVTGGGAM,0
CATGPNRDDKIIF,TPRVTGGGAM,0
CASSEGGFTFYNEQFF,TPRVTGGGAM,0
CASSLPGNEQFF,TPRVTGGGAM,0
CSVEDFRAEAFF,TPRVTGGGAM,0
CASSPEAGALFNEQFF,TPRVTGGGAM,0
CASSLSQGARAEQFF,TPRVTGGGAM,0
CASSFSGNTGELFF,TPRVTGGGAM,0
CASSLRASPRTEAFF,TPRVTGGGAM,0
CAGGGSGNTGKLIF,TPRVTGGGAM,0
CASTLTGLGQPQHF,TPRVTGGGAM,0
CALSEAVHYGGSQGNLIF,TPRVTGGGAM,0
CASSQDRGFNYGYTF,TPRVTGGGAM,0
CASSLYGDYEQYF,TPRVTGGGAM,0
CASGLVQYEQYF,TPRVTGGGAM,0
CAFMKDAGGTSYGKLTF,TPRVTGGGAM,0
CASGAKQPQHF,TPRVTGGGAM,0
CASSPLDTKQQFF,TPRVTGGGAM,0
CAENSHPRGGGSQGNLIF,TPRVTGGGAM,0
CASSADKLYGYTF,TPRVTGGGAM,0
CASSPATADGYTF,TPRVTGGGAM,0
CAASETSYDKVIF,TPRVTGGGAM,0
CAAKTSYDKVIF,TPRVTGGGAM,0
CASSQEYRATTDTQYF,TPRVTGGGAM,0
CASSIDTGGTSYEQYF,TPRVTGGGAM,0
CASSVRGNEQFF,TPRVTGGGAM,0
CASSVEGNEQFF,TPRVTGGGAM,0
CVVSDWSGGGADGLTF,TPRVTGGGAM,0
CAASPLPNNRLAF,TPRVTGGGAM,0
CAVSVQGAQKLVF,TPRVTGGGAM,0
CGTESYNFNKFYF,TPRVTGGGAM,0
CASSYDSNYGYTF,TPRVTGGGAM,0
CASSRRASGGTTPHYF,TPRVTGGGAM,0
CASSFHNQETQYF,TPRVTGGGAM,0
CASSDKFAGNPQPQHF,TPRVTGGGAM,0
CIVRVAGNSGNTPLVF,TPRVTGGGAM,0
CASSRPSSGNTIYF,TPRVTGGGAM,0
CAVRDIENDYKLSF,TPRVTGGGAM,0
CASGRLYRGTEAFF,TPRVTGGGAM,0
CALSGATGGFKTIF,TPRVTGGGAM,0
CAASRAGSWQLIF,TPRVTGGGAM,0
CAISETTRGDSPLHF,TPRVTGGGAM,0
CAVGEGSQGNLIF,TPRVTGGGAM,0
CASSRASRQGSTDTQYF,TPRVTGGGAM,0
CAVELAFTGGGNKLTF,TPRVTGGGAM,0
CAYGGSQGNLIF,TPRVTGGGAM,0
CALSDPGYSSASKIIF,TPRVTGGGAM,0
CAISGPNYGYTF,TPRVTGGGAM,0
CGADSASGTYKYIF,TPRVTGGGAM,0
CAGAVGSSNTGKLIF,TPRVTGGGAM,0
CASSLRGRGEKLFF,TPRVTGGGAM,0
CAVRDSNYQLIW,TPRVTGGGAM,0
CAESIWGNNARLMF,TPRVTGGGAM,0
CASSLGGEVSGQGNQPQHF,TPRVTGGGAM,0
CASSDSAGELFF,TPRVTGGGAM,0
CSAERTGTSGSNEQFF,TPRVTGGGAM,0
CAEMNDMRF,TPRVTGGGAM,0
CSVGSGDHGEQFF,TPRVTGGGAM,0
CAMKDYGQNFVF,TPRVTGGGAM,0
CASSIPTGGADTQYF,TPRVTGGGAM,0
CASSQSPGGIIQYF,TPRVTGGGAM,0
CSASLGGEQFF,TPRVTGGGAM,0
CASSSWTANQETQYF,TPRVTGGGAM,0
CASSDRRAGANVLTF,TPRVTGGGAM,0
CALSEAGSNAGNMLTF,TPRVTGGGAM,0
CAIIFGNEKLTF,TPRVTGGGAM,0
CGARDGGAPEQYF,TPRVTGGGAM,0
CAVSRGSTLGRLYF,TPRVTGGGAM,0
CSVEDFYNEQFF,TPRVTGGGAM,0
CASSQGSYGYTF,TPRVTGGGAM,0
CASSLEGTATDTQYF,TPRVTGGGAM,0
CVVSDRAGGYQKVTF,TPRVTGGGAM,0
CASSPLVGSYNEQFF,TPRVTGGGAM,0
CASSIRSSYEQYF,TPRVTGGGAM,0
CSARVGVGNTIYF,TPRVTGGGAM,0
CASSLRDGSEAFF,TPRVTGGGAM,0
CASSHNTEYNSPLHF,TPRVTGGGAM,0
CSARDRDRSLATEAFF,TPRVTGGGAM,0
CAVKGGTNAYKVIF,TPRVTGGGAM,0
CASSLGGELFF,TPRVTGGGAM,0
CASSSPGLGDQNTLYF,TPRVTGGGAM,0
CASSPGTGSTEAFF,TPRVTGGGAM,0
CATSPGGGRDLYEQYF,TPRVTGGGAM,0
CASSSPKGAKYEQYF,TPRVTGGGAM,0
CLVGEGNQGGKLIF,TPRVTGGGAM,0
CATSDPSGTGVETQYF,TPRVTGGGAM,0
CASSQVPDRGREQYF,TPRVTGGGAM,0
CALSGGGSNYKLTF,TPRVTGGGAM,0
CASSLGLNEQFF,TPRVTGGGAM,0
CASSGGGNTGQLYF,TPRVTGGGAM,0
CASSIDRGIYNEQFF,TPRVTGGGAM,0
CASSQTYEQYF,TPRVTGGGAM,0
CASSLQRMNTEAFF,TPRVTGGGAM,0
CASSAGQGGYEQYF,TPRVTGGGAM,0
CSAETGNTEAFF,TPRVTGGGAM,0
CASSEDPWGSYNEQFF,TPRVTGGGAM,0
CASSQLEDGHSYEQYF,TPRVTGGGAM,0
CASRALRGDNEQFF,TPRVTGGGAM,0
CASSYRSGAGELFF,TPRVTGGGAM,0
CASNPLLGAGGTYNEQFF,TPRVTGGGAM,0
CASSSGGREAFF,TPRVTGGGAM,0
CASSDPSGFVNEAFF,TPRVTGGGAM,0
CASSLTRGTNEKLFF,TPRVTGGGAM,0
CASSFFSQLTDTQYF,TPRVTGGGAM,0
CASSYNRGPSQPQHF,TPRVTGGGAM,0
CASRPSPGVFNEQFF,TPRVTGGGAM,0
CASSFTGTQYF,TPRVTGGGAM,0
CASSTTGGSTEAFF,TPRVTGGGAM,0
CAMREVAYGNNRLAF,TPRVTGGGAM,0
CAFLGGSYIPTF,TPRVTGGGAM,0
CASSAPTGELFF,TPRVTGGGAM,0
CAMKSTNAGKSTF,TPRVTGGGAM,0
CAGPTGFQKLVF,TPRVTGGGAM,0
CASSPEFEVWADTQYF,TPRVTGGGAM,0
CSVGPPEAFF,TPRVTGGGAM,0
CAESEGPTYTDKLIF,TPRVTGGGAM,0
CASSPHRNTEAFF,TPRVTGGGAM,0
CASSSRSGYEQYF,TPRVTGGGAM,0
CAASLANAGGTSYGKLTF,TPRVTGGGAM,0
CAWSGDSFEQYF,TPRVTGGGAM,0
CAISKAVFFSYNEQFF,TPRVTGGGAM,0
CASSEQGPTTYYEQYF,TPRVTGGGAM,0
CAWRRVKAAGNKLTF,TPRVTGGGAM,0
CATDDYDRGSTLGRLYF,TPRVTGGGAM,0
CAFMPPYNTDKLIF,TPRVTGGGAM,0
CAESEEGYSTLTF,TPRVTGGGAM,0
CASSIRSTDTQYF,TPRVTGGGAM,0
CAMREMYSGGGADGLTF,TPRVTGGGAM,0
CAVNVAGKSTF,TPRVTGGGAM,0
CASSLETGKWGEQYF,TPRVTGGGAM,0
CSARGWVSNNQETQYF,TPRVTGGGAM,0
CASSGQNTEAFF,TPRVTGGGAM,0
CASSLLSGTSYEQYF,TPRVTGGGAM,0
CASSSIKGAFF,TPRVTGGGAM,0
CASSGPGGVDEQYF,TPRVTGGGAM,0
CASSDPDRIKNIQYF,TPRVTGGGAM,0
CSARDGSYRTSGLNEQFF,TPRVTGGGAM,0
CASSLAGGTGELFF,TPRVTGGGAM,0
CARNTGNQFYF,TPRVTGGGAM,0
CASSRDRVNTEVFF,TPRVTGGGAM,0
CASAGGNQPQHF,TPRVTGGGAM,0
CAVSGQGGKLIF,TPRVTGGGAM,0
CASSLDVNEQFF,TPRVTGGGAM,0
CAENKGGGSQGNLIF,TPRVTGGGAM,0
CASTVGDRAYQETQYF,TPRVTGGGAM,0
CASSLRPTEAFF,TPRVTGGGAM,0
CASISSNQPQHF,TPRVTGGGAM,0
CASSPGGVSYGYTF,TPRVTGGGAM,0
CASSLYVNNGYTF,TPRVTGGGAM,0
CAGQSNQFYF,TPRVTGGGAM,0
CASTPRDREYDTGELFF,TPRVTGGGAM,0
CASSDRDRDPGNTLYF,TPRVTGGGAM,0
CLVVGTDKLIF,TPRVTGGGAM,0
CASSTRRTDTQYF,TPRVTGGGAM,0
CAASRYGSSGNKLIF,TPRVTGGGAM,0
CASSLSLSGRGVEQFF,TPRVTGGGAM,0
CASSLSGQPQHF,TPRVTGGGAM,0
CAISEWAGRHTEAFF,TPRVTGGGAM,0
CVVSSDSNYQLIW,TPRVTGGGAM,0
CATSDGQGGYNEQFF,TPRVTGGGAM,0
CASGAGGLNEQFF,TPRVTGGGAM,0
CASGSEAFF,TPRVTGGGAM,0
CASSEARQAQNTQYF,TPRVTGGGAM,0
CASSLVPGPNGDYGYTF,TPRVTGGGAM,0
CLVGASGAGSYQLTF,TPRVTGGGAM,0
CAWSEILNTEAFF,TPRVTGGGAM,0
CASKAGTGEYEQYF,TPRVTGGGAM,0
CAARTGNQFYF,TPRVTGGGAM,0
CAAGSANTGNQFYF,TPRVTGGGAM,0
CASSQDIEAFF,TPRVTGGGAM,0
CASSLTSGNEQFF,TPRVTGGGAM,0
CLVGDIPPMKLIF,TPRVTGGGAM,0
CASSLVAVADNEQFF,TPRVTGGGAM,0
CAVRNDYKLSF,TPRVTGGGAM,0
CASSQRRTGPSSTDTQYF,TPRVTGGGAM,0
CASTVGTGEAFF,TPRVTGGGAM,0
CASLRQNSGEQFF,TPRVTGGGAM,0
CATVDNSGGSNYKLTF,TPRVTGGGAM,0
CASRRGTSGTGELFF,TPRVTGGGAM,0
CAASDDGGATNKLIF,TPRVTGGGAM,0
CASSDSYGYTF,TPRVTGGGAM,0
CATSDSSYSGNTIYF,TPRVTGGGAM,0
CASSRGPGQGEETQYF,TPRVTGGGAM,0
CASSSPDSAETLYF,TPRVTGGGAM,0
CAEKPGSGYALNF,TPRVTGGGAM,0
CASSDGTASTDTQYF,TPRVTGGGAM,0
CAVRDGGMGSNTGKLIF,TPRVTGGGAM,0
CGAESNTGNQFYF,TPRVTGGGAM,0
CASSQVGQNLYEQYF,TPRVTGGGAM,0
CATSRTGAHEQYF,TPRVTGGGAM,0
CAPYSGNTPLVF,TPRVTGGGAM,0
CAWSVWDRGYEQYF,TPRVTGGGAM,0
CAAWGKLQF,TPRVTGGGAM,0
CAVPSNRDDKIIF,TPRVTGGGAM,0
CASSEAPDGNQPQHF,TPRVTGGGAM,0
CASSLRNTEAFF,TPRVTGGGAM,0
CASSQVEGPGNQPQHF,TPRVTGGGAM,0
CASSLLTGPNYGYTF,TPRVTGGGAM,0
CAVSGGSNAKLTF,TPRVTGGGAM,0
CAVVGAAGANNLFF,TPRVTGGGAM,0
CGARDGGDSAETLYF,TPRVTGGGAM,0
CAGGDTNTGELFF,TPRVTGGGAM,0
CATGTQVVGQLTF,TPRVTGGGAM,0
CASSFYNEQFF,TPRVTGGGAM,0
CALDNAGNMLTF,TPRVTGGGAM,0
CASRLNPTNEKLFF,TPRVTGGGAM,0
CAASVDDTDKLIF,TPRVTGGGAM,0
CASSPTYNEQFF,TPRVTGGGAM,0
CASSGLAGGPYF,TPRVTGGGAM,0
CASTLGSGSSYEQYF,TPRVTGGGAM,0
CASSVAGRGQETQYF,TPRVTGGGAM,0
CAMRGPFSSNTGKLIF,TPRVTGGGAM,0
CAYRSSYRDDKIIF,TPRVTGGGAM,0
CAVDRDDKIIF,TPRVTGGGAM,0
CASSLGQAYEQYF,TPRVTGGGAM,0
CVVSASNSGYALNF,TPRVTGGGAM,0
CASTPVTGVATQYF,TPRVTGGGAM,0
CASSQAAGDNEKLFF,TPRVTGGGAM,0
CLVGDSWGKLQF,TPRVTGGGAM,0
CAYMWGGTSYGKLTF,TPRVTGGGAM,0
CASSLVGLPSSYNSPLHF,TPRVTGGGAM,0
CASSPPLGLHTGELFF,TPRVTGGGAM,0
CASSLTGQGAYGYTF,TPRVTGGGAM,0
CASSLQTSGRHEQYF,TPRVTGGGAM,0
CASSQIAGVGSVPGTDTQYF,TPRVTGGGAM,0
CASSTGGGETYEQYF,TPRVTGGGAM,0
CAASGGTTASLGKLQF,TPRVTGGGAM,0
CAVLDSSYKLIF,TPRVTGGGAM,0
CATREEVGGGSPLHF,TPRVTGGGAM,0
CASSDWGGADAEQFF,TPRVTGGGAM,0
CATSRERGIGSNQPQHF,TPRVTGGGAM,0
CASSVGNEQFF,TPRVTGGGAM,0
CAVGFPDNTDKLIF,TPRVTGGGAM,0
CASRGTDSAETLYF,TPRVTGGGAM,0
CASTQQGSYGYTF,TPRVTGGGAM,0
CASSNRRYNEQFF,TPRVTGGGAM,0
CASSQSPGGYQFF,TPRVTGGGAM,0
CASSLRQTYEQYF,TPRVTGGGAM,0
CASIPAGGPGDTQYF,TPRVTGGGAM,0
CASSPPGVREQFF,TPRVTGGGAM,0
CASSPGTTYEQYF,TPRVTGGGAM,0
CAGDGGGGDKLIF,TPRVTGGGAM,0
CASSPWGVIAKNIQYF,TPRVTGGGAM,0
CAETPYNNNDMRF,TPRVTGGGAM,0
CAVRPSMDSSYKLIF,TPRVTGGGAM,0
CASSYAGNSNQPQYF,TPRVTGGGAM,0
CVVGLDNYGQNFVF,TPRVTGGGAM,0
CAPPPRTGNQFYF,TPRVTGGGAM,0
CASSEGRVLPGELFF,TPRVTGGGAM,0
CALDMGGGSQGNLIF,TPRVTGGGAM,0
CGAREAGAQDTQYF,TPRVTGGGAM,0
CASSQEQASNEQFF,TPRVTGGGAM,0
CASTVFQGGGQPQHF,TPRVTGGGAM,0
CVVFMDTGRRALTF,TPRVTGGGAM,0
CALSGTNTNKVVF,TPRVTGGGAM,0
CASSLDSTGGIGELFF,TPRVTGGGAM,0
CASSAGTPLYYGYTF,TPRVTGGGAM,0
CASSQGVGLAGAPSTDTQYF,TPRVTGGGAM,0
CAVDSGGGADGLTF,TPRVTGGGAM,0
CAASDNQAGTALIF,TPRVTGGGAM,0
CASSQFVLGDQDLNEQFF,TPRVTGGGAM,0
CAGVSSNDYKLSF,TPRVTGGGAM,0
CASSLWRWGQNIQYF,TPRVTGGGAM,0
CAAVLDTGRRALTF,TPRVTGGGAM,0
CASSIAWQPQHF,TPRVTGGGAM,0
CASRPGPVKNTGELFF,TPRVTGGGAM,0
CASSLQGWEPQHF,TPRVTGGGAM,0
CATSEENTGELFF,TPRVTGGGAM,0
CAMREDAGGTSYGKLTF,TPRVTGGGAM,0
CSASLGFEETQYF,TPRVTGGGAM,0
CASSPRTGELFF,TPRVTGGGAM,0
CASSLGMGQPQHF,TPRVTGGGAM,0
CASSLYFSGRAYNEQFF,TPRVTGGGAM,0
CASSLERKAGELFF,TPRVTGGGAM,0
CASSYVGGPGDTQYF,TPRVTGGGAM,0
CAVIRTYGQNFVF,TPRVTGGGAM,0
CVVKNRDDKIIF,TPRVTGGGAM,0
CASSEWGPGSDYTF,TPRVTGGGAM,0
CASSFSKNAEAFF,TPRVTGGGAM,0
CASSLISGHHLMNTEAFF,TPRVTGGGAM,0
CASNDPPGATNNEQFF,TPRVTGGGAM,0
CATDDEPYNTDKLIF,TPRVTGGGAM,0
CASSEATGYEQYF,TPRVTGGGAM,0
CAVQAVFLYSGGGADGLTF,TPRVTGGGAM,0
CASSTGTVYNEQFF,TPRVTGGGAM,0
CAGGGSQGNLIF,TPRVTGGGAM,0
CASSFGLAGLGDEQFF,TPRVTGGGAM,0
CASSESLRAADEQFF,TPRVTGGGAM,0
CASSPRRYNEQFF,TPRVTGGGAM,0
CAGAGDGGSQGNLIF,TPRVTGGGAM,0
CAENMWETSGSRLTF,TPRVTGGGAM,0
CASRGLLSNEQYF,TPRVTGGGAM,0
CALMVYGGSQGNLIF,TPRVTGGGAM,0
CASSSWGTANTEAFF,TPRVTGGGAM,0
CAASKGSNNRIFF,TPRVTGGGAM,0
CLLPGSQGNLIF,TPRVTGGGAM,0
CASSSGGLSSGNTIYF,TPRVTGGGAM,0
CASRQQGGTEAFF,TPRVTGGGAM,0
CAAPGGGGSQGNLIF,TPRVTGGGAM,0
CARGETSYDKVIF,TPRVTGGGAM,0
CASSDVSGNTIYF,TPRVTGGGAM,0
CASTQGSTGAAFF,TPRVTGGGAM,0
CATSDEVAGGRHHEQFF,TPRVTGGGAM,0
CALSEANFGNEKLTF,TPRVTGGGAM,0
CALSEATNAGKSTF,TPRVTGGGAM,0
CASSLTGGDTQYF,TPRVTGGGAM,0
CASSWGQGSTDTQYF,TPRVTGGGAM,0
CASSQPDSNQPQHF,TPRVTGGGAM,0
CAPTQGGSEKLVF,TPRVTGGGAM,0
CAVSYNYAQGLTF,TPRVTGGGAM,0
CAVSETTDKLIF,TPRVTGGGAM,0
CAGAGNYGGATNKLIF,TPRVTGGGAM,0
CATALGDSYEQYF,TPRVTGGGAM,0
CASSMLALDTQYF,TPRVTGGGAM,0
CASSQDGTGTLRQQYF,TPRVTGGGAM,0
CASSLIWREAMETQYF,TPRVTGGGAM,0
CSARQYRTDMNTEAFF,TPRVTGGGAM,0
CASSEALRGENEQFF,TPRVTGGGAM,0
CASSQDPSRTYEQYF,TPRVTGGGAM,0
CASSIYSGVWNEQFF,TPRVTGGGAM,0
CASNVVEGAEQYF,TPRVTGGGAM,0
CASSANSGGYEQYF,TPRVTGGGAM,0
CASSTIVGENTEAFF,TPRVTGGGAM,0
CSVANTPFPADTQYF,TPRVTGGGAM,0
CALSVWGLNYGYTF,TPRVTGGGAM,0
CASSETPGALNIQYF,TPRVTGGGAM,0
CAMTFDAGGFKTIF,TPRVTGGGAM,0
CAIITGGGNKLTF,TPRVTGGGAM,0
CAFPINHSGGSNYKLTF,TPRVTGGGAM,0
CALSEKNYGQNFVF,TPRVTGGGAM,0
CASSRDRFSQNTQYF,TPRVTGGGAM,0
CAGNSGNTGKLIF,TPRVTGGGAM,0
CASSLGRNTLRNYGYTF,TPRVTGGGAM,0
CAVSQKLYGRF,TPRVTGGGAM,0
CAVRGGDYKLSF,TPRVTGGGAM,0
CLVGTSGNTPLVF,TPRVTGGGAM,0
CAGRASTGSGNTIYF,TPRVTGGGAM,0
CASSSMGGAAETLYF,TPRVTGGGAM,0
CILRDRYGGGGGGTSYGKLTF,TPRVTGGGAM,0
CAVGLYNFNKFYF,TPRVTGGGAM,0
CAVNAPGGYQKVTF,TPRVTGGGAM,0
CAANTGNQFYF,TPRVTGGGAM,0
CALTGVQGAQKLVF,TPRVTGGGAM,0
CASSLGAGVQETQYF,TPRVTGGGAM,0
CASSPDSHSNQPQHF,TPRVTGGGAM,0
CASSIFGGSAYNEQFF,TPRVTGGGAM,0
CASSQDHRMGGQEKLFF,TPRVTGGGAM,0
CAFMNPRGTGNQFYF,TPRVTGGGAM,0
CASSVDARGQDALNYGYTF,TPRVTGGGAM,0
CASRYGLYNEQFF,TPRVTGGGAM,0
CASSFGRRDGRLYEQYF,TPRVTGGGAM,0
CASSVAGGPAVTDTQYF,TPRVTGGGAM,0
CASSPTGAGNQPQHF,TPRVTGGGAM,0
CAVTDSWGKLQF,TPRVTGGGAM,0
CASSDWGQDTQYF,TPRVTGGGAM,0
CAVNRYSTLTF,TPRVTGGGAM,0
CAFPSGTYKYIF,TPRVTGGGAM,0
CATSGTEGTDTQYF,TPRVTGGGAM,0
CAASFVERSNYKLTF,TPRVTGGGAM,0
CASSDWGRTEVFF,TPRVTGGGAM,0
CAEKIAGGKSTF,TPRVTGGGAM,0
CAMKPSGFQKLVF,TPRVTGGGAM,0
CASSNGGAGQLYF,TPRVTGGGAM,0
CAHYYGNNRLAF,TPRVTGGGAM,0
CASSEGTGGLGYGYTF,TPRVTGGGAM,0
CASRETYEQYF,TPRVTGGGAM,0
CAVHTSGTYKYIF,TPRVTGGGAM,0
CASSSLDVAGYEQYF,TPRVTGGGAM,0
CASSHRSGTEAFF,TPRVTGGGAM,0
CASSDHSGRSGNEKLFF,TPRVTGGGAM,0
CASSSRGEVRTDTQYF,TPRVTGGGAM,0
CASSPGLTDTQYF,TPRVTGGGAM,0
CASSDGHPVKGDTQYF,TPRVTGGGAM,0
CAVNREDSSYKLIF,TPRVTGGGAM,0
CASSLSRASNEKLFF,TPRVTGGGAM,0
CASSALPEAFF,TPRVTGGGAM,0
CAVGQNNARLMF,TPRVTGGGAM,0
CSARDRDRGYEQYF,TPRVTGGGAM,0
CASSFGTGQSSYNEQFF,TPRVTGGGAM,0
CAVNEPFNKFYF,TPRVTGGGAM,0
CATKGGSEAFF,TPRVTGGGAM,0
CASLGKIGPMNTEAFF,TPRVTGGGAM,0
CASSVRSSMNTEAFF,TPRVTGGGAM,0
CSALRLAGGLAHEQFF,TPRVTGGGAM,0
CASSTRGRSNEKLFF,TPRVTGGGAM,0
CAVSPYGGATNKLIF,TPRVTGGGAM,0
CASSPAVPGTEAFF,TPRVTGGGAM,0
CAESMDNYGQNFVF,TPRVTGGGAM,0
CAISALGGVIGELFF,TPRVTGGGAM,0
CAASNYGSSGNKLIF,TPRVTGGGAM,0
CASSASGRYNEQFF,TPRVTGGGAM,0
CALVDYKLSF,TPRVTGGGAM,0
CASSWGWQGGMNTEAFF,TPRVTGGGAM,0
CAVIPINDYKLSF,TPRVTGGGAM,0
CAVRPGGAGPFFVVF,TPRVTGGGAM,0
CAGEMDSNYQLIW,TPRVTGGGAM,0
CASGTQNTIYF,TPRVTGGGAM,0
CASSIYSSYEQYF,TPRVTGGGAM,0
CAVSAGGGFKTIF,TPRVTGGGAM,0
CAVAPIEDTGFQKLVF,TPRVTGGGAM,0
CASSRLTSGTDTQYF,TPRVTGGGAM,0
CASRPQQGHNSPLHF,TPRVTGGGAM,0
CAVGDDKIIF,TPRVTGGGAM,0
CASSIGDEQYF,TPRVTGGGAM,0
CAGQETGNQFYF,TPRVTGGGAM,0
CATASGGGADGLTF,TPRVTGGGAM,0
CASSPEWGYEQYF,TPRVTGGGAM,0
CASGLYGNGPGADTQYF,TPRVTGGGAM,0
CALSEAISGGYNKLIF,TPRVTGGGAM,0
CASRPRQGRGSYNEQFF,TPRVTGGGAM,0
CILRGDSGGGADGLTF,TPRVTGGGAM,0
CASSITHTGELFF,TPRVTGGGAM,0
CAFLRHNAGNMLTF,TPRVTGGGAM,0
CIVMGYSTLTF,TPRVTGGGAM,0
CASSEWGSGTEAFF,TPRVTGGGAM,0
CASSGRTSGGSDTQYF,TPRVTGGGAM,0
CAASGDTDKLIF,TPRVTGGGAM,0
CAVRDNYGQNFVF,TPRVTGGGAM,0
CASSLPRDRGPDIQYF,TPRVTGGGAM,0
CASSARSSYEQYF,TPRVTGGGAM,0
CASSIGSYGYTF,TPRVTGGGAM,0
CASSSGSVKSSYNSPLHF,TPRVTGGGAM,0
CASSQDQSDAILAKNIQYF,TPRVTGGGAM,0
CAGATAGGTSYGKLTF,TPRVTGGGAM,0
CASSQDHRMGGHEKLFF,TPRVTGGGAM,0
CSAPAGEQFF,TPRVTGGGAM,0
CALSEASSWGKLQF,TPRVTGGGAM,0
CASSLRLGNTGELFF,TPRVTGGGAM,0
CASSLRGGTGDGYTF,TPRVTGGGAM,0
CASSLDSGDSDYTF,TPRVTGGGAM,0
CASSFSDFGNEQYF,TPRVTGGGAM,0
CSVPTVNTEAFF,TPRVTGGGAM,0
CASSTWTAPQETQYF,TPRVTGGGAM,0
CASSQEGVAGGYNEQFF,TPRVTGGGAM,0
CASSPISNEQFF,TPRVTGGGAM,0
CASSPGGGNQPQHF,TPRVTGGGAM,0
CAVRDYNNNDMRF,TPRVTGGGAM,0
CASSSSLSTIYF,TPRVTGGGAM,0
CASSEGDTEAFF,TPRVTGGGAM,0
CILSGGSNYKLTF,TPRVTGGGAM,0
CAGQTTSNTGKLIF,TPRVTGGGAM,0
CAISSRSSYEQYF,TPRVTGGGAM,0
CSVDPTSGGETQYF,TPRVTGGGAM,0
CASSRQNTGELFF,TPRVTGGGAM,0
CAAPNDMRF,TPRVTGGGAM,0
CLVADNYGQNFVF,TPRVTGGGAM,0
CASSQVPGQGPNYGYTF,TPRVTGGGAM,0
CASSLTSVYNEQFF,TPRVTGGGAM,0
CAYSPAAGGTSYGKLTF,TPRVTGGGAM,0
CAVVMNFGNEKLTF,TPRVTGGGAM,0
CASSWGGGEQYF,TPRVTGGGAM,0
CASNDLNTGELFF,TPRVTGGGAM,0
CAWSPPGPEQFF,TPRVTGGGAM,0
CAGRGSNYKLTF,TPRVTGGGAM,0
CASSLNDGRTDTQYF,TPRVTGGGAM,0
CASSYSNEGNGYTF,TPRVTGGGAM,0
CALSEAGPDKLIF,TPRVTGGGAM,0
CASSLHRDTEAFF,TPRVTGGGAM,0
CATSDGTGVYNEQFF,TPRVTGGGAM,0
CAEVYSGAGSYQLTF,TPRVTGGGAM,0
CAVRGKFQF,TPRVTGGGAM,0
CAVKYSGTYKYIF,TPRVTGGGAM,0
CSAPDRGANSPLHF,TPRVTGGGAM,0
CAVSYSGGGADGLTF,TPRVTGGGAM,0
CASSLPLGYEQYF,TPRVTGGGAM,0
CASSLDRQAMTF,TPRVTGGGAM,0
CASTPQLAGGSGSNEQFF,TPRVTGGGAM,0
CAGGHGGSQGNLIF,TPRVTGGGAM,0
CAMREDDTNAYKVIF,TPRVTGGGAM,0
CGADPIIQGAQKLVF,TPRVTGGGAM,0
CALNAGGTSYGKLTF,TPRVTGGGAM,0
CAMRELETSGSRLTF,TPRVTGGGAM,0
CAVRMDSNYQLIW,TPRVTGGGAM,0
CATSASWDRVHEQYF,TPRVTGGGAM,0
CASSQESLAGRGAYNEQFF,TPRVTGGGAM,0
CASSIGIYGYTF,TPRVTGGGAM,0
CILSGYNAGNMLTF,TPRVTGGGAM,0
CASSIGDFYTDTQYF,TPRVTGGGAM,0
CAGGDGGSQGNLIF,TPRVTGGGAM,0
CASSPQNTQYF,TPRVTGGGAM,0
CASSQDLAGGPDTQYF,TPRVTGGGAM,0
CASSMRASVEQYF,TPRVTGGGAM,0
CATDGWSSGYSTLTF,TPRVTGGGAM,0
CSVPFEGGTLETQYF,TPRVTGGGAM,0
CASTGSGRELIGELFF,TPRVTGGGAM,0
CSARITTGGDGYTF,TPRVTGGGAM,0
CASSDWGGKDTQYF,TPRVTGGGAM,0
CASSPGQVAYEQYF,TPRVTGGGAM,0
CASSEEGGRGADTQYF,TPRVTGGGAM,0
CASWWFVQTSGSYNSPLHF,TPRVTGGGAM,0
CAGPYAGGTSYGKLTF,TPRVTGGGAM,0
CASSFRNREGEQFF,TPRVTGGGAM,0
CASSLAGNPYEQYF,TPRVTGGGAM,0
CASSSMVAGEYEQFF,TPRVTGGGAM,0
CASSSILAGAETQYF,TPRVTGGGAM,0
CASSLVVGVQVIQYF,TPRVTGGGAM,0
CASSLEGTSNQPQYF,TPRVTGGGAM,0
CAVGDNFNKFYF,TPRVTGGGAM,0
CAEDDNARLMF,TPRVTGGGAM,0
CAWSDGSVGELFF,TPRVTGGGAM,0
CASSIFGEQFF,TPRVTGGGAM,0
CASSQDPRASHRGAQYF,TPRVTGGGAM,0
CADSGGGADGLTF,TPRVTGGGAM,0
CAVSAGGYNKLIF,TPRVTGGGAM,0
CASSLGQYNSPLHF,TPRVTGGGAM,0
CLVGEGDNYQLIW,TPRVTGGGAM,0
CAVVGNTPLVF,TPRVTGGGAM,0
CASSFRSTDTQYF,TPRVTGGGAM,0
CASSEGTATEAFF,TPRVTGGGAM,0
CLVGDNNNDMRF,TPRVTGGGAM,0
CVVNTDSWGKLQF,TPRVTGGGAM,0
CASSRGLAANTGELFF,TPRVTGGGAM,0
CATDYQGGRALIF,TPRVTGGGAM,0
CSARDHQGSSTSPLHF,TPRVTGGGAM,0
CASSVGLSETTALYNEQFF,TPRVTGGGAM,0
CASSLVGTGFLDEQFF,TPRVTGGGAM,0
CASSQGTGTGYEQYF,TPRVTGGGAM,0
CASSQDSKDRGLDGYTF,TPRVTGGGAM,0
CASSLLLGLADKGQFF,TPRVTGGGAM,0
CASSWGAEQFF,TPRVTGGGAM,0
CASSPRTATYEQYF,TPRVTGGGAM,0
CASSIGVYGYTF,TPRVTGGGAM,0
CASSKGGAGELFF,TPRVTGGGAM,0
CASSQEGLRNTGELFF,TPRVTGGGAM,0
CIVRGADQGAQKLVF,TPRVTGGGAM,0
CAVRDTLYNTDKLIF,TPRVTGGGAM,0
CALGGTSYGKLTF,TPRVTGGGAM,0
CASSGTGLDNTGELFF,TPRVTGGGAM,0
CSAFWDRPYEQYF,TPRVTGGGAM,0
CASSQDGGAGNFADTQYF,TPRVTGGGAM,0
CASSVGWYGYTF,TPRVTGGGAM,0
CASSLSPTEAFF,TPRVTGGGAM,0
CASSRTDDTEAFF,TPRVTGGGAM,0
CATSSKTGLTEAFF,TPRVTGGGAM,0
CAASEDNGGSARQLTF,TPRVTGGGAM,0
CASSYTSGNTGELFF,TPRVTGGGAM,0
CAVNSNYQLIW,TPRVTGGGAM,0
CSASTGLYPYEQYF,TPRVTGGGAM,0
CASSDTETGGLETQYF,TPRVTGGGAM,0
CASSQDWARGTGSYEQYF,TPRVTGGGAM,0
CASSLGYGYTF,TPRVTGGGAM,0
CAFMTNAGGTSYGKLTF,TPRVTGGGAM,0
CLGSGGSNYKLTF,TPRVTGGGAM,0
CSVGAGEGYEQYF,TPRVTGGGAM,0
CASSLSPPPDEQFF,TPRVTGGGAM,0
CAVEFVGYGGSQGNLIF,TPRVTGGGAM,0
CASSMGGVATDTQYF,TPRVTGGGAM,0
CASSDWGSNTGQLYF,TPRVTGGGAM,0
CAASIPYAGKSTF,TPRVTGGGAM,0
CSARLAGLTYNEQFF,TPRVTGGGAM,0
CASSLSGNSNQPQYF,TPRVTGGGAM,0
CASSDSGERGEQFF,TPRVTGGGAM,0
CAVRQKQTGANNLFF,TPRVTGGGAM,0
CASSGDSAETLYF,TPRVTGGGAM,0
CASSIGDYAEQFF,TPRVTGGGAM,0
CASSFRLAGVSDTQYF,TPRVTGGGAM,0
CASSSKIERDSGNTIYF,TPRVTGGGAM,0
CASSLYSGRIGGETQYF,TPRVTGGGAM,0
CSASKRLLNEQFF,TPRVTGGGAM,0
CASSLGDGSAQHF,TPRVTGGGAM,0
CASSQRSATREYF,TPRVTGGGAM,0
CASSVLRTVNTEAFF,TPRVTGGGAM,0
CASSYSTGAPSYEQYF,TPRVTGGGAM,0
CASSPGALNTEAFF,TPRVTGGGAM,0
CASRRSGSTDTQYF,TPRVTGGGAM,0
CSVGSRGTNEKLFF,TPRVTGGGAM,0
CASRGGQSLGYTF,TPRVTGGGAM,0
CASSLRTSGSYEQYF,TPRVTGGGAM,0
CASRWGQLTNYGYTF,TPRVTGGGAM,0
CASSDPDLLISTDTQYF,TPRVTGGGAM,0
CASSSEGDTEAFF,TPRVTGGGAM,0
CASSIRSTGELFF,TPRVTGGGAM,0
CASGLDIHAFF,TPRVTGGGAM,0
CASNLRVDEQFF,TPRVTGGGAM,0
CASGDASGGNTLYF,TPRVTGGGAM,0
CASSFIPGQGTHYSNQPQHF,TPRVTGGGAM,0
CAASRGSSNTGKLIF,TPRVTGGGAM,0
CGTESLRGSTLGRLYF,TPRVTGGGAM,0
CASSQDREVFNEQFF,TPRVTGGGAM,0
CASSSWGSQDTQYF,TPRVTGGGAM,0
CAGCGGSNYKLTF,TPRVTGGGAM,0
CASSDPAGNTIYF,TPRVTGGGAM,0
CASSQETGSYEQFF,TPRVTGGGAM,0
CAVKVSNQFYF,TPRVTGGGAM,0
CAVSDTGRRALTF,TPRVTGGGAM,0
CAAGWGIGTEAFF,TPRVTGGGAM,0
CATRGQGGHTEAFF,TPRVTGGGAM,0
CASSVETNTGELFF,TPRVTGGGAM,0
CVGRKGSARQLTF,TPRVTGGGAM,0
CAVGGNYQLIW,TPRVTGGGAM,0
CASSESYEQYF,TPRVTGGGAM,0
CASSPTGGAETQYF,TPRVTGGGAM,0
CAVSGGYKVVF,TPRVTGGGAM,0
CASSLDVPDTQYF,TPRVTGGGAM,0
CSQQVNNEQFF,TPRVTGGGAM,0
CASSQDLGGTYRGNEQFF,TPRVTGGGAM,0
CALSEAVKTSGSRLTF,TPRVTGGGAM,0
CASSLGEGHMNTEAFF,TPRVTGGGAM,0
CASSYGQGTGIQYF,TPRVTGGGAM,0
CAVNRHGGYNKLIF,TPRVTGGGAM,0
CASSQGDWAFREKLFF,TPRVTGGGAM,0
CAVIPWGANNLFF,TPRVTGGGAM,0
CATSRLDITPNSPLHF,TPRVTGGGAM,0
CAGMDSNYQLIW,TPRVTGGGAM,0
CEIVNYGGATNKLIF,TPRVTGGGAM,0
CALHYSGGYNKLIF,TPRVTGGGAM,0
CAASYSGNTGKLIF,TPRVTGGGAM,0
CAVGGFDDMRF,TPRVTGGGAM,0
CAASTPSSFSKLVF,TPRVTGGGAM,0
CALSDEYGNKLVF,TPRVTGGGAM,0
CATYVGGNTEAFF,TPRVTGGGAM,0
CLLGLIQGAQKLVF,TPRVTGGGAM,0
CVVRSGGYNKLIF,TPRVTGGGAM,0
CASSEQGSSEAFF,TPRVTGGGAM,0
CASSAAGNQPQHF,TPRVTGGGAM,0
CALRGNTGKLIF,TPRVTGGGAM,0
CASSSGTGDTQYF,TPRVTGGGAM,0
CASSYTGGPNEQYF,TPRVTGGGAM,0
CASSPQTGLYGYTF,TPRVTGGGAM,0
CASSISSINEQFF,TPRVTGGGAM,0
CAASMGGGSQGNLIF,TPRVTGGGAM,0
CASSDLNSGELFF,TPRVTGGGAM,0
CAYNNARLMF,TPRVTGGGAM,0
CASSLANLVEETQYF,TPRVTGGGAM,0
CASSELLSRNIAKNIQYF,TPRVTGGGAM,0
CASSPVTGQGYYGYTF,TPRVTGGGAM,0
CASSMRSSYEQYF,TPRVTGGGAM,0
CASSILSQQPQHF,TPRVTGGGAM,0
CASSQEWREFLREQFF,TPRVTGGGAM,0
CASSLGTGENEQYF,TPRVTGGGAM,0
CASSQFRTSLSYEQYF,TPRVTGGGAM,0
CAVEGLTGGGNKLTF,TPRVTGGGAM,0
CASSAGQAGFSPLHF,TPRVTGGGAM,0
CAENRDYKLSF,TPRVTGGGAM,0
CASSQEASYNEQFF,TPRVTGGGAM,0
CILPSGTYKYIF,TPRVTGGGAM,0
CAVVLDGSSNTGKLIF,TPRVTGGGAM,0
CASSMGSYGYTF,TPRVTGGGAM,0
CGTEYPNDYKLSF,TPRVTGGGAM,0
CAASSGGNYKPTF,TPRVTGGGAM,0
CASSLGLAAAYNEQFF,TPRVTGGGAM,0
CASSQEGTYSYEQYF,TPRVTGGGAM,0
CASSLDPGPSYEQYF,TPRVTGGGAM,0
CASSLILAGLNQPQHF,TPRVTGGGAM,0
CASSPLSTGRSEGYTF,TPRVTGGGAM,0
CAVLDSNYQLIW,TPRVTGGGAM,0
CASTRSGRTDTQYF,TPRVTGGGAM,0
CASSGSGPLRGYTF,TPRVTGGGAM,0
CASRPITGDLCPYEQYF,TPRVTGGGAM,0
CATSGLWDRGLGNQPQHF,TPRVTGGGAM,0
CASSPRQGSYNEQFF,TPRVTGGGAM,0
CAVIGGSQGNLIF,TPRVTGGGAM,0
CAPGGSGNTPLVF,TPRVTGGGAM,0
CALDGNNRLAF,TPRVTGGGAM,0
CASSPQGGSTPYEQYF,TPRVTGGGAM,0
CASSQGAYGYTF,TPRVTGGGAM,0
CASSRVIGAHTDTQYF,TPRVTGGGAM,0
CASSEGRSYEQYF,TPRVTGGGAM,0
CAVTTDSWGKLQF,TPRVTGGGAM,0
CASSSSNQPQHF,TPRVTGGGAM,0
CAASAPGSYQLTF,TPRVTGGGAM,0
CALSEAIMNFGNEKLTF,TPRVTGGGAM,0
CASSWEGEEETQYF,TPRVTGGGAM,0
CASSQEYASDTGELFF,TPRVTGGGAM,0
CASSLWTGTFNEQFF,TPRVTGGGAM,0
CASSPGLTYQPQHF,TPRVTGGGAM,0
CASSQGETQYF,TPRVTGGGAM,0
CAMQDSSYKLIF,TPRVTGGGAM,0
CLVGVPGSARQLTF,TPRVTGGGAM,0
CAVTRTDSWGKFQF,TPRVTGGGAM,0
CAESMMEAAGNKLTF,TPRVTGGGAM,0
CAISDAGLATGELFF,TPRVTGGGAM,0
CASSPPTAPNEKLFF,TPRVTGGGAM,0
CASSSGTGANTEAFF,TPRVTGGGAM,0
CAMRSTGNQFYF,TPRVTGGGAM,0
CATEGDSGYSTLTF,TPRVTGGGAM,0
CASSLDRDRGRPEAFF,TPRVTGGGAM,0
CASSSGPAYEQYF,TPRVTGGGAM,0
