CASSSWADTQYF,SSLENFRAYV,0
CASSYRTGGGEQFF,SSLENFRAYV,0
CASSPGGRGGEQYF,SSLENFRAYV,0
CASSPGLDTQYF,SSLENFRAYV,0
CAAWGENYAEQFF,SSLENFRAYV,1
CASSFDNYEQYF,SSLENFRAYV,0
CASSLSGLAGGPGNEQFF,SSLENFRAYV,0
CASSLEGEKLFF,SSLENFRAYV,0
CASSQGGSGEDTEAFF,SSLENFRAYV,0
CASSLGGGGFYEQYF,SSLENFRAYV,0
CASSLERDGYTF,SSLENFRAYV,0
CASRIGPGTDTQYF,SSLENFRAYV,0
CAGDTRDWGGASAETL,SSLENFRAYV,1
CASSLEGDQPQHF,SSLENFRAYV,0
CASSKRSGIEQYF,SSLENFRAYV,0
CASSIKANTEAFF,SSLENFRAYV,0
CASGAQHTEAFF,SSLENFRAYV,0
CASSREPNPNYGYTF,SSLENFRAYV,0
CASSLQLGARTEAFF,SSLENFRAYV,0
CGTVQKITQSRANVLTF,SSLENFRAYV,0
CASSLGRINEQFF,SSLENFRAYV,0
CASSLYSGPDQPQHF,SSLENFRAYV,0
CASSIHKKGARTEAFF,SSLENFRAYV,0
CASSEQGSEAFF,SSLENFRAYV,0
CASSLNSLWVAGGNNEQFF,SSLENFRAYV,0
CASSSTPLSTDTQYF,SSLENFRAYV,0
CASSQDRAGLYEQYF,SSLENFRAYV,0
CASSLVAGPYSQETQYF,SSLENFRAYV,0
CASSYSGDYNEQFF,SSLENFRAYV,0
CASSQTRTSGLQETQYF,SSLENFRAYV,0
CASSSTDEATEAFF,SSLENFRAYV,0
CASSPNLGTKNIQYF,SSLENFRAYV,0
CASSQVGALEQYF,SSLENFRAYV,0
CASIPDRNTEAFF,SSLENFRAYV,0
CSATSRQGGREQYF,SSLENFRAYV,0
CASSLGSAKNIQYF,SSLENFRAYV,0
CASSLTGAGDQPQHF,SSLENFRAYV,0
CASSPGTSGVGEQFF,SSLENFRAYV,0
CASSIRSSVEQFF,SSLENFRAYV,0
CASSFSGQGAANKELF,SSLENFRAYV,0
CATGSGLLGSGEQYF,SSLENFRAYV,0
CASSLGTGGIQNTLYF,SSLENFRAYV,0
CASSDRTSGPHEQFF,SSLENFRAYV,0
CASSFDVAGGQIGELF,SSLENFRAYV,0
CALDWGDSAETLYF,SSLENFRAYV,1
CASSYHLAGIYNEQFF,SSLENFRAYV,0
CASTLNWGYALEAFF,SSLENFRAYV,0
CASSFGGASEAFF,SSLENFRAYV,0
CASSPGTEVF,SSLENFRAYV,0
CASSSRQNYGYTF,SSLENFRAYV,0
CANSQGTEVFF,SSLENFRAYV,1
CASSYTANTEVF,SSLENFRAYV,0
CASSLEGTGYYEQYF,SSLENFRAYV,0
CSARSEGTSGRSEQFF,SSLENFRAYV,0
CASSLGSEQYF,SSLENFRAYV,0
CASSDQGLGTEAF,SSLENFRAYV,0
CASSLASSSQAYEQYF,SSLENFRAYV,0
CASSLVAGSGEQFF,SSLENFRAYV,0
CASSYFRRLPGQVFYEQYF,SSLENFRAYV,0
CASSSGQMYEQYF,SSLENFRAYV,0
CASAEGGEQYF,SSLENFRAYV,1
CASAGGDEQYF,SSLENFRAYV,1
CSARDLRQEQFF,SSLENFRAYV,0
CASSLVGNEQFF,SSLENFRAYV,0
CASSPTQGRGSEQFF,SSLENFRAYV,0
CASARDSAETLYF,SSLENFRAYV,1
CASSARVDNQAPQHF,SSLENFRAYV,0
CASTSDSAETLYF,SSLENFRAYV,0
CASASGGEVFF,SSLENFRAYV,1
CASSPLTGTGHYGYTF,SSLENFRAYV,0
CASSSLSGLYEQYF,SSLENFRAYV,0
CASDAGGQNTL,SSLENFRAYV,1
CASDALGAYYAEQF,SSLENFRAYV,1
CASSLDSYNEQFF,SSLENFRAYV,0
CASDEGGGDDTQYF,SSLENFRAYV,1
CASSQALPDEQYF,SSLENFRAYV,0
CASSMFALDTQYF,SSLENFRAYV,0
CASDGDWGAAETL,SSLENFRAYV,1
CASDGDWGAGAEQF,SSLENFRAYV,1
CASSQAGGAGRNTGELFF,SSLENFRAYV,0
CASDGGERLFF,SSLENFRAYV,1
CSVRGQGDEQF,SSLENFRAYV,0
CASSFVQGLAGDTQYF,SSLENFRAYV,0
CSAFIRMFRKTYGYTF,SSLENFRAYV,0
CASSPGTGGDTEVFF,SSLENFRAYV,0
CASDNWGVAETL,SSLENFRAYV,1
CASGDAGWSNQDTQYF,SSLENFRAYV,0
CASDRAGEQYF,SSLENFRAYV,1
CASQASGRSYEQYF,SSLENFRAYV,0
CASDRGREQYF,SSLENFRAYV,1
CASSNGQNAYEQYF,SSLENFRAYV,0
CASSPRSAGELF,SSLENFRAYV,0
CASTNRGSEQYF,SSLENFRAYV,0
CASDYEQYF,SSLENFRAYV,1
CASSLRASPRTEAFF,SSLENFRAYV,0
CASEGGPNQDTQYF,SSLENFRAYV,1
CASEGTGANTGQLF,SSLENFRAYV,1
CASSFIPGQGTHYSNQPQHF,SSLENFRAYV,0
CASFMQGKDERL,SSLENFRAYV,1
CSPIQDSLGYTF,SSLENFRAYV,0
CASSLLQTNTEVFF,SSLENFRAYV,0
CATGTGDSNQPQHF,SSLENFRAYV,0
CASFWGAGTEVF,SSLENFRAYV,1
CASSLEILGQHSTDTQYF,SSLENFRAYV,0
CASSTRTTDTQYF,SSLENFRAYV,0
CASSEYGGDNSDYTF,SSLENFRAYV,0
CASSPGASGVYEQYF,SSLENFRAYV,0
CASSLAGSYEQYF,SSLENFRAYV,0
CASSGRQAYGYTF,SSLENFRAYV,0
CASSLWVGGSSGANVLTF,SSLENFRAYV,0
CASGDAGWSNQDTQYF,SSLENFRAYV,1
CASSLGTGNNEQFF,SSLENFRAYV,0
CASGDDSAETLYF,SSLENFRAYV,1
CASGDDWASAETLYF,SSLENFRAYV,1
CASSRRTSGASDTQYF,SSLENFRAYV,0
CASSQGSNERLFF,SSLENFRAYV,0
CASSLAQGAETQYF,SSLENFRAYV,0
CASGDLQEGEEVFF,SSLENFRAYV,1
CASYSNPGKTYGYTF,SSLENFRAYV,0
CASSPLGGAGEDTQYF,SSLENFRAYV,0
CASGDPDRGNQDTQYF,SSLENFRAYV,1
CASSWRGGDEQYF,SSLENFRAYV,0
CASSYGYPAYEQYF,SSLENFRAYV,0
CASGDRDWEVYEQYF,SSLENFRAYV,1
CASSPAPGSTTYEQYF,SSLENFRAYV,0
CASSVPGAGEETQYF,SSLENFRAYV,0
CASGEGTGGWEQYF,SSLENFRAYV,1
CASGEGTGGYEQYF,SSLENFRAYV,1
CASSPGRSSQNTLYF,SSLENFRAYV,0
CASSLNMNTEAFF,SSLENFRAYV,0
WQLRAYSRKTYGYTF,SSLENFRAYV,0
CASSLGVATGELF,SSLENFRAYV,0
CASSKRSTDTQYF,SSLENFRAYV,0
CASGGDSAETLYF,SSLENFRAYV,1
CASDSGVFSYEQYF,SSLENFRAYV,0
CASSNPIPIVMQDTQYF,SSLENFRAYV,0
CASGGGGEQYF,SSLENFRAYV,1
CVSRSLVSTGELFF,SSLENFRAYV,0
CASGGGLAYEQYF,SSLENFRAYV,1
CASGGLESAETLYF,SSLENFRAYV,1
CASSSWGNQDTQYF,SSLENFRAYV,0
CASSQDWEQGGELFF,SSLENFRAYV,0
CAISAGPQVETQYF,SSLENFRAYV,0
CASSLTNNYAEQFF,SSLENFRAYV,0
CASSPRGTRTDTQY,SSLENFRAYV,0
CASSDRANTEAFF,SSLENFRAYV,0
CASRGLGGYTF,SSLENFRAYV,0
CASSLSGSYYNEQFF,SSLENFRAYV,0
CASSLRTSGGADTQYF,SSLENFRAYV,0
CASGREDTQYF,SSLENFRAYV,1
CASILTSGRNEQF,SSLENFRAYV,0
CASSDNDWRLQYF,SSLENFRAYV,0
CASSLMGLAGEETQYF,SSLENFRAYV,0
CASSRRTSGGLDTQYF,SSLENFRAYV,0
CASGDPDRGNQDTQYF,SSLENFRAYV,0
CASRKTGGGTEAF,SSLENFRAYV,0
CASSDAWGGAEQYF,SSLENFRAYV,0
CASSIRTGGYNYAEQFF,SSLENFRAYV,0
CASRRTGGFNYAEQFF,SSLENFRAYV,0
CAWSTGHFTGELFF,SSLENFRAYV,0
CATSERGDLNFGTDTQYF,SSLENFRAYV,0
CASSPRTGGYNYAEQFF,SSLENFRAYV,0
CASIGDEQYF,SSLENFRAYV,1
CASSTVSSYEQYF,SSLENFRAYV,0
CASIGGEQYF,SSLENFRAYV,1
CASIGGEV,SSLENFRAYV,1
CASIGNTEVFF,SSLENFRAYV,1
CASSQEGWDGRYEQYF,SSLENFRAYV,0
CASIGSDY,SSLENFRAYV,1
CASIGYNYAEQFF,SSLENFRAYV,1
CASSLPPPGPLGEQYF,SSLENFRAYV,0
CASSDERGRDQDTQYF,SSLENFRAYV,0
CASSYPRDAGTSLDIQYF,SSLENFRAYV,0
CASSSELNTEAFF,SSLENFRAYV,0
CASIPLGGRAETLYF,SSLENFRAYV,1
CASSFGQQETQYF,SSLENFRAYV,0
CASSLDRDRGRPEAF,SSLENFRAYV,0
CASIQYNQAPLF,SSLENFRAYV,1
CASTETSGSSYNEQF,SSLENFRAYV,0
CASITGASAETLYF,SSLENFRAYV,1
CASSPSGRLNEQYF,SSLENFRAYV,0
CASSGLGASAETLYF,SSLENFRAYV,0
CASSPGDSYEQYF,SSLENFRAYV,0
CASSLLDGTRDQQYF,SSLENFRAYV,0
CASSPPPGAVETQYF,SSLENFRAYV,0
CASSPGQGRDEQFF,SSLENFRAYV,0
CSARDYNSYEQYF,SSLENFRAYV,0
CASSQEQGPTNEKLFF,SSLENFRAYV,0
CASKGGSAETLYF,SSLENFRAYV,1
CASSESTIVQGYNEQFF,SSLENFRAYV,0
CASSDDIVTDTQYF,SSLENFRAYV,0
CSARSWDRSELMGYTF,SSLENFRAYV,0
CASVLMRTNNEQFF,SSLENFRAYV,0
CSARSRVGNTIYF,SSLENFRAYV,0
CASSFSAREYGYTF,SSLENFRAYV,0
CASLDRGDTEVF,SSLENFRAYV,1
CASLDSGNTLYF,SSLENFRAYV,1
CASLDSQDTQYF,SSLENFRAYV,1
CASLDTEVF,SSLENFRAYV,1
CASSWSGGGARDTQDV,SSLENFRAYV,0
CASRLLGPSTFFYGYTF,SSLENFRAYV,0
CASLGQIISNERLFF,SSLENFRAYV,1
CASLGTGGWGAEQF,SSLENFRAYV,1
CASSYSWPPETYEQYF,SSLENFRAYV,0
CASLLGDSYEQYF,SSLENFRAYV,1
CASLRGDSYEQYF,SSLENFRAYV,1
CASLRGEEQYF,SSLENFRAYV,1
CASLRGEGTEVF,SSLENFRAYV,1
CASSISAGEGVPEQYF,SSLENFRAYV,0
CSVGRDGTNEKLFF,SSLENFRAYV,0
CASSLLGSGETQYF,SSLENFRAYV,0
CASMAGAQDTQYF,SSLENFRAYV,1
CASSLETPNNEQFF,SSLENFRAYV,0
CASSFVHGYTF,SSLENFRAYV,0
CASMTGSAETLYF,SSLENFRAYV,1
CASSPGTGGGGEQF,SSLENFRAYV,0
CSARVAGVEDTQYF,SSLENFRAYV,0
CASSDRTDTQYF,SSLENFRAYV,0
CATSSGYEAGDNYEQYF,SSLENFRAYV,0
CASSPNSGNTLYF,SSLENFRAYV,0
CASSGGETLYF,SSLENFRAYV,0
CASNQGGEQFF,SSLENFRAYV,1
CASSFTSGDTQYF,SSLENFRAYV,0
CASSLTGSPYEQYF,SSLENFRAYV,0
CASNRGREQYF,SSLENFRAYV,1
CASSPRSSDTQYF,SSLENFRAYV,0
CASSDRRGSYNEQFF,SSLENFRAYV,0
CASSELTSGVSEQYF,SSLENFRAYV,0
CASSLGSTGTYEQYF,SSLENFRAYV,0
CASPDRDGERL,SSLENFRAYV,1
CASSPGLAGANEQFF,SSLENFRAYV,0
CASPDWGDYAEQF,SSLENFRAYV,1
CASPDWGSDTGQLF,SSLENFRAYV,1
CASTPGTGAYEQYF,SSLENFRAYV,0
CASPGLASAETL,SSLENFRAYV,1
CASSIGLNTEAFF,SSLENFRAYV,0
CASPKLGDQDTQYF,SSLENFRAYV,1
CASSMGQKNQPQHF,SSLENFRAYV,0
CASPTGPANSDYTF,SSLENFRAYV,1
CASSSIFPGELFF,SSLENFRAYV,0
CASSPPDSYAEQF,SSLENFRAYV,0
CASQDRGREQYF,SSLENFRAYV,1
CASQEGDSYEQYF,SSLENFRAYV,1
CASQEGDTYEQYF,SSLENFRAYV,1
CASQEGGVQDTQYF,SSLENFRAYV,1
CASTPGQALNEQYF,SSLENFRAYV,0
CASQGTDGAETL,SSLENFRAYV,1
CASSWGSEVVADTQYF,SSLENFRAYV,0
CASSSGAGEANEQFF,SSLENFRAYV,0
CASSFEEGLLLNEKLFF,SSLENFRAYV,0
CASETEGVRGGYTF,SSLENFRAYV,0
CAAQFLPSPSKF,SSLENFRAYV,0
CASSRQGSNERL,SSLENFRAYV,0
CASQDFLSSGAYNEQFF,SSLENFRAYV,0
CASRDRDSAETLYF,SSLENFRAYV,1
CASRDRPNTEVF,SSLENFRAYV,1
CASSRLAGSTDTQYF,SSLENFRAYV,0
CSVEEETNYGYF,SSLENFRAYV,0
CSARAGNQPQHF,SSLENFRAYV,0
CASREGGFSNERLFF,SSLENFRAYV,1
CASTSGNTLYF,SSLENFRAYV,0
CASSVSGVYNEQFF,SSLENFRAYV,0
CASSWWGSSYEQYF,SSLENFRAYV,0
CASRSGPGQPYEQYF,SSLENFRAYV,0
CASSTRSSYEQYF,SSLENFRAYV,0
CASSLPVHPEQYF,SSLENFRAYV,0
CASSLGVGGYEQYF,SSLENFRAYV,0
CSAGDWANNEQF,SSLENFRAYV,0
CASSRTTGELF,SSLENFRAYV,0
CASSTPSNNEQFF,SSLENFRAYV,0
SVPAVMPGHANSDYTF,SSLENFRAYV,0
CASSTPDRHTSGNTIYF,SSLENFRAYV,0
CSARSRGGGIETQYF,SSLENFRAYV,0
CASSLGPYTDTQYF,SSLENFRAYV,0
CASSTRGSQPQHF,SSLENFRAYV,0
CASSIAFDSGHQPQHF,SSLENFRAYV,0
CASSVVSGTSGRGNEQFF,SSLENFRAYV,0
CALEGVGGNTIYF,SSLENFRAYV,0
CASSLWGAGELFF,SSLENFRAYV,0
CASSIRSSQPQHF,SSLENFRAYV,0
CASSDAPNTEAFF,SSLENFRAYV,0
CASSVEGAHPIQETQYF,SSLENFRAYV,0
CASKLYTGGDQPQHF,SSLENFRAYV,0
CASSQRIALGDGNQPQHF,SSLENFRAYV,0
CASTFGGTGSGYTF,SSLENFRAYV,0
CASSSPLGTSFQVEKLFF,SSLENFRAYV,0
CASSATSAETLYF,SSLENFRAYV,0
CASSQDWAGDYNEQFF,SSLENFRAYV,0
CASSLRGDYAEQFF,SSLENFRAYV,0
CASSHDRGQLYF,SSLENFRAYV,0
CASSDRDRDPGNTLYF,SSLENFRAYV,0
CASSPAAGGAYEQYF,SSLENFRAYV,0
CAWSVQFNQPQHF,SSLENFRAYV,0
CASSLDGRPHLEQYF,SSLENFRAYV,0
CASRGGGNTGQLYF,SSLENFRAYV,0
CSGQDRDYEQYF,SSLENFRAYV,0
CASRNRLESAETLYF,SSLENFRAYV,1
CRVDGFRTENNQPQHF,SSLENFRAYV,0
CASRNRNSAETLYF,SSLENFRAYV,1
CASSQDRGYVYGYTF,SSLENFRAYV,0
CASSPEQETQYF,SSLENFRAYV,0
CSARTPPGNTIYF,SSLENFRAYV,0
CAWEAGVRYEQYF,SSLENFRAYV,0
CASSGRTSGRPDTQYF,SSLENFRAYV,0
CASSQVSVGYEQYF,SSLENFRAYV,0
CASSLLMAAGYTF,SSLENFRAYV,0
CASSYPLGLGGTEAFF,SSLENFRAYV,0
CASRPPDSAETLYF,SSLENFRAYV,1
CASSYGLNTEAFF,SSLENFRAYV,0
CASSVGNTEAFF,SSLENFRAYV,0
CASNWGGDTGQLYF,SSLENFRAYV,0
CARREANYGYTF,SSLENFRAYV,0
CASRIPIATQFRTEAFF,SSLENFRAYV,0
CASSLDPESSRGYTF,SSLENFRAYV,0
CASSFWREPTYEQYF,SSLENFRAYV,0
CASSRQGGGGNQPQHF,SSLENFRAYV,0
CASSLLPNTGELFF,SSLENFRAYV,0
CASSIGMSYEQYF,SSLENFRAYV,0
CASRRDSAETLYF,SSLENFRAYV,1
CASSQRQGPDTQYF,SSLENFRAYV,0
CASSWRRGTDTQYF,SSLENFRAYV,0
CASSFGSGNTIYF,SSLENFRAYV,0
CASSVSGGASNEQF,SSLENFRAYV,0
CASSSVLSYEQYF,SSLENFRAYV,0
CASSFGTGTSELTDTQYF,SSLENFRAYV,0
CASSFPGKGTGQLYF,SSLENFRAYV,0
CASGDSGDEQF,SSLENFRAYV,0
CASSILSRDRPSTDTQYF,SSLENFRAYV,0
CASSIKISNERLFF,SSLENFRAYV,0
CASSPPSGSGFNEQF,SSLENFRAYV,0
CASSQKTGKNTEAFF,SSLENFRAYV,0
CASSFGRGSYEQYF,SSLENFRAYV,0
CASSLERLAGASTDTQYF,SSLENFRAYV,0
CASSLEALSSYNEQFF,SSLENFRAYV,0
CASRASGLASNEQFF,SSLENFRAYV,0
CASSLVLGLAQGYNEQFF,SSLENFRAYV,0
CASSIGGDEKLFF,SSLENFRAYV,0
CASSLGTSGTDEQF,SSLENFRAYV,0
CASSWATEVFF,SSLENFRAYV,0
CASSLSWGYEQYF,SSLENFRAYV,0
CASSLAQSDSLAFF,SSLENFRAYV,0
CASSQAKNTEAFF,SSLENFRAYV,0
CASSADRDGNTLYF,SSLENFRAYV,1
CASSGDSNERLFF,SSLENFRAYV,0
CASSADSAETLYF,SSLENFRAYV,1
CASSLAGNYGYTF,SSLENFRAYV,0
CASSPQTGAIYGYTF,SSLENFRAYV,0
CASSSLGTRSPLHF,SSLENFRAYV,0
CASSPRDFSPTDTQYF,SSLENFRAYV,0
CSARLIAGPTSYEQYF,SSLENFRAYV,0
CASSDNSAETLYF,SSLENFRAYV,0
CASSIAAVSLANYGYTF,SSLENFRAYV,0
CASSAWDINTGELF,SSLENFRAYV,0
CSASGLSGRLYNEQFF,SSLENFRAYV,0
CASRGGGSPLHF,SSLENFRAYV,0
CASSKIAGGPYTQYF,SSLENFRAYV,0
CASSLGPVEAF,SSLENFRAYV,0
CASSLALGDTTEAFF,SSLENFRAYV,0
CASSYSAGQAFDSPLHF,SSLENFRAYV,0
CASSLRTVSSYEQYF,SSLENFRAYV,0
CASSPLSGNEQYF,SSLENFRAYV,0
CASSLAGRETEAF,SSLENFRAYV,0
CASSQDMFGSEQYF,SSLENFRAYV,0
CSAFSGAAFVTDTQYF,SSLENFRAYV,0
CASSPAGVEQYF,SSLENFRAYV,0
CASSAPNTLYF,SSLENFRAYV,1
CASSDPRGQPNQPQHF,SSLENFRAYV,0
CAWSVMGIEEQFF,SSLENFRAYV,0
CASSAGSGNTLYF,SSLENFRAYV,0
CASSQDRNTLYF,SSLENFRAYV,0
CASSPVAVSNQPQHF,SSLENFRAYV,0
CASSARQDSGNTLYF,SSLENFRAYV,1
CSAWDRTEAFF,SSLENFRAYV,0
CASSYSGDDTQYF,SSLENFRAYV,0
CASSLRQGANTGELF,SSLENFRAYV,0
CASIPVGSRNTIYF,SSLENFRAYV,0
CASSLSPGQKYEQYF,SSLENFRAYV,0
CASSYMGVEQF,SSLENFRAYV,0
CASDGGGNTEAFF,SSLENFRAYV,0
CSVDGDSVAFF,SSLENFRAYV,0
CASSYEGALSYEQYF,SSLENFRAYV,0
CASSASNFSNERLFF,SSLENFRAYV,1
CISVPAARTGHRTQYF,SSLENFRAYV,0
CASSLLGLIKETQYF,SSLENFRAYV,0
CASSRRASGGTTPHYF,SSLENFRAYV,0
CASSSLLTGSSYNSPLHF,SSLENFRAYV,0
CSARGMRPEQYF,SSLENFRAYV,0
CASSDADWGVGETLYF,SSLENFRAYV,1
CAWSIAGFYNEQFF,SSLENFRAYV,0
CATSGTAGETQYF,SSLENFRAYV,0
CASSQDPGTAAYEQYF,SSLENFRAYV,0
CASSSGTNNEQFF,SSLENFRAYV,0
CASSDAGGQNTLYF,SSLENFRAYV,1
CASSGQLQSRANVLTF,SSLENFRAYV,0
CASSRTATHGYTF,SSLENFRAYV,0
CAISSDRTDEQYF,SSLENFRAYV,0
CASSPIFGSTDTQYF,SSLENFRAYV,0
CASSTLIGSGNTIYF,SSLENFRAYV,0
CASSSPGGVTEAF,SSLENFRAYV,0
CASSDEDWGQDTQYF,SSLENFRAYV,1
CASSPRGVGTEAFF,SSLENFRAYV,0
CASSFEGLLSTDTQYF,SSLENFRAYV,0
CASSDAGANTEVF,SSLENFRAYV,0
CASSRGARGNQPQHF,SSLENFRAYV,0
CASSDFDWGGDAETLYF,SSLENFRAYV,1
CASSPTRGVQTQYF,SSLENFRAYV,0
CASSDGGGYNYAEQFF,SSLENFRAYV,1
CASSDGLPFF,SSLENFRAYV,1
CASSDEHKVPQSRANVLTF,SSLENFRAYV,0
CASGSGLAGGELF,SSLENFRAYV,0
CASSFPGGRATESSYNEQFF,SSLENFRAYV,0
CSVEGEVEGYTF,SSLENFRAYV,0
CASSFTEDEQFF,SSLENFRAYV,0
CASSLFDLTGNYEQYF,SSLENFRAYV,0
CASSQDQGAPERLFF,SSLENFRAYV,0
CSASILTGEDTQYF,SSLENFRAYV,0
CASTAGDSAETLYF,SSLENFRAYV,0
CASNSADPEAFF,SSLENFRAYV,0
CASSGAAGTSAYNEQFF,SSLENFRAYV,0
CASSQTGYSNQPQHF,SSLENFRAYV,0
CASSEITGGGETQYF,SSLENFRAYV,0
CAASGGSNYKLTF,SSLENFRAYV,0
CASSDRAAETLYF,SSLENFRAYV,1
CAISVSGRSTDTQYF,SSLENFRAYV,0
CSVVGRYYEQYF,SSLENFRAYV,0
CASSYGAGNQPQHF,SSLENFRAYV,0
CASSDRDRDPGNTLYF,SSLENFRAYV,1
CASSLGQGYNEQFF,SSLENFRAYV,0
CASSDRHYEQYF,SSLENFRAYV,1
CASSPGGTEAFF,SSLENFRAYV,0
CASSFRPGLAGRLLSYEQYF,SSLENFRAYV,0
CASSLDRAEVFF,SSLENFRAYV,0
CASSSPHRGRFEQYF,SSLENFRAYV,0
CASSSPVGANVLTF,SSLENFRAYV,0
CASSAGTGKTQYF,SSLENFRAYV,0
CASSSYLQDRGTGELFF,SSLENFRAYV,0
CASSSQGLHEQFF,SSLENFRAYV,0
CASIPDREGNIQYF,SSLENFRAYV,0
CAWTGTSAETLYF,SSLENFRAYV,0
CASRPRGASVLYEQYF,SSLENFRAYV,0
CASTKGASGSGEQFF,SSLENFRAYV,0
CASSDAGGGMAEAFF,SSLENFRAYV,0
CASSDWGLSYEQYF,SSLENFRAYV,1
CASSEGAGNTIYF,SSLENFRAYV,0
CASSLGAYEQYF,SSLENFRAYV,0
CASSEGQGPSYEQYF,SSLENFRAYV,0
CASSLGAGGGGTQYF,SSLENFRAYV,0
CASSEAGVEQYF,SSLENFRAYV,1
CASSQEGGPNSDYTF,SSLENFRAYV,0
CASSQGGQDGHGTTNEKLFF,SSLENFRAYV,0
CASSLYGGLHYGYTF,SSLENFRAYV,0
CASSEDREFSAETLYF,SSLENFRAYV,1
CASSLTGLNEQFF,SSLENFRAYV,0
CASSFFLAAGYPF,SSLENFRAYV,0
CASSPLGVRAYEQYF,SSLENFRAYV,0
CSAKRPSSYNEQFF,SSLENFRAYV,0
CASSDSSAETLYF,SSLENFRAYV,0
CASSQTLAGGGETQYF,SSLENFRAYV,0
CASSQAGDGSYEQYF,SSLENFRAYV,0
CASSEGEAPLF,SSLENFRAYV,1
CASSEGERLFF,SSLENFRAYV,1
CASSEGGEQYF,SSLENFRAYV,1
CSAREVRDLYNEQFF,SSLENFRAYV,0
CASSVVGAADTQYF,SSLENFRAYV,0
CASSVGPQETQYF,SSLENFRAYV,0
CASSLVGGLVGGYTF,SSLENFRAYV,0
CASSEGQPNSDYTF,SSLENFRAYV,1
CASSEGREQYF,SSLENFRAYV,1
CASSLTDPYEQFF,SSLENFRAYV,0
CASSEDAGNYGYTF,SSLENFRAYV,0
CASSLTDTQYF,SSLENFRAYV,0
CASSFWGADTQYF,SSLENFRAYV,0
CASSTGQGWGSF,SSLENFRAYV,0
CSAQGVGGQTYNEQF,SSLENFRAYV,0
CASSELGGQGEQYF,SSLENFRAYV,1
CASSAGQVNTEVFF,SSLENFRAYV,0
CASSQPQAGVNEQFF,SSLENFRAYV,0
CASRTIDSSYNEQFF,SSLENFRAYV,0
CASSSGIGDTQYF,SSLENFRAYV,0
CASGIRSSYERYF,SSLENFRAYV,0
CASSSPRDLSSPLHF,SSLENFRAYV,0
CASSTGLYGYPF,SSLENFRAYV,0
CASSFSGTFEAFF,SSLENFRAYV,0
CASSRGQGSADTQYF,SSLENFRAYV,0
CAWSAVLLNTEAFF,SSLENFRAYV,0
CSVISGYGNQPQHF,SSLENFRAYV,0
CASSQVIQTEAFF,SSLENFRAYV,0
CASSERDREDEQYF,SSLENFRAYV,1
CASKDNISFRGYTF,SSLENFRAYV,0
CASSLDPGLSSYEQYF,SSLENFRAYV,0
CASSLAETSADGYT,SSLENFRAYV,0
CASSLSWGGFYNEQF,SSLENFRAYV,0
CASSPLNWDPLARYEQYF,SSLENFRAYV,0
CASSQDRRGGNYEQYF,SSLENFRAYV,0
CASSETGGHSDYTF,SSLENFRAYV,1
CSVAKGGYEQYF,SSLENFRAYV,0
CASSEMDGSNQPQHF,SSLENFRAYV,0
CASSLSVQEGNYGYTF,SSLENFRAYV,0
CASSPRQGGTGELF,SSLENFRAYV,0
CASSEWDWGGEGTGQLYF,SSLENFRAYV,1
CASTITGELFF,SSLENFRAYV,0
CASSEYEQYF,SSLENFRAYV,1
CASSLAGGYTF,SSLENFRAYV,0
CASRAGTSNTGELF,SSLENFRAYV,0
CAGMTVTEAFF,SSLENFRAYV,0
CASSHGTSGRSTYEQYF,SSLENFRAYV,0
CASRPWGGYEQYF,SSLENFRAYV,0
CSVTSERTGTNWGYTF,SSLENFRAYV,0
CSALPGIYNEQFF,SSLENFRAYV,0
CASKGTTSAETLYF,SSLENFRAYV,0
CASSQSPGGVQYF,SSLENFRAYV,0
CAWSVGGGYGYTF,SSLENFRAYV,0
CASSFASGGYNEQFF,SSLENFRAYV,0
CASSFDQDTQYF,SSLENFRAYV,1
CASSFDRGLLF,SSLENFRAYV,1
CASSDLRAGELFF,SSLENFRAYV,0
CSAAYNTFGEQFF,SSLENFRAYV,0
CSALGGQASTDTQYF,SSLENFRAYV,0
CATSRERWGEYEQYF,SSLENFRAYV,0
CAWSRVGGYEQFF,SSLENFRAYV,0
CASSQGTGGYGYTF,SSLENFRAYV,0
CAWTSGGASEQYF,SSLENFRAYV,0
CASSQVDLRYEQFF,SSLENFRAYV,0
CASSLAVRGLSGDPF,SSLENFRAYV,0
CASSTRGELDKSRANVLTF,SSLENFRAYV,0
CVSGWGSQPQHF,SSLENFRAYV,0
CASIDRTIGNQPQHF,SSLENFRAYV,0
CSVGAGDYEQYF,SSLENFRAYV,0
CASSFGAEQFF,SSLENFRAYV,1
CASSSEGGNEKLFF,SSLENFRAYV,0
CASSFGDEQYF,SSLENFRAYV,1
CASSFGDTQYF,SSLENFRAYV,1
CASSFGERLFF,SSLENFRAYV,1
CASSFGGAPLF,SSLENFRAYV,1
CASSLVLATEQYF,SSLENFRAYV,0
CASSFGGEVFF,SSLENFRAYV,1
CASSFGGMQFF,SSLENFRAYV,1
CASSFGGQQYF,SSLENFRAYV,1
CASSFGGSYNSPLHF,SSLENFRAYV,1
CSARDRDRSLATEAFF,SSLENFRAYV,0
CASSRGTRGRSETQYF,SSLENFRAYV,0
CASSGRNTGQLYF,SSLENFRAYV,0
CASSFGKRLFF,SSLENFRAYV,1
CASSPDRRLRTEAFF,SSLENFRAYV,0
CASSQETGSYEQF,SSLENFRAYV,0
CASNRGREQYF,SSLENFRAYV,0
CASSPQTGTIYGYTGF,SSLENFRAYV,0
CASSFGQAPLF,SSLENFRAYV,1
CASSTRSSSEQYF,SSLENFRAYV,0
CASSQGGGVDEQFF,SSLENFRAYV,0
CASSLRTSGSYEQYF,SSLENFRAYV,0
CASSLQSLLDEKLF,SSLENFRAYV,0
CSTTFGTGGRAQYF,SSLENFRAYV,0
CASSQTSGTGREQFF,SSLENFRAYV,0
CASSWGPGYEQYF,SSLENFRAYV,0
CASSHPGGANVLTF,SSLENFRAYV,0
CASSFGTEVF,SSLENFRAYV,1
CASSFGTEVFF,SSLENFRAYV,1
CASSPRGGTPAYNEQFF,SSLENFRAYV,0
CASFRGHEQF,SSLENFRAYV,0
CASSFGVEQYF,SSLENFRAYV,1
CASRFQGFTEAF,SSLENFRAYV,0
CSVQRPAAYNEQFF,SSLENFRAYV,0
CASSLRANPGYEQYF,SSLENFRAYV,0
CASSQDGAGGITDTQYF,SSLENFRAYV,0
CASSFLDSAETLYF,SSLENFRAYV,1
CASSPRTTGYTF,SSLENFRAYV,0
CASSQDGYGYTF,SSLENFRAYV,0
CSVPSLLNTEAF,SSLENFRAYV,0
CASSTGNYGYTF,SSLENFRAYV,0
CASSFNRELSNERLFF,SSLENFRAYV,1
CASQPWFNTGELFF,SSLENFRAYV,0
CASSKTGTEAF,SSLENFRAYV,0
CATRGRGSEETQYF,SSLENFRAYV,0
CASSRRDYRCETQYF,SSLENFRAYV,0
CASSFPGQGANTEVFF,SSLENFRAYV,1
CASSLDNYEQYF,SSLENFRAYV,0
CASSPDRAHTIYF,SSLENFRAYV,0
CASSITGWGSPLHF,SSLENFRAYV,0
CSVIHRGHEQYF,SSLENFRAYV,0
CASSPRDSTDTQYF,SSLENFRAYV,0
CATRQGNQPQHF,SSLENFRAYV,0
CASSRMTGGGTDTQYF,SSLENFRAYV,0
CASSMRSGETQYF,SSLENFRAYV,0
CASSIMAYNGQFF,SSLENFRAYV,0
CASSYGGPLEEQYF,SSLENFRAYV,0
CASSQGHPETNEKLFF,SSLENFRAYV,0
CASSHLGSYEQYF,SSLENFRAYV,0
CASSWAGRDDVIQTF,SSLENFRAYV,0
CASSRMGASAETLYF,SSLENFRAYV,0
CSVGGRGDGYTF,SSLENFRAYV,0
CASSVRGRGTQTDTQYF,SSLENFRAYV,0
CASSLDWGEYEQYF,SSLENFRAYV,0
CSVEGFRTENKQPQHF,SSLENFRAYV,0
CASGDGDQGTNERLF,SSLENFRAYV,0
CSVPPGQLNYGYTF,SSLENFRAYV,0
CASSNFFPISCLDEQYF,SSLENFRAYV,0
CSARDPLDYVRTDTQYF,SSLENFRAYV,0
CASSSAHPNTEAFF,SSLENFRAYV,0
CASSPVTGGIYGYTGF,SSLENFRAYV,0
CSVEGQRRVPSF,SSLENFRAYV,0
CASSFSQNTLF,SSLENFRAYV,1
CASSFSYEQYF,SSLENFRAYV,1
CAMYLCASSLFGSPLHF,SSLENFRAYV,0
CASSFTGDTEVFF,SSLENFRAYV,1
CASSLGRHNSPLHF,SSLENFRAYV,0
CAWSLGDSAETLYF,SSLENFRAYV,0
CASSYSTGQLQHF,SSLENFRAYV,0
CASSPRSGLGPYNEQFF,SSLENFRAYV,0
CASSPITRIVGDTQYF,SSLENFRAYV,0
CSVEDGTGSYEQYF,SSLENFRAYV,0
CASNKLTSGGRDTQYF,SSLENFRAYV,0
CASHWGVEQF,SSLENFRAYV,0
CASSFWGALVQNTLYF,SSLENFRAYV,1
CASSLGENIQYF,SSLENFRAYV,0
CASSRDSALWISTDTQYF,SSLENFRAYV,0
CASSDGTGVGLGYTF,SSLENFRAYV,0
CASSVEGTILTDTQYF,SSLENFRAYV,0
CAWSVPGLGQPQHF,SSLENFRAYV,0
CASSPTGGELF,SSLENFRAYV,0
CASSYSLEGYTF,SSLENFRAYV,0
CASSIVGGGAETLYF,SSLENFRAYV,0
CASRTVNSPLHF,SSLENFRAYV,0
CASSLVGTSSYEQYF,SSLENFRAYV,0
CASSPGPTNERLFF,SSLENFRAYV,0
CASSGDWGGETLYF,SSLENFRAYV,1
CASSPPGQGLGEQYF,SSLENFRAYV,0
CASSSGTGASSYEQYF,SSLENFRAYV,0
CASSLGVNTIYF,SSLENFRAYV,0
CASSGGADYTF,SSLENFRAYV,1
CASSGGAEQF,SSLENFRAYV,1
CASPDRDGERL,SSLENFRAYV,0
CASSGGAEQYF,SSLENFRAYV,1
CASSGGAEVFF,SSLENFRAYV,1
CASSRGEGGNEQFF,SSLENFRAYV,0
CASSHGQGGQETQYF,SSLENFRAYV,0
CASSQDPRRFSNERLFF,SSLENFRAYV,0
CASSGGETLYF,SSLENFRAYV,1
CASSSLGDSYEQYF,SSLENFRAYV,0
CASSGGGEQYF,SSLENFRAYV,1
CASSGGGEVFF,SSLENFRAYV,1
CASSGGGNTGQLYF,SSLENFRAYV,1
CASSGDVFNYGYTF,SSLENFRAYV,0
CASSGGNEQYF,SSLENFRAYV,1
CASSGGQAPLF,SSLENFRAYV,1
CASSLDSYEQYF,SSLENFRAYV,0
CASSGGQAYEQYF,SSLENFRAYV,0
CASSQGSYGYTF,SSLENFRAYV,0
CASSGGSAETLYF,SSLENFRAYV,1
CASSSTITGMGDSGNTIYF,SSLENFRAYV,0
CASSGGSEQYF,SSLENFRAYV,1
CASSGGSTLYF,SSLENFRAYV,1
CASRGRSSYEHYF,SSLENFRAYV,0
CASSYGGEQYF,SSLENFRAYV,0
CASKTEGYSNQPQHF,SSLENFRAYV,0
CSVDGGGWWTEAFF,SSLENFRAYV,0
CAWSPGTVSEQYF,SSLENFRAYV,0
CASSLGQGLSYEQYF,SSLENFRAYV,0
CASSGLGGQAEQFF,SSLENFRAYV,1
CASRHEGGNNEQFF,SSLENFRAYV,0
CASSWGRTNTEAFF,SSLENFRAYV,0
CASSQGTGNTEAFF,SSLENFRAYV,0
CASSPSRSPYEQYF,SSLENFRAYV,0
CASSGNAEQFF,SSLENFRAYV,1
CASSGPEVFF,SSLENFRAYV,1
CASSGQANTEVF,SSLENFRAYV,1
CASSLGWQNNEQF,SSLENFRAYV,0
CASSSGLYSVF,SSLENFRAYV,0
CASSVEGQGATDTQYF,SSLENFRAYV,0
CASSSHEGGGASSPLHF,SSLENFRAYV,0
CATSAENEKLFF,SSLENFRAYV,0
CASSGRDSAETLYF,SSLENFRAYV,0
CASSWDGTLGQPQHF,SSLENFRAYV,0
CASSPSPGSEQYF,SSLENFRAYV,0
CASNRESAYTF,SSLENFRAYV,0
CSAPTSGGSNEQFF,SSLENFRAYV,0
CASSENTGELFF,SSLENFRAYV,0
CASSQDISGGLLSDTQYF,SSLENFRAYV,0
CAWSVLPEAFF,SSLENFRAYV,0
CASSPKTSGTSYEQYF,SSLENFRAYV,0
CASSQDLAGEGTDTQYF,SSLENFRAYV,0
CASREGYEQFF,SSLENFRAYV,0
CASSLAGGEQYF,SSLENFRAYV,0
CSVTGERGTDTQYF,SSLENFRAYV,0
CASSGSQAP,SSLENFRAYV,1
CASSEGPGVRNGYTF,SSLENFRAYV,0
CASTPALGAKQYF,SSLENFRAYV,0
CASSSGQAPLF,SSLENFRAYV,0
CASSGTENSDYTF,SSLENFRAYV,1
CASSGTGGHERLFF,SSLENFRAYV,1
CASSGTSAETLYF,SSLENFRAYV,1
CAIRAGGDEQF,SSLENFRAYV,0
CASSSDPVAVTNQPQHF,SSLENFRAYV,0
CASSHDRGQLYF,SSLENFRAYV,1
CASSFGQAPLF,SSLENFRAYV,0
CASSSQTARVGGYTF,SSLENFRAYV,0
CASSDSANTEVF,SSLENFRAYV,0
CASSYSGGYEQYF,SSLENFRAYV,0
CASSFGGTQYF,SSLENFRAYV,0
CASSQEGWDEQFF,SSLENFRAYV,0
CASSLLIYNEQFF,SSLENFRAYV,0
CASSPDPSGNEQFF,SSLENFRAYV,0
CSARVTSGSYEQYF,SSLENFRAYV,0
CASSYSRDNEQF,SSLENFRAYV,0
CASSIGDSYEQYF,SSLENFRAYV,0
CASSLTGGGDYAEQFF,SSLENFRAYV,0
CSAREAWRGRTEAFF,SSLENFRAYV,0
CASSHSSAETLYF,SSLENFRAYV,1
CAWGQGRYKQSRANVLTF,SSLENFRAYV,0
CASSYGQGYEQYV,SSLENFRAYV,0
CASSLDRDSQNTLYF,SSLENFRAYV,0
CASSIAGAQDTQYF,SSLENFRAYV,1
CASSIARWDSYEQYF,SSLENFRAYV,1
CASSLISLTNEQFF,SSLENFRAYV,0
CASSLTTEQQFF,SSLENFRAYV,0
CASSVEGSTEAFF,SSLENFRAYV,0
CASSPVGGDTEAFF,SSLENFRAYV,0
CASSQGSGSGNTIYF,SSLENFRAYV,0
CASSMGQGGETQYF,SSLENFRAYV,0
CASSIGDEQYF,SSLENFRAYV,1
CASSIGERLFF,SSLENFRAYV,1
CASSIGGEQYF,SSLENFRAYV,1
CASSIGLGLEDTQYF,SSLENFRAYV,1
CASSIGNEQYF,SSLENFRAYV,1
CASSIGSEQFF,SSLENFRAYV,1
CASSIGSEQYF,SSLENFRAYV,1
CASSIHQDTQYF,SSLENFRAYV,1
CASSIKISNERLFF,SSLENFRAYV,1
CASSISLRQFSAETLYF,SSLENFRAYV,1
CASSKLGGVNTLYF,SSLENFRAYV,1
CASSLADGKQFF,SSLENFRAYV,1
CASSLDGSNERLFF,SSLENFRAYV,1
CASSLDRAEVFF,SSLENFRAYV,1
CASSLDRDDTQYF,SSLENFRAYV,1
CASSLDRGDVFF,SSLENFRAYV,1
CASSLDRGEQYF,SSLENFRAYV,1
CASSLDRGEVFF,SSLENFRAYV,1
CASSLDRGGLFF,SSLENFRAYV,1
CASSLDRGQLF,SSLENFRAYV,1
CASSLDRGQV,SSLENFRAYV,1
CASSLDRGQVFF,SSLENFRAYV,1
CASSLDRGWVFF,SSLENFRAYV,1
CASSLDSAETLYF,SSLENFRAYV,1
CASSLDWGGAGQNTLYF,SSLENFRAYV,1
CASSLEGNQDTQYF,SSLENFRAYV,1
CASSLEGQGHQDTQYF,SSLENFRAYV,1
CASSLFGEQYF,SSLENFRAYV,1
CASSLFPTEVFF,SSLENFRAYV,1
CASSLGAEQF,SSLENFRAYV,1
CASSLGAEQFF,SSLENFRAYV,1
CASSLGAEVFF,SSLENFRAYV,1
CASSLGDEQF,SSLENFRAYV,1
CASSLGDEQYF,SSLENFRAYV,1
CASSLGDGLFF,SSLENFRAYV,1
CASSLGERLFF,SSLENFRAYV,1
CASSLGGENTLYF,SSLENFRAYV,1
CASSLGGEQF,SSLENFRAYV,1
CASSLGGEQYF,SSLENFRAYV,1
CASSLGGEV,SSLENFRAYV,1
CASSLGGEVF,SSLENFRAYV,1
CASSLGGEVFF,SSLENFRAYV,1
CASSLGGGVFF,SSLENFRAYV,1
CASSLGGPTEVFF,SSLENFRAYV,1
CASSLGGRVFF,SSLENFRAYV,1
CASSLGGYEQYF,SSLENFRAYV,1
CASSLGNEQYF,SSLENFRAYV,1
CASSLGQAPLF,SSLENFRAYV,1
CASSLGRGVFF,SSLENFRAYV,1
CASSLGSEQYF,SSLENFRAYV,1
CASSLGTDEQYF,SSLENFRAYV,1
CASSLGTEVFF,SSLENFRAYV,1
CASSLNRGRLYF,SSLENFRAYV,1
CASSLPEGPPGQLYF,SSLENFRAYV,1
CASSLPEGPTGQLYF,SSLENFRAYV,1
CASSLRASNTGQLYF,SSLENFRAYV,1
CASSLRDTEVFF,SSLENFRAYV,1
CASSLRDWENAEQFF,SSLENFRAYV,1
CASSLRDWGLYEQYF,SSLENFRAYV,1
CASSLSGFEQYF,SSLENFRAYV,1
CASSLSGTDFSNERLFF,SSLENFRAYV,1
CASSLSGYEQYF,SSLENFRAYV,1
CASSLSKTTEVFF,SSLENFRAYV,1
CASSLSLDWGEDTQYF,SSLENFRAYV,1
CASSLSLGGRAEQF,SSLENFRAYV,1
CASSLSNRGQDSDYTF,SSLENFRAYV,1
CASSLSPERLFF,SSLENFRAYV,1
CASSLSSRGPNSDYTF,SSLENFRAYV,1
CASSLSSRGQGSDYTF,SSLENFRAYV,1
CASSLSWDREGTLYF,SSLENFRAYV,1
CASSLTDEQYF,SSLENFRAYV,1
CASSLTGEQYF,SSLENFRAYV,1
CASSLTGGVQNTLYF,SSLENFRAYV,1
CASSLTPEEVFF,SSLENFRAYV,1
CSARGGDSVLRVGEQYF,SSLENFRAYV,0
CASSEPGPGRDGYTF,SSLENFRAYV,0
CASGGESAETLYF,SSLENFRAYV,0
CASSLGLEAFF,SSLENFRAYV,0
CASSLGPNTGELFF,SSLENFRAYV,0
CASSPGTGGGERLF,SSLENFRAYV,0
CASSFRGEGSYEQYF,SSLENFRAYV,0
CASSQAQGGETQYF,SSLENFRAYV,0
CASSGQSNERLFF,SSLENFRAYV,0
CATALRLGELFF,SSLENFRAYV,0
CASNQGGEQFF,SSLENFRAYV,0
CASSRTGQGQETQYF,SSLENFRAYV,0
CASRQGDGANVLTF,SSLENFRAYV,0
CASSFFTGDGEQYF,SSLENFRAYV,0
CAWSSADTYYEQYF,SSLENFRAYV,0
CAISAETLNEKLFF,SSLENFRAYV,0
CASTGGQYGYTF,SSLENFRAYV,0
CASSLGQTVTQETQYF,SSLENFRAYV,0
CASSLGDTNQPQHF,SSLENFRAYV,0
CASSPGQGFVKF,SSLENFRAYV,0
CASSIKGYNELF,SSLENFRAYV,0
CAWRPDWGGSAETLYF,SSLENFRAYV,0
CASSLLQGRQPQHF,SSLENFRAYV,0
CASSTGTSNTGELF,SSLENFRAYV,0
CASSVASGRAHEQYF,SSLENFRAYV,0
CSVGEGLAYEQYF,SSLENFRAYV,0
CASSQERQVSYEQYF,SSLENFRAYV,0
CASSNRASNEQFF,SSLENFRAYV,0
CASSFRDSGNTLYF,SSLENFRAYV,0
CASSQDRLDYGYTF,SSLENFRAYV,0
CASSPGQAEPQHF,SSLENFRAYV,0
CSGEDQETQYF,SSLENFRAYV,0
CASSFGISRSF,SSLENFRAYV,0
CASSGLRENTEAFF,SSLENFRAYV,0
CASSYSRAPKLENIQY,SSLENFRAYV,0
CASSYGGGYEQYF,SSLENFRAYV,0
CASSLAHQDTQYF,SSLENFRAYV,0
CASSTRDRRSQNTLYF,SSLENFRAYV,0
CASSTPGTLSVRYGYTF,SSLENFRAYV,0
CSAIVFSRGGDEQFF,SSLENFRAYV,0
CASSQEWAETYEQYF,SSLENFRAYV,0
CASSMGAEQFF,SSLENFRAYV,1
CASSMGGEVFF,SSLENFRAYV,1
CASSMGNPVFF,SSLENFRAYV,1
CASSTESAETLYF,SSLENFRAYV,0
CASFTANERLFF,SSLENFRAYV,0
CASSLRYTDTQYF,SSLENFRAYV,0
CASSYGHPGEQYF,SSLENFRAYV,0
CASSLYRGEKLFF,SSLENFRAYV,0
CASSQGTINTGELFF,SSLENFRAYV,0
CASSLGIYGYTF,SSLENFRAYV,0
CASSVDKGGTDTQYF,SSLENFRAYV,0
CASTQQGDYAEQFF,SSLENFRAYV,0
CASSILGDTGQLF,SSLENFRAYV,0
CASSRYGLSSTDTQYF,SSLENFRAYV,0
CASSLGAVNNEQFF,SSLENFRAYV,0
CASRIRGSYEQYF,SSLENFRAYV,0
CASSDEGDRGGYEQYF,SSLENFRAYV,0
CASSNQDRDYTGQLYF,SSLENFRAYV,1
CASSLDVPDTQYF,SSLENFRAYV,0
CASIDSGAATDTQYF,SSLENFRAYV,0
CASRTGAANIYEQHF,SSLENFRAYV,0
CAWARDRTNERLFF,SSLENFRAYV,0
CASDNWGVAETL,SSLENFRAYV,0
CATSDSTGSYGYTF,SSLENFRAYV,0
CASSPTGGNTGELFF,SSLENFRAYV,0
CASSNWGTNTGQLYF,SSLENFRAYV,0
CASSLGIPTGYEQYF,SSLENFRAYV,0
CASSFSLPYEQYF,SSLENFRAYV,0
CASSMGAAPYEQYF,SSLENFRAYV,0
CASSPDGEQFF,SSLENFRAYV,1
CASSGRAAGELFF,SSLENFRAYV,0
CASSPDITEVFF,SSLENFRAYV,1
CASSLAPGDGYEQYF,SSLENFRAYV,0
CASSWGRIYGYTF,SSLENFRAYV,0
CASSPAGGHEQYF,SSLENFRAYV,0
CASSPDRGALYF,SSLENFRAYV,1
CASSPDRGKVEAF,SSLENFRAYV,1
CASKPARANEQFF,SSLENFRAYV,0
CASSPDRGQLYF,SSLENFRAYV,1
CASSPDRGQVFF,SSLENFRAYV,1
CASSPDRGRLFF,SSLENFRAYV,1
CASSQGLGGRGEQYF,SSLENFRAYV,0
CSASPRTGGIYEQYF,SSLENFRAYV,0
CASSSDWDSAETLYF,SSLENFRAYV,0
CASSPDSAETLYF,SSLENFRAYV,1
CASSLGVYEQYF,SSLENFRAYV,0
CASSVSSYEQYF,SSLENFRAYV,0
CASSPMNEQFF,SSLENFRAYV,0
CASSDPTGGYAEQF,SSLENFRAYV,0
CASSDPTADYNEQFF,SSLENFRAYV,0
CASSFETEAFF,SSLENFRAYV,0
CASSGDSDEQYF,SSLENFRAYV,0
CASSSTRQSPYNEQF,SSLENFRAYV,0
CASSPRTGPLKNIQYF,SSLENFRAYV,0
CASSLATRATYEQYF,SSLENFRAYV,0
CASSLGDNTEAFF,SSLENFRAYV,0
CASSQDRGPHSGANVLTF,SSLENFRAYV,0
CASHYGGSSYEQYF,SSLENFRAYV,0
CASRQTFNQDTQYF,SSLENFRAYV,0
CASSLVRWLQSRANVLTF,SSLENFRAYV,0
CASSPPGVREQFF,SSLENFRAYV,0
CASGAWDRQNTLYF,SSLENFRAYV,0
CASSARQDSGNTLYF,SSLENFRAYV,0
CASSREDRGPQDTQYF,SSLENFRAYV,0
CASRGRSSYEQYF,SSLENFRAYV,0
CASSGSRVPYEQYF,SSLENFRAYV,0
CASRPPDTGELF,SSLENFRAYV,0
CASSLWGGTEAFF,SSLENFRAYV,0
CASSPGDTGQLYF,SSLENFRAYV,0
CSARRTGSTYNEQFF,SSLENFRAYV,0
CASRAPGLAFQETQYF,SSLENFRAYV,0
CASSAGSYGYTF,SSLENFRAYV,0
CASSQEADSYEQYF,SSLENFRAYV,0
CAISEASGVTYEQYF,SSLENFRAYV,0
CASSPGQDYEQYF,SSLENFRAYV,1
CASSFISGYNEQFF,SSLENFRAYV,0
CASSLRSNTEAFF,SSLENFRAYV,0
CASGTGTGELFF,SSLENFRAYV,0
CASSPQRNTEAFF,SSLENFRAYV,0
CSVQRRADEQFF,SSLENFRAYV,0
CASSADWGYAEQFF,SSLENFRAYV,0
CASSPGQLF,SSLENFRAYV,1
CAWSWSSTDTQYF,SSLENFRAYV,0
CASSLTGSEAF,SSLENFRAYV,0
CASSLGAEVFF,SSLENFRAYV,0
CASSPGSTEV,SSLENFRAYV,1
CASSQEYDSGGSPLHF,SSLENFRAYV,0
CASSPGTEVF,SSLENFRAYV,1
CASSQGGRQYF,SSLENFRAYV,0
CASSFGTYAEQFF,SSLENFRAYV,0
CASSSDGDRHGYTF,SSLENFRAYV,0
CASSPLSTDTQYF,SSLENFRAYV,0
CATSDVTGEETQYF,SSLENFRAYV,0
CASSSNQGHNYGYTF,SSLENFRAYV,0
CASSARTSGGADTQYF,SSLENFRAYV,0
CSTPDGQDDTEAFF,SSLENFRAYV,0
CASSPGYSDYTF,SSLENFRAYV,1
CSVGKSTSVPLNEQFF,SSLENFRAYV,0
CASSETGGHSDYTF,SSLENFRAYV,0
CSARDEVGNTIYF,SSLENFRAYV,0
CASSQDIGNFEQFF,SSLENFRAYV,0
CASSFRLDRYGYTF,SSLENFRAYV,0
CASSLMLQQETQYF,SSLENFRAYV,0
CASSQEGYEQYF,SSLENFRAYV,0
CASSPLGANTGQLYF,SSLENFRAYV,1
CASSSAITGMGDSGNTIYF,SSLENFRAYV,0
CASSTTVSGNTIYF,SSLENFRAYV,0
CASSPLGGRRDTQYF,SSLENFRAYV,1
CASSQSPGGFQYF,SSLENFRAYV,0
CSVKNYSGANVLTF,SSLENFRAYV,0
CASSFTRQSPYNEQF,SSLENFRAYV,0
CASSLRTSGSHEQYF,SSLENFRAYV,0
CSAFDRVYGYTF,SSLENFRAYV,0
CATSRDLSFGYGYTF,SSLENFRAYV,0
CASSLFLAGGYEQYF,SSLENFRAYV,0
CASSLLSGRKGDTQYF,SSLENFRAYV,0
CASSLVQGYEQYF,SSLENFRAYV,0
CANSYATGIGNYGYTF,SSLENFRAYV,0
CATSRGTGQTYEQYF,SSLENFRAYV,0
CASSQLAAGTDSYEQYF,SSLENFRAYV,0
CSSRARGCAGKQYF,SSLENFRAYV,0
CASSSGGEVFF,SSLENFRAYV,0
CASSSGQAYEQF,SSLENFRAYV,0
CASSRWENEQFF,SSLENFRAYV,0
CAWSPLTGGESGNTLYF,SSLENFRAYV,0
CASSRDWGYEQYF,SSLENFRAYV,0
CASSRRPGLGETQYF,SSLENFRAYV,0
CSARPRVFRALETQYF,SSLENFRAYV,0
CASRLGLAGGINEQF,SSLENFRAYV,0
CASSLGDGLFF,SSLENFRAYV,0
CASSLLQGPSYEQFF,SSLENFRAYV,0
CASGGLESAETLYF,SSLENFRAYV,0
CASSFGPYGYTF,SSLENFRAYV,0
CSARGDPNYEQYF,SSLENFRAYV,0
CASSGTSAETLYF,SSLENFRAYV,0
CASSLRGGGEKLFF,SSLENFRAYV,0
CASWDSNQAPLF,SSLENFRAYV,0
CSVEQGGDTQYF,SSLENFRAYV,0
CAGSSLNTEAF,SSLENFRAYV,0
CASSLGSAPGELFF,SSLENFRAYV,0
CSASLLASTSGGAGNEQFF,SSLENFRAYV,0
CASSQSPGGQQFF,SSLENFRAYV,0
CSVTPTGYEQYF,SSLENFRAYV,0
CASSQEGLGVSLHF,SSLENFRAYV,0
CASRQDRWEKMGQNIRRF,SSLENFRAYV,0
CASSQLQGPTEAFF,SSLENFRAYV,0
CASSLEEASRMNTEAFF,SSLENFRAYV,0
CASSDQREETQYF,SSLENFRAYV,0
CASSLLAGGPNYNEQFF,SSLENFRAYV,0
CSAYPGPNYGEQYF,SSLENFRAYV,0
CASRALRGDNEQF,SSLENFRAYV,0
CASSPDRGTEAFF,SSLENFRAYV,0
CSVDPTDGENTEAFF,SSLENFRAYV,0
CSASIFRDLTHNEQF,SSLENFRAYV,0
CARTGAGGNTIYF,SSLENFRAYV,0
CASSLAQGRTEAFF,SSLENFRAYV,0
CASSPRDWGNYEQYF,SSLENFRAYV,1
CASTSWAQASTDTQYF,SSLENFRAYV,0
CASSLRGTETEAFF,SSLENFRAYV,0
CASSNGQGAETQYF,SSLENFRAYV,0
CASSLVGSYNEQF,SSLENFRAYV,0
CASSLDHGTGGDTQYF,SSLENFRAYV,0
CSVGAGGTNEKLF,SSLENFRAYV,0
CASSAGTNTEVF,SSLENFRAYV,0
CASSLGGTYEQYF,SSLENFRAYV,0
CASSPSRATEVFF,SSLENFRAYV,0
CASSNRASEKLFF,SSLENFRAYV,0
CAGWDRTPYEQYF,SSLENFRAYV,0
CAISDMSWEQYF,SSLENFRAYV,0
CAPERGAEETQYF,SSLENFRAYV,0
CASSTGSAETLYF,SSLENFRAYV,0
CASLRGEGTEVF,SSLENFRAYV,0
CASSLESGELFF,SSLENFRAYV,0
CSAETLQSTVQPQHF,SSLENFRAYV,0
CASSYSEGYEQYF,SSLENFRAYV,0
CAWSVWDRGYEQYF,SSLENFRAYV,0
CASSLAWGQLSGYTF,SSLENFRAYV,0
CACSIRSAYEQYF,SSLENFRAYV,0
CASSQEAGGEQYF,SSLENFRAYV,0
CASSEGWVDTQYF,SSLENFRAYV,0
CASSQGRTSWQFF,SSLENFRAYV,0
CASSPTGGDQNTLYF,SSLENFRAYV,0
CASSQDFRGGYEQYL,SSLENFRAYV,0
CASSLSAGPGANVLTF,SSLENFRAYV,0
CASSLSQGAYAEQFF,SSLENFRAYV,0
CASSFADSAETLYF,SSLENFRAYV,0
CASSLGTTYEQYF,SSLENFRAYV,0
CASSWTGNTEAFF,SSLENFRAYV,0
CASSPSSAETLYF,SSLENFRAYV,1
CAWSLVEGTGELFF,SSLENFRAYV,0
CASSPTGEVFF,SSLENFRAYV,1
CASSPNYGEQFF,SSLENFRAYV,0
CASSIGGLAGNEQF,SSLENFRAYV,0
CASSPTGGDQNTLYF,SSLENFRAYV,1
CASSQDVSDTGELFF,SSLENFRAYV,0
CASSPTGGGNERLFF,SSLENFRAYV,1
CASRPDRSHEQYF,SSLENFRAYV,0
CASGELGASAETLYF,SSLENFRAYV,0
CASSLEGANYGYTF,SSLENFRAYV,0
CASSPTGQLYF,SSLENFRAYV,1
CASSVEVTPYEQYF,SSLENFRAYV,0
CASSFRSPNERNF,SSLENFRAYV,0
CASSFFVGAGVGETQYF,SSLENFRAYV,0
CASSPGLGGHYEQYF,SSLENFRAYV,0
CASSLGPTEAF,SSLENFRAYV,0
SGGAHEQYF,SSLENFRAYV,0
CSVPEGNTGELFF,SSLENFRAYV,0
CASSPPTDSAETLYF,SSLENFRAYV,0
CASSQSIGGELF,SSLENFRAYV,0
CASSLHFEVEKLF,SSLENFRAYV,0
CAISGGSGDNEQF,SSLENFRAYV,0
CASSQQGSGNTLYF,SSLENFRAYV,0
CASSPTTSAETLYF,SSLENFRAYV,1
CASSTTSSTTSYEQYF,SSLENFRAYV,0
CSGGANTGQLF,SSLENFRAYV,0
CASSLQGGEQYF,SSLENFRAYV,0
CASSRPDSAETLYF,SSLENFRAYV,0
CASSTGGDTQYF,SSLENFRAYV,0
CAWSAGVNTGELFF,SSLENFRAYV,0
CASSEYATSNEQFF,SSLENFRAYV,0
CASSFLAGGNNEQF,SSLENFRAYV,0
CSVVGTGSVITNEKLFF,SSLENFRAYV,0
CASSYSGHNEQFF,SSLENFRAYV,0
CASSPYEQYF,SSLENFRAYV,1
CASSPTPGQRNGYTF,SSLENFRAYV,0
CASSYSEQGYGYTF,SSLENFRAYV,0
CASSLVGGDTEAF,SSLENFRAYV,0
CASSQAEVFF,SSLENFRAYV,1
CASRGLAGEQYF,SSLENFRAYV,0
CASSQAGDSYEQYF,SSLENFRAYV,1
CASSVGSEAYTYEQYF,SSLENFRAYV,0
CASSGLAGARNEQYF,SSLENFRAYV,0
CASSQDRNTGQLYF,SSLENFRAYV,0
CAWNRGSTDTQYF,SSLENFRAYV,0
CASRLFSTSGIYEQYF,SSLENFRAYV,0
CASSLTSFTSYEQYF,SSLENFRAYV,0
CASSVGVAGFNEKLFF,SSLENFRAYV,0
CASSLVENTEAFF,SSLENFRAYV,0
CASSQETIAKNIQYF,SSLENFRAYV,0
CSVPVFGRGTGELFF,SSLENFRAYV,0
CASSYVGGGYTF,SSLENFRAYV,0
CATSAISGTRKTYGYTF,SSLENFRAYV,0
CTCSAASGSNSDYTF,SSLENFRAYV,0
CASSVGDGGANTQYF,SSLENFRAYV,0
CASSQDEDGFYEQYF,SSLENFRAYV,1
CSARDQTAYYGYTF,SSLENFRAYV,0
CASSQDFEQYF,SSLENFRAYV,1
CASSSRTGAQETQYF,SSLENFRAYV,0
CASIPWTSGRALDTQYF,SSLENFRAYV,0
CGARDGGGEQYF,SSLENFRAYV,0
CASRVGGAGNNEQFF,SSLENFRAYV,0
CASSSLRVETQYF,SSLENFRAYV,0
CASSAGTPLYYGYTF,SSLENFRAYV,0
CASSARTSGSDEQYF,SSLENFRAYV,0
CSARGVASYEQYF,SSLENFRAYV,0
CASSAQGDSYEQYF,SSLENFRAYV,0
CASSFSPGPNTEAFF,SSLENFRAYV,0
CASSQDGQGQDTQYF,SSLENFRAYV,1
CASSPGPTGELFF,SSLENFRAYV,0
CASSFGPDEQYF,SSLENFRAYV,0
CASSLSYTPHQPQHF,SSLENFRAYV,0
CASSLKLAGTDTQYF,SSLENFRAYV,0
CAASARSMDSNYQLIW,SSLENFRAYV,0
CASSLGVNQPQHF,SSLENFRAYV,0
CASSTGAPP,SSLENFRAYV,0
CASSARTSGGLDEQFF,SSLENFRAYV,0
CASSQDKDFSNERLFF,SSLENFRAYV,1
CASSELAAGTDTQYF,SSLENFRAYV,0
CASGDDWASAETLYF,SSLENFRAYV,0
CSVGTGEDGEQYF,SSLENFRAYV,0
CASSYALATTRRNTIYF,SSLENFRAYV,0
CTCSAGGGQNTLYL,SSLENFRAYV,0
CASSQRMGLSETQYF,SSLENFRAYV,0
CASSQDLGGFEQYF,SSLENFRAYV,1
CAWDWGSSAETLYF,SSLENFRAYV,0
CASSLLEIHEQYF,SSLENFRAYV,0
CAISESGGETNEQFF,SSLENFRAYV,0
CASSQDPGDYEQYF,SSLENFRAYV,1
CASSQDPGGNTGQLYF,SSLENFRAYV,1
CASSLHETGMNTEAFF,SSLENFRAYV,0
CASSLGGLAKQETQYF,SSLENFRAYV,0
CASSQGRGWQTQYF,SSLENFRAYV,0
CASSQDPRRFSNERLFF,SSLENFRAYV,1
CASSLGGPYEQYF,SSLENFRAYV,0
CASSQGTSQFNEQF,SSLENFRAYV,0
CASKAKTVTYKQYF,SSLENFRAYV,0
CASSLAPASGRRDNEQFF,SSLENFRAYV,0
CSARDRWNSLGEQYF,SSLENFRAYV,0
CASSRRSTQPQHF,SSLENFRAYV,0
CASTPGDEQFF,SSLENFRAYV,0
CASSVTSGNDEQFF,SSLENFRAYV,0
CASSIGLGLEDTQYF,SSLENFRAYV,0
CASSQDRNTLYF,SSLENFRAYV,1
CAWSPQVVEAFF,SSLENFRAYV,0
CASSQDRNSGYGYTF,SSLENFRAYV,0
CASSPWGGKETQYF,SSLENFRAYV,0
CARTSGQGVFMNTEAFF,SSLENFRAYV,0
CASSQDSAETLYF,SSLENFRAYV,1
CASSLSGGLWSYEQYF,SSLENFRAYV,0
CASSLSDTQYF,SSLENFRAYV,0
CSARDVGGPDTQYF,SSLENFRAYV,0
CASSQAGSREQYF,SSLENFRAYV,0
CASSLAVEGITEAFF,SSLENFRAYV,0
CASGEGTGVEQYF,SSLENFRAYV,0
CASSELGGAGTGELF,SSLENFRAYV,0
CASSARGYDEQFF,SSLENFRAYV,0
CASRGGDGETQYF,SSLENFRAYV,0
CASTPGSSYNEQFF,SSLENFRAYV,0
CSVEDFYNEQSF,SSLENFRAYV,0
CASSQDWGWSYEQYF,SSLENFRAYV,1
CASLSGGGEQF,SSLENFRAYV,0
CSALDRAIANTGELFF,SSLENFRAYV,0
CASSQEADSYEQYF,SSLENFRAYV,1
CASSYTGTGGTEAFF,SSLENFRAYV,0
CASSPGLTEAFF,SSLENFRAYV,0
CASSQEARGNERLFF,SSLENFRAYV,1
CASSQEDSDTGQLYF,SSLENFRAYV,1
CSARDGTRAHYEQFF,SSLENFRAYV,0
CASSQEGAGDSDYTF,SSLENFRAYV,1
CASSLELGDYAEQFF,SSLENFRAYV,0
CASSQEGDSYEQYF,SSLENFRAYV,1
CASSQEGGGDSDYTF,SSLENFRAYV,1
CASSQEGGGNSDYTF,SSLENFRAYV,1
CASSQEGGPNSDYTF,SSLENFRAYV,1
CASSRGLGVEQYF,SSLENFRAYV,0
CASSPMTGAEQFF,SSLENFRAYV,0
CASSQDKGQANTEVFF,SSLENFRAYV,0
CASSQEGQANSDYTF,SSLENFRAYV,1
CASSLRRGVDTGELFF,SSLENFRAYV,0
CASRIRTSGGEQYF,SSLENFRAYV,0
CASSDSYRGSYNEQF,SSLENFRAYV,0
CASSLYGFYEQYF,SSLENFRAYV,0
CASALEQGGYNEQF,SSLENFRAYV,0
CASSQSSGGTQYF,SSLENFRAYV,0
CASSLYVYSYEQYF,SSLENFRAYV,0
CASSARTSGGTDTQYF,SSLENFRAYV,0
CATSKRTDGYGYTF,SSLENFRAYV,0
CASGLDGGPEQFF,SSLENFRAYV,0
CASSLESGTGELFF,SSLENFRAYV,0
CASSQETGGVTYEQYF,SSLENFRAYV,1
CASSVRQGVTYEQYF,SSLENFRAYV,0
CASSLRGAGVFETQYF,SSLENFRAYV,0
CASSSRSGIEQFF,SSLENFRAYV,0
CASSQEVGYEQYF,SSLENFRAYV,1
CASSPGQGSTDTQYF,SSLENFRAYV,0
CASSNVGPYDKSRANVLTF,SSLENFRAYV,0
CSALEGGYEQYF,SSLENFRAYV,0
CSVGQGGTNEKLF,SSLENFRAYV,0
CASSGQDSAETLYF,SSLENFRAYV,0
CASSLTGSGTGELFF,SSLENFRAYV,0
CASSQGDEQYF,SSLENFRAYV,1
CASSQGDTQYF,SSLENFRAYV,1
CSVMRTDFQYF,SSLENFRAYV,0
CASSQGERLFF,SSLENFRAYV,1
CASSQGERQFF,SSLENFRAYV,1
CASSLGQGGYEQFF,SSLENFRAYV,0
CATDSYGQYF,SSLENFRAYV,0
CAISETAGADTQYF,SSLENFRAYV,0
CASSQGGRQYF,SSLENFRAYV,1
CSADAFF,SSLENFRAYV,0
CASDIEYQSRANVLTF,SSLENFRAYV,0
CAWSGAYEQYF,SSLENFRAYV,0
CASSYSASGGEQFF,SSLENFRAYV,0
CAISEGAAYGYTF,SSLENFRAYV,0
CASRSGTYDNSPLHF,SSLENFRAYV,0
CASSPRQGKEAF,SSLENFRAYV,0
CATTLGLAGDEQYF,SSLENFRAYV,0
CASTTPTTGGYEQYF,SSLENFRAYV,0
CTCSGGQGGYEQYF,SSLENFRAYV,0
CSARVRGDVYGYTF,SSLENFRAYV,0
CASSQGREQYF,SSLENFRAYV,1
CASSQDGSGGHTEQFF,SSLENFRAYV,0
CAWSVFNRGTGYTF,SSLENFRAYV,0
CASSIGQGPYEQYF,SSLENFRAYV,0
CASSPTSGGYEQYF,SSLENFRAYV,0
CASSLVGTNIQYF,SSLENFRAYV,0
CALTGGDYGYTF,SSLENFRAYV,0
CASSGGTSGAYEQYF,SSLENFRAYV,0
CASSQGTEVFF,SSLENFRAYV,1
CATKDRSSYEQYF,SSLENFRAYV,0
CASSQRSGQGNSPLHF,SSLENFRAYV,0
CASSESGAREILNEQFF,SSLENFRAYV,0
CASSVWTGHDEQFF,SSLENFRAYV,0
CASSADRDGNTLYF,SSLENFRAYV,0
CASSQFPGGTQYF,SSLENFRAYV,0
CASSPLTDTQYF,SSLENFRAYV,0
CASSSSGGEYNEQFF,SSLENFRAYV,0
CASSGDTDTQYF,SSLENFRAYV,0
CASSFRGSMNTGELFF,SSLENFRAYV,0
CASSQGQANEKLFF,SSLENFRAYV,0
CAIETTSAETLYF,SSLENFRAYV,0
CASSQGLAGDLQETQYF,SSLENFRAYV,0
CASSLYGGESQETQYF,SSLENFRAYV,0
CATSCDYSYQQSRANVLTF,SSLENFRAYV,0
CASSLGAGGPSDTQYF,SSLENFRAYV,0
CASSLSGGFNAEQFF,SSLENFRAYV,0
CASRERLATTIRTEAFF,SSLENFRAYV,0
CASSLTAGLHSNQPQHF,SSLENFRAYV,0
CASSWTVYYEQYF,SSLENFRAYV,0
CASSFGQAWETQYF,SSLENFRAYV,0
CASSPTGGLETQYF,SSLENFRAYV,0
CASSQQQDSYEQYF,SSLENFRAYV,1
CASSQVFPPPSQYF,SSLENFRAYV,0
CASDHRLNTEVF,SSLENFRAYV,0
CASRIWYIRNEETQYF,SSLENFRAYV,0
CASSPRSMAFLF,SSLENFRAYV,0
CASSPMSLRGNEQFF,SSLENFRAYV,0
CASSSLVNTGELF,SSLENFRAYV,0
CASSLYSNQPQHF,SSLENFRAYV,0
CASSGEGVEQYF,SSLENFRAYV,0
CASSRLASGTDTQYF,SSLENFRAYV,0
CASSGLASGTGELFF,SSLENFRAYV,0
CASSSGGAFYEQYF,SSLENFRAYV,0
CASSLMDTDTQYF,SSLENFRAYV,0
CASSSLGQLETQYF,SSLENFRAYV,0
CASSLTDPYEQYF,SSLENFRAYV,0
CASSYRSTQPQHF,SSLENFRAYV,0
CASSPRQGAGETQYF,SSLENFRAYV,0
CASSQTGASSYEQYF,SSLENFRAYV,1
CASSEYQEPYNEQFF,SSLENFRAYV,0
CASSSFSAETLYF,SSLENFRAYV,0
CASPGTSAETLYF,SSLENFRAYV,0
CASRMNILHVLDEQYF,SSLENFRAYV,0
CASSYGLAEQFF,SSLENFRAYV,0
CASSPSSGGITDTQYF,SSLENFRAYV,0
CASDGGERLFF,SSLENFRAYV,0
CASSQVLRGVYGYTF,SSLENFRAYV,0
CASSAGIRTEAFF,SSLENFRAYV,0
CASSLVLYEQYF,SSLENFRAYV,0
CASSQDTGASYEQYF,SSLENFRAYV,0
CGARDHRGSQYF,SSLENFRAYV,0
CASSPGRDTEVF,SSLENFRAYV,0
CASSVRSRSRKIYGHTF,SSLENFRAYV,0
CASSESSREVSYNSPLHF,SSLENFRAYV,0
CASSIRATDTQYF,SSLENFRAYV,0
CASSLASTGELFF,SSLENFRAYV,0
CASSPFHDSGHYGYTF,SSLENFRAYV,0
CASSTPKGGVSYEQYF,SSLENFRAYV,0
CASNLAGVNTEVFF,SSLENFRAYV,0
CASSDTGANYAEVF,SSLENFRAYV,0
CASRIPDRNEQFF,SSLENFRAYV,0
CASSRDLEVF,SSLENFRAYV,1
CSAMAGGLRIYNEQF,SSLENFRAYV,0
CASSLLFGLYPGNTIYF,SSLENFRAYV,0
CASSSSGIGETQYF,SSLENFRAYV,0
CASSEWDTEAFF,SSLENFRAYV,0
CASDPDSLIHNTGELFF,SSLENFRAYV,0
CASSLWAGGPETQYF,SSLENFRAYV,0
CASSNLRWKGRGYTF,SSLENFRAYV,0
CASSRDSAETLYF,SSLENFRAYV,1
CASSYTTSSYNEQFF,SSLENFRAYV,0
CASSHSRGQVDTQYF,SSLENFRAYV,0
CATAPREDRVGNEAF,SSLENFRAYV,0
CASSTRSQETQYF,SSLENFRAYV,0
CASSREAGTAEQ,SSLENFRAYV,1
CASSREDRGPQDTQYF,SSLENFRAYV,1
CSVEAGGVSEAFF,SSLENFRAYV,0
CASSREEANTGQLYF,SSLENFRAYV,1
CASSRELGEENEQYF,SSLENFRAYV,1
CASSLSGFGNTIYF,SSLENFRAYV,0
CASSREQDRGWEQYF,SSLENFRAYV,1
CASSRERDRDAEQFF,SSLENFRAYV,1
CASSRETGGAEQFF,SSLENFRAYV,1
CASSRETGGIEQYF,SSLENFRAYV,1
CASSRETGNQDTQYF,SSLENFRAYV,1
CASSRETGVSYEQYF,SSLENFRAYV,1
CASSREVQEGAEQ,SSLENFRAYV,1
CASSLIFPGELFF,SSLENFRAYV,0
CASSAGLDAEQF,SSLENFRAYV,0
CASSTHDRDGGGSAQHF,SSLENFRAYV,0
CASSPGASGVGELFF,SSLENFRAYV,0
CASSFREAYEQYF,SSLENFRAYV,0
CASSLEGTAWSDTQYF,SSLENFRAYV,0
CASSRGREQYF,SSLENFRAYV,1
CASSPRARGNQPQHF,SSLENFRAYV,0
CASSNANSGLTGELFF,SSLENFRAYV,0
CASSQVIDQETQYF,SSLENFRAYV,0
CASSRGWGGPYNYAEQFF,SSLENFRAYV,1
CVGRKGRDGYPF,SSLENFRAYV,0
CASSLDRVEQYF,SSLENFRAYV,0
CASSLATDGYTF,SSLENFRAYV,0
CASSRLGDSYEQYF,SSLENFRAYV,1
CASSSRLADEQFF,SSLENFRAYV,0
CSARGQAPYEQYF,SSLENFRAYV,0
CASSPLYGYTF,SSLENFRAYV,0
CASSQMPGTTDTQYF,SSLENFRAYV,0
CASSSFADRAGNQPQHF,SSLENFRAYV,0
CASTPGELAGGGETQYF,SSLENFRAYV,0
CASSRQGSNERLFF,SSLENFRAYV,1
CAWSVIGPYEPYF,SSLENFRAYV,0
CASRNRNSAETLYF,SSLENFRAYV,0
CSARDGLMEGAGELFF,SSLENFRAYV,0
CSAPFGLAGEGGNEQFF,SSLENFRAYV,0
CASRRGQEKLFF,SSLENFRAYV,0
CASRDSLTGELFF,SSLENFRAYV,0
CASSLSVLSSPLHF,SSLENFRAYV,0
CASSSRGQLDTQYF,SSLENFRAYV,0
CASSRDRGPIGEQYF,SSLENFRAYV,0
CASSLGGLAPSTDTQYF,SSLENFRAYV,0
CASSTLGTSAETLYF,SSLENFRAYV,0
CASSKFANTEVFF,SSLENFRAYV,0
CASSYPKGGRAFF,SSLENFRAYV,0
CASSEGQGYEQYF,SSLENFRAYV,0
CASSQDGSADNEKLFF,SSLENFRAYV,0
CASSLRATYEQYF,SSLENFRAYV,0
CASSFGSGAPGELFF,SSLENFRAYV,0
CASSLTTGVFSQPQHF,SSLENFRAYV,0
CSARDPIRLISYEQYF,SSLENFRAYV,0
CASSIDSAETLYF,SSLENFRAYV,0
CASSWMTGEGTEAFF,SSLENFRAYV,0
CASSSDRGGYNEQFF,SSLENFRAYV,0
CASSLRAWETQYF,SSLENFRAYV,0
CASSQATGYEQYF,SSLENFRAYV,0
CASSLVDSGLYEQYF,SSLENFRAYV,0
CASSALASGGRDTQYF,SSLENFRAYV,0
CASSQSPSGTQYF,SSLENFRAYV,0
CASSSAPEQYF,SSLENFRAYV,1
CASSLAYSGANVLTF,SSLENFRAYV,0
CASTGTDSAETLYF,SSLENFRAYV,0
CASSQGQGGYEQYF,SSLENFRAYV,0
CASSMRSAGELFF,SSLENFRAYV,0
CSVVEGANEQYF,SSLENFRAYV,0
CASSFWGLPHQETQYF,SSLENFRAYV,0
CASSPYRTGNIQYF,SSLENFRAYV,0
CASSEDRDTEAFF,SSLENFRAYV,0
CASDWGDSAETLYF,SSLENFRAYV,0
CACASSCASSPGQYTEVF,SSLENFRAYV,0
CASSKSRGSYEQYF,SSLENFRAYV,0
CSALIFVSQSRANVLTF,SSLENFRAYV,0
CASSIRTGGDTQYF,SSLENFRAYV,0
CASSWGSSPAETQYF,SSLENFRAYV,0
CASSSGEAPLF,SSLENFRAYV,1
CASSSGEGVFF,SSLENFRAYV,1
CASSSGETLYF,SSLENFRAYV,1
CASSASGGAGNEQFF,SSLENFRAYV,0
CASSSGGEQYF,SSLENFRAYV,1
CASGTEIFYYEQYF,SSLENFRAYV,0
CASSSGGEVFF,SSLENFRAYV,1
CASSSGGGLFF,SSLENFRAYV,1
CASSSGGGQFF,SSLENFRAYV,1
CASSSGGGVFF,SSLENFRAYV,1
CASSLGWGAYEQYF,SSLENFRAYV,0
CSETGVSDEQFF,SSLENFRAYV,0
CASSYGTGNIQYF,SSLENFRAYV,0
CASSSGQAPLF,SSLENFRAYV,1
CASSQVRGGYEQF,SSLENFRAYV,0
CASSPNRGPADEQYF,SSLENFRAYV,0
CASSTRSAAPLHF,SSLENFRAYV,0
CASSSGQEVFF,SSLENFRAYV,1
CASSPGGNQPQHF,SSLENFRAYV,0
CASSLRGGNTDTQYF,SSLENFRAYV,0
CASSLGGGGLFF,SSLENFRAYV,0
CSASNQESYGYTF,SSLENFRAYV,0
CASSSGRDTEVFF,SSLENFRAYV,1
CASSSGREVFF,SSLENFRAYV,1
CASSQADHYEQYF,SSLENFRAYV,0
CAWSVPGTSGHQPQHF,SSLENFRAYV,0
CASSLAPGMDFF,SSLENFRAYV,0
CASTPGLAVNNEQFF,SSLENFRAYV,0
CASSSGTEVFF,SSLENFRAYV,1
CASSPTSSTPSYAQYF,SSLENFRAYV,0
CASSLVGSYEQYF,SSLENFRAYV,0
CASSKAPPIVMQDTQYF,SSLENFRAYV,0
CASSSPRDNQDTQYF,SSLENFRAYV,0
CSVAETGDGNTEAFF,SSLENFRAYV,0
CASSVEVYNSPLHF,SSLENFRAYV,0
CASTPPGF,SSLENFRAYV,0
CSVEGLYEQYF,SSLENFRAYV,0
CSPPGDNEQFF,SSLENFRAYV,0
CASSLDPRMNTEAF,SSLENFRAYV,0
CASSSHLEVFF,SSLENFRAYV,1
CASSQGVNTGELFF,SSLENFRAYV,0
CASSSPSGYEQYF,SSLENFRAYV,0
CASSTAGIGYNEQFF,SSLENFRAYV,0
CASSSRGSGEKLFF,SSLENFRAYV,0
CSAMEAGAPGEQYF,SSLENFRAYV,0
CASSIRASNEQFF,SSLENFRAYV,0
CASSTTRESGSPLHF,SSLENFRAYV,0
CASSLLLGVLAEQFF,SSLENFRAYV,0
CASSFYSSGRNSYF,SSLENFRAYV,0
CASSLGQVSVGNEQF,SSLENFRAYV,0
SPGTGRDTQYF,SSLENFRAYV,0
CASSGDSYAEQYTF,SSLENFRAYV,0
CASSGQEYGYTF,SSLENFRAYV,0
CASIWAGLGQPQHF,SSLENFRAYV,0
CASSPTSGSRAGNEQFF,SSLENFRAYV,0
CASSLSGNEQYF,SSLENFRAYV,0
CASSLWAGVSDTQYF,SSLENFRAYV,0
CSASASLTSGANVLTF,SSLENFRAYV,0
CASSSPAEQFF,SSLENFRAYV,1
CASSSPDTQYF,SSLENFRAYV,1
CASSSNRGPEQFF,SSLENFRAYV,0
CASSSPGEQYF,SSLENFRAYV,1
CASSSLSADTQYF,SSLENFRAYV,0
CASSYPGQGEHEQYF,SSLENFRAYV,0
CASSVPGQGDTGQLYF,SSLENFRAYV,0
CASSLIGLGEDTQYF,SSLENFRAYV,0
CASSPDGEQFF,SSLENFRAYV,0
CASSQDWGFQDTQYF,SSLENFRAYV,0
CASSLAGTDNQPQHF,SSLENFRAYV,0
CASSLFSGGLNEQFF,SSLENFRAYV,0
CASREGSYPKNIQYF,SSLENFRAYV,0
CASSSPTEQYF,SSLENFRAYV,1
CASSVQGLGQPQHF,SSLENFRAYV,0
CASSISTSGYEQFF,SSLENFRAYV,0
CASSEYEQYF,SSLENFRAYV,0
CASSSGQGYEQYF,SSLENFRAYV,0
CASSLGQGRDEQYF,SSLENFRAYV,0
CASSSREAGTAEQF,SSLENFRAYV,1
CASSSRELGEENEQF,SSLENFRAYV,1
CASSSRETGGIEQYF,SSLENFRAYV,1
CASSSREVQEGAEQF,SSLENFRAYV,1
CASSAPRETQYF,SSLENFRAYV,0
CASSFSHGNTIYF,SSLENFRAYV,0
CAWSIERELDEQFF,SSLENFRAYV,0
CASSDWGGETQYF,SSLENFRAYV,0
CSATSRAGDNEQF,SSLENFRAYV,0
CASRDSNYGYTF,SSLENFRAYV,0
CAISEETPNTEAFF,SSLENFRAYV,0
CASSFTSGGYNEQFF,SSLENFRAYV,0
CASSRDRGYAEQF,SSLENFRAYV,0
CASSPTGVAEQFF,SSLENFRAYV,0
CASSLTAPGIQPQHF,SSLENFRAYV,0
CASSWGTNTEVF,SSLENFRAYV,0
CASSQAGEQYF,SSLENFRAYV,0
CASSSSGQLYF,SSLENFRAYV,1
CSARGELGVDEQFF,SSLENFRAYV,0
CASSLVSGDTQYF,SSLENFRAYV,0
CASSLINTEAFF,SSLENFRAYV,0
CASSGDLNSGNTLYF,SSLENFRAYV,0
CASSQDEPYEQYF,SSLENFRAYV,0
CASGTGESGYTF,SSLENFRAYV,0
CATSREGGETQYF,SSLENFRAYV,0
CASSQLVSLRGEQYF,SSLENFRAYV,0
CASSTTGTGLLEQYF,SSLENFRAYV,0
CTCSDGTGGYNYAEQFF,SSLENFRAYV,0
CASSLVPGFNEQFF,SSLENFRAYV,0
CASSYSGQGYTF,SSLENFRAYV,0
CASGERDWGDEQYF,SSLENFRAYV,0
CASSLTVYNEQFF,SSLENFRAYV,0
CASSYFPLADTQYF,SSLENFRAYV,0
CSARVGVGNTIYF,SSLENFRAYV,0
CASSYSGDEKLFF,SSLENFRAYV,0
CASSIPYNEQFF,SSLENFRAYV,0
CASSLTSEYPTDTQYF,SSLENFRAYV,0
CASSLPRAGGTYEQYF,SSLENFRAYV,0
CASSQDRGPDTQYF,SSLENFRAYV,0
CASSSYEQYF,SSLENFRAYV,1
CASSLVGRTEAFF,SSLENFRAYV,0
CASSILGTSAETLYF,SSLENFRAYV,0
CSVPGTDYNEQF,SSLENFRAYV,0
CASSTDQDTQYF,SSLENFRAYV,1
CASSQGTGGIVDIQYF,SSLENFRAYV,0
CASSTGAEQFF,SSLENFRAYV,1
CASSTGAPP,SSLENFRAYV,1
CASSEAGGAFSYEQYF,SSLENFRAYV,0
CASSTGDEQYF,SSLENFRAYV,1
CASGGTDSAETLYF,SSLENFRAYV,0
CASSTGGADDTQYF,SSLENFRAYV,1
CASSYGPVETEAF,SSLENFRAYV,0
CASSTGGDEQYF,SSLENFRAYV,1
CSARDGNREWLHF,SSLENFRAYV,0
CASSTGGEQYF,SSLENFRAYV,1
CASSTGGGEFF,SSLENFRAYV,1
CASRNPLAHIHHNSPLHF,SSLENFRAYV,0
CASSYTGWHEQYF,SSLENFRAYV,0
CASSTGLAPLF,SSLENFRAYV,1
CASLIVPWGTSGTTDTQYF,SSLENFRAYV,0
CASKDPGWFLAFF,SSLENFRAYV,0
CASSLAFLGGDTQYF,SSLENFRAYV,0
CASSYSWGFQETQYF,SSLENFRAYV,0
CASSTGSEVFF,SSLENFRAYV,1
CASSTGTAP,SSLENFRAYV,1
CASSRRQGAMRETQYF,SSLENFRAYV,0
CASSLNWDTEAFF,SSLENFRAYV,0
CASSLRGAGNIQYF,SSLENFRAYV,0
CASSDAGGQDTQYF,SSLENFRAYV,0
CASSQSTGANVLTF,SSLENFRAYV,0
CASSYSSGVETQYF,SSLENFRAYV,0
CASSFLGKSYEQYF,SSLENFRAYV,0
CASSLGPTVPGNTIYF,SSLENFRAYV,0
CASSYFRGSLSEQYF,SSLENFRAYV,0
CVSSDRQSLVQF,SSLENFRAYV,0
CASSSDSYNEQFF,SSLENFRAYV,0
CASSLAGGFSSYNEQFF,SSLENFRAYV,0
CASSSTGTDDTDTQYF,SSLENFRAYV,0
CASSFRDSAETLYF,SSLENFRAYV,0
CASSTQYAEQF,SSLENFRAYV,1
CAWSLSFNQDTQYF,SSLENFRAYV,0
CASSLWQTGNTIYF,SSLENFRAYV,0
CASSPGVFGVTQYF,SSLENFRAYV,0
CASSVDGTEETQYF,SSLENFRAYV,0
CASSLRSGDTQYF,SSLENFRAYV,0
CASSLSRTGFYEQYF,SSLENFRAYV,0
CSARDDGGIFDYEQYF,SSLENFRAYV,0
CASRPGTDITGRELFF,SSLENFRAYV,0
CSARDFDRTGELF,SSLENFRAYV,0
CASSLRDWENAEQFF,SSLENFRAYV,0
CSVEGYSATYNEQFF,SSLENFRAYV,0
CASSTLAGVHYNEQF,SSLENFRAYV,0
CASTGGSAETLYF,SSLENFRAYV,0
CASSDNGGDRSPGELF,SSLENFRAYV,0
CASSPRGNYGYTF,SSLENFRAYV,0
CASSDWGGADQDTQYF,SSLENFRAYV,0
CATTGGSGYEQYF,SSLENFRAYV,0
CASSYSGGGNQPQHF,SSLENFRAYV,0
CASSTWGEDTQYF,SSLENFRAYV,1
CASSHIQGAGELFF,SSLENFRAYV,0
CASSPLGANTGQLYF,SSLENFRAYV,0
CSARGGQLQETQYF,SSLENFRAYV,0
CAWTGGQDTQYF,SSLENFRAYV,0
CASSQEGANTGQLYF,SSLENFRAYV,0
CASSQAWQSSYEQYF,SSLENFRAYV,0
CSVEIWDSSYNEQF,SSLENFRAYV,0
CASSGQGGYEQYF,SSLENFRAYV,0
CASGTPRGQLF,SSLENFRAYV,0
CASSQAGGRGEQYF,SSLENFRAYV,0
CASGAGGPLNEQFF,SSLENFRAYV,0
CATSDSGQAFADTQYF,SSLENFRAYV,0
CSASPGLANTDTQYF,SSLENFRAYV,0
CAISDPSGSSYNEQF,SSLENFRAYV,0
CASSLFSIGEQFF,SSLENFRAYV,0
CAGTGGAEQYF,SSLENFRAYV,0
CSATGTSGRVETQYF,SSLENFRAYV,0
CASSPGRTQYF,SSLENFRAYV,0
CASSLTGTAGDTQYF,SSLENFRAYV,0
CASSVGDRGWGQNTLYF,SSLENFRAYV,1
CASGHGMGASTSGYT,SSLENFRAYV,0
CASSPRTGGTEAF,SSLENFRAYV,0
CASSTWSTDTQYF,SSLENFRAYV,0
CSVRDRASYEQYF,SSLENFRAYV,0
CASRLGPGQPYERYF,SSLENFRAYV,0
CASSESPGYGYTF,SSLENFRAYV,0
CASSVRGGEADTQYF,SSLENFRAYV,0
CASSSTQGRYGYTF,SSLENFRAYV,0
CASSLGTGLYGYTF,SSLENFRAYV,0
CASSLVGGGESTEAF,SSLENFRAYV,0
CASSSSANTEVF,SSLENFRAYV,0
CASSLNPRQGRDEQYF,SSLENFRAYV,0
CSASGGEGYEQYF,SSLENFRAYV,0
CASSGGAYEQYF,SSLENFRAYV,0
CASSQLAQGRGAYNEQFF,SSLENFRAYV,0
CSVLGTQEESYEQYF,SSLENFRAYV,0
CASTRQFNQPQHF,SSLENFRAYV,0
CASSIGGLGTEAF,SSLENFRAYV,0
CASSQSGLGDEQYF,SSLENFRAYV,0
CASSLAPGLGTEAFF,SSLENFRAYV,0
CASSDARTTEVFF,SSLENFRAYV,0
CASSLGLENEQF,SSLENFRAYV,0
CSATLDRNYGYTF,SSLENFRAYV,0
CASTYTSLAHNEQF,SSLENFRAYV,0
CASSVTGVTEV,SSLENFRAYV,1
CASRPRRAGGDRKLFF,SSLENFRAYV,0
CASSLVGTPDYNEQF,SSLENFRAYV,0
CASSLTGTGTYEQYF,SSLENFRAYV,0
CASSPRPSGVNEQFF,SSLENFRAYV,0
CASSIHGAETQYF,SSLENFRAYV,0
CASSRRGNQDTQYF,SSLENFRAYV,0
CASSWATEVFF,SSLENFRAYV,1
CASSYSRSDGHLGNTIYF,SSLENFRAYV,0
CASSSTGELFF,SSLENFRAYV,0
CASSWDRGEQYF,SSLENFRAYV,1
CASSWDRGEVFF,SSLENFRAYV,1
CASSWDRGQVFF,SSLENFRAYV,1
CASSYGTGGADHYGYTF,SSLENFRAYV,0
CASSPRGQGLGYGYTF,SSLENFRAYV,0
CASSWGAEQFF,SSLENFRAYV,1
CASSWGDEQYF,SSLENFRAYV,1
CASSWGDTLYF,SSLENFRAYV,1
CASSWGDTQYF,SSLENFRAYV,1
CASSWGEEQYF,SSLENFRAYV,1
CASSWGEEVFF,SSLENFRAYV,1
CASSWGGAPLF,SSLENFRAYV,1
CASSWGGEQYF,SSLENFRAYV,1
CASSWGNEQYF,SSLENFRAYV,1
CATSDSSGPYNEQFF,SSLENFRAYV,0
CASSYLATYEQYF,SSLENFRAYV,0
CASSSGQNYGYTF,SSLENFRAYV,0
CASSSVGGSYEQYF,SSLENFRAYV,0
CASSLRERAETLYF,SSLENFRAYV,0
CASSWGSEQYF,SSLENFRAYV,1
CASSWGSEVFF,SSLENFRAYV,1
CASSRDRSYNEQFF,SSLENFRAYV,0
CSARWDRVSSSTDTQYF,SSLENFRAYV,0
CASSWGTEVFF,SSLENFRAYV,1
CASSPSGHYEQYF,SSLENFRAYV,0
CASSWGVEQYF,SSLENFRAYV,1
CASSFGTDRSGNTIYF,SSLENFRAYV,0
CASSPVAGGAYNEQF,SSLENFRAYV,0
CASSAGTGGKAPLF,SSLENFRAYV,0
CASSRRGSGANVLTF,SSLENFRAYV,0
CSVSLGPAGPPF,SSLENFRAYV,0
CASSPPDRDRSGANVLTF,SSLENFRAYV,0
CASSHSPGGTQYF,SSLENFRAYV,0
CASSGEREDNEQFF,SSLENFRAYV,0
CASSSGSAETLYF,SSLENFRAYV,0
CASSPQGINTEAFF,SSLENFRAYV,0
CASSWTGRGEQYF,SSLENFRAYV,1
CASSQGPNFNEKLFF,SSLENFRAYV,0
CASYATGTAYGYTF,SSLENFRAYV,0
CASSFPGALNYGYTF,SSLENFRAYV,0
CASSYAEQF,SSLENFRAYV,1
CASSYWGALYAEQF,SSLENFRAYV,0
CSARNRDTYYNEQFF,SSLENFRAYV,0
CASSIGAYGYTF,SSLENFRAYV,0
CASSYDSAETLYF,SSLENFRAYV,1
CASSYYSGQGNEKLFF,SSLENFRAYV,0
CASSFGAANTEVFF,SSLENFRAYV,0
CASSTTTGNTEAF,SSLENFRAYV,0
CASSQTEEQYF,SSLENFRAYV,0
CASSLAPDRNTEAFF,SSLENFRAYV,0
CASGEQYF,SSLENFRAYV,0
CASSYGAEQFF,SSLENFRAYV,1
CASSYGAEVFF,SSLENFRAYV,1
CASSLGAGGTDTQYF,SSLENFRAYV,0
CSARVGLAGPRVGEQYF,SSLENFRAYV,0
CASSFGQAEKLF,SSLENFRAYV,0
CASTRAGGITYEQYF,SSLENFRAYV,0
CASSWTGGSYNEQFF,SSLENFRAYV,0
CASSYGGEQYF,SSLENFRAYV,1
CASSYGGGEQYF,SSLENFRAYV,1
CSVEGEGGSYNEQFF,SSLENFRAYV,0
CSARDPTGELFF,SSLENFRAYV,0
CASSEPSGPDNEQFF,SSLENFRAYV,0
CASSLFPTEVFF,SSLENFRAYV,0
CASSWVGNEQFF,SSLENFRAYV,0
CASSLAVAGEQFF,SSLENFRAYV,0
CASSLWTTGGNQPQHF,SSLENFRAYV,0
CASSLEGAADTQYF,SSLENFRAYV,0
CASSYGTGEV,SSLENFRAYV,1
CASSQDFLNTGFLYNEQFF,SSLENFRAYV,0
CAIREDRNNYGYTF,SSLENFRAYV,0
CASSVGKHEAFF,SSLENFRAYV,0
CASSYQTGTIYGNTF,SSLENFRAYV,0
CASSPWGGAGEQYF,SSLENFRAYV,0
CSARDRTGNGYTF,SSLENFRAYV,0
CASSQGPPGSGGGNEQFF,SSLENFRAYV,0
CASSPPTLGQNYEQYF,SSLENFRAYV,0
CARLISMVRKTYGYTF,SSLENFRAYV,0
CASSQDGGGAPGNEQFF,SSLENFRAYV,0
CARSHSPGGTQYF,SSLENFRAYV,0
CASSYPDIYAEQFF,SSLENFRAYV,1
CASSLRWGDEGEQYF,SSLENFRAYV,0
CASSFSKNTEAF,SSLENFRAYV,0
CASSPPSSYNEQF,SSLENFRAYV,0
CASRVQGRDNEQF,SSLENFRAYV,0
CASTKLAWGTYTQYF,SSLENFRAYV,0
CASSQAGQGAYEQYF,SSLENFRAYV,0
CASSLTGLLNTEAFF,SSLENFRAYV,0
CASSQERSMNTEAFF,SSLENFRAYV,0
CASSPGQGAGQPQHF,SSLENFRAYV,0
CASSLAPGGAAGETQYF,SSLENFRAYV,0
CASSLDRGNIQYF,SSLENFRAYV,0
CASSPNDGDEQFF,SSLENFRAYV,0
CASDRYEQYF,SSLENFRAYV,0
CASSPLGTSAETLYF,SSLENFRAYV,0
CATSRGDEVGEQYF,SSLENFRAYV,0
CASSAWSPHSDNEQFF,SSLENFRAYV,0
CASSLAGSGWGYTF,SSLENFRAYV,0
CASSLLGTGGYEQYF,SSLENFRAYV,0
CASSIRSTGELF,SSLENFRAYV,0
CASSLEGLGGSSWDEQFF,SSLENFRAYV,0
CASSQRPGGQQFF,SSLENFRAYV,0
CASSPQGFSYEQYF,SSLENFRAYV,0
CASSLEASSYNSPLHF,SSLENFRAYV,0
CASSPDRLQTQYF,SSLENFRAYV,0
CASSPRDGSYEQYF,SSLENFRAYV,0
CSATSGTDTQYF,SSLENFRAYV,0
CASSSHDKQGARSPLHF,SSLENFRAYV,0
CASSFFGQPQHF,SSLENFRAYV,0
CSARDRVGNGHTF,SSLENFRAYV,0
CASSIRWTDTQYF,SSLENFRAYV,0
CASSSTGTLDGYTF,SSLENFRAYV,0
CASSVALGLNYEQYF,SSLENFRAYV,0
CASSLWAGPSNEQF,SSLENFRAYV,0
CASSLSRQSRANVLTF,SSLENFRAYV,0
CASSQDTGMGNQPQHF,SSLENFRAYV,0
CSVGQFSSYEQFF,SSLENFRAYV,0
CASSLRFTDTQYF,SSLENFRAYV,0
CASSLGPGSYGYTF,SSLENFRAYV,0
CSVQGAGNEQFF,SSLENFRAYV,0
CSATDRDGGLEQYF,SSLENFRAYV,0
CASSQDFSGEKLFF,SSLENFRAYV,0
CASSVGDFNYGYTF,SSLENFRAYV,0
CASSQGEIGVRNEQFF,SSLENFRAYV,0
CASSLTDPYEQHF,SSLENFRAYV,0
CASSLRRGFTTGELFF,SSLENFRAYV,0
CSARTEAYEQYF,SSLENFRAYV,0
CASGDAGTGYEQYF,SSLENFRAYV,0
CASRETYEQYF,SSLENFRAYV,0
CASAPGLATYNEQFF,SSLENFRAYV,0
CASSLSSPIVMQDTQYF,SSLENFRAYV,0
CASSYSDRVGGYEQYF,SSLENFRAYV,0
CSARSETGNTIYF,SSLENFRAYV,0
CASTDGSAETLYF,SSLENFRAYV,1
CAITHPPIGETQYF,SSLENFRAYV,0
CASTDSNERLFF,SSLENFRAYV,1
CASSGENPGGTGELFF,SSLENFRAYV,0
CASTDTGQLYF,SSLENFRAYV,1
CASTEGGEQYF,SSLENFRAYV,1
CASSPGQGGTDTQYF,SSLENFRAYV,0
CASSLGQGWETQYF,SSLENFRAYV,0
CASTGESNERLFF,SSLENFRAYV,1
CASSRTSDTQYF,SSLENFRAYV,0
CASTGGEEVFF,SSLENFRAYV,1
CASTGGEQYF,SSLENFRAYV,1
CASTGGGAPLF,SSLENFRAYV,1
CGASDSSGNTLYF,SSLENFRAYV,0
CASTGGQAPLF,SSLENFRAYV,1
CASTGQNPEAFF,SSLENFRAYV,0
CASSALGPGDNEQFF,SSLENFRAYV,0
CASTGGYEQYF,SSLENFRAYV,1
CASSQAPLASGGYTF,SSLENFRAYV,0
CASSYESGAEAFF,SSLENFRAYV,0
CASSPTGPAYEQYF,SSLENFRAYV,0
CASSLAQSREQY,SSLENFRAYV,0
CASSPRTSGSYEQYF,SSLENFRAYV,0
CASSQDSGNNEQFF,SSLENFRAYV,0
CASSQGAGQAYEQYF,SSLENFRAYV,0
CASTLGGEVFF,SSLENFRAYV,1
CSVGEPGQSSYEQYF,SSLENFRAYV,0
CASTMGERLFF,SSLENFRAYV,1
CASSSRSRQYRGSSYEQYF,SSLENFRAYV,0
CASSSNRDRNTIYF,SSLENFRAYV,0
CASSPLRGGTGVFYGYTF,SSLENFRAYV,0
CASSFQGSNEKLF,SSLENFRAYV,0
CASTPDRGEVFF,SSLENFRAYV,1
CASSPRTDLGEQYF,SSLENFRAYV,0
CSVGLAGSYNEQFF,SSLENFRAYV,0
CASTPWGAEAFF,SSLENFRAYV,0
CATSRAVDNSYEQYF,SSLENFRAYV,0
CAWDYNRGGYTF,SSLENFRAYV,0
CASRPLPRSTEAFF,SSLENFRAYV,0
CASSEPGPWAFF,SSLENFRAYV,0
CASPPLGGGYNEQFF,SSLENFRAYV,0
CSARGGGFETQYF,SSLENFRAYV,0
CASSGLEGAGDTQYF,SSLENFRAYV,0
CSAFQDSSYNEQFF,SSLENFRAYV,0
CASTQGAEVFF,SSLENFRAYV,1
CASTQGGAPLF,SSLENFRAYV,1
CASTNTGTGSYEQYF,SSLENFRAYV,0
CASSYFGLAFQETQYF,SSLENFRAYV,0
CASSLVTSSYEQYF,SSLENFRAYV,0
CASSQTGASSYEQYF,SSLENFRAYV,0
CASSPQGSHYEQYF,SSLENFRAYV,0
CSARDRTRANYGYTF,SSLENFRAYV,0
CASSPDSPYEQYF,SSLENFRAYV,0
CASTSGNTLYF,SSLENFRAYV,1
CASTSGTGVVFF,SSLENFRAYV,1
CASSGRSAGELFF,SSLENFRAYV,0
CASSGLNSDYTF,SSLENFRAYV,0
CASSLRGEKNNYGYTF,SSLENFRAYV,0
CASTTFSNERLFF,SSLENFRAYV,1
CASSPITNTGELFF,SSLENFRAYV,0
CASTTGTGVVFF,SSLENFRAYV,1
CASMGLAQETQYF,SSLENFRAYV,0
CASSSGQKNTEAFF,SSLENFRAYV,0
CASTWGGEQYF,SSLENFRAYV,1
CACSGRVEFF,SSLENFRAYV,0
CATSETGELF,SSLENFRAYV,0
CSVGTSGGLDEQFF,SSLENFRAYV,0
CASVRGEEQYF,SSLENFRAYV,1
CASWDRGSSYEQYF,SSLENFRAYV,1
CASTSWTDTQYF,SSLENFRAYV,0
CASWDSNQAPLF,SSLENFRAYV,1
CASWGQNSDYTF,SSLENFRAYV,1
CASWSGPQDTQYF,SSLENFRAYV,1
CASGDRALSYNSPLYF,SSLENFRAYV,0
CASYGTGQNTLYF,SSLENFRAYV,1
CASSPGTVAYEQYF,SSLENFRAYV,0
CATGTGSSAETLYF,SSLENFRAYV,0
CASSQDNQDTQYF,SSLENFRAYV,0
CASIPDREKTQYF,SSLENFRAYV,0
CSVVGQGHEQYF,SSLENFRAYV,0
CATDSYGQYF,SSLENFRAYV,1
CASSILAAGELFF,SSLENFRAYV,0
CASSLIRQMNTEAFF,SSLENFRAYV,0
CSARVVPGVQETQYF,SSLENFRAYV,0
CASSLHDRGASSPLHF,SSLENFRAYV,0
CASSIFTRRGYEQYF,SSLENFRAYV,0
CASSVDAGGYNEQFF,SSLENFRAYV,0
CASSQASGGPINEQFF,SSLENFRAYV,0
CAWSVGGLEFKLFF,SSLENFRAYV,0
CASGDDAGYEQYF,SSLENFRAYV,0
CSAPGWDTEAF,SSLENFRAYV,0
CASSFSGRTDTQYF,SSLENFRAYV,0
CASSITPPISCLDEQYF,SSLENFRAYV,0
CASSHRGYEQYF,SSLENFRAYV,0
CASSSPLIAGATDTQYF,SSLENFRAYV,0
CASSLFRRLQSRANVLTF,SSLENFRAYV,0
CASSQQGNNNQAPLF,SSLENFRAYV,0
CASPGGGTYYGYPF,SSLENFRAYV,0
CASSFGGTTEAF,SSLENFRAYV,0
CASSYGTPGDEQYF,SSLENFRAYV,0
CASSLGWGSQETQYF,SSLENFRAYV,0
CASSQDGQARRGYTF,SSLENFRAYV,0
CASSERRIYGYTF,SSLENFRAYV,0
CASSFAGSPHEQFF,SSLENFRAYV,0
CASSRRGQNTEAFF,SSLENFRAYV,0
CAWSLAGYEQYF,SSLENFRAYV,0
CGAGGLGGQDTQYF,SSLENFRAYV,0
CASSYTSGGYTGELFF,SSLENFRAYV,0
CASSLAGGETQYF,SSLENFRAYV,0
CASSLGQGGSYEQYF,SSLENFRAYV,0
CASSQGYRDNSPLHF,SSLENFRAYV,0
CASSGSAGGVWDNEQF,SSLENFRAYV,0
CASSYTGGGYNGELF,SSLENFRAYV,0
CASSYGVGTEAFF,SSLENFRAYV,0
CSAPTTEVAGSTDTQYF,SSLENFRAYV,0
CSAGTDPYEQYF,SSLENFRAYV,0
CSVGAPGQNTGELFF,SSLENFRAYV,0
CAWSVPETGFNPDTQYF,SSLENFRAYV,0
CASSPGASLGNEKLFF,SSLENFRAYV,0
CASRGLESAETLYF,SSLENFRAYV,0
CSVEDKVLSGAYEQYF,SSLENFRAYV,0
CASSLIVLHHSDNEQFF,SSLENFRAYV,0
CASSLVSGGDTEAFF,SSLENFRAYV,0
CASSRDRVDTGQLYF,SSLENFRAYV,0
CASSQDSSGRVTGELF,SSLENFRAYV,0
CASSQGTISYEQYF,SSLENFRAYV,0
CAWPGGSAETLYF,SSLENFRAYV,1
CASSSTGGVYGYTF,SSLENFRAYV,0
CASRRDPASYNEQFF,SSLENFRAYV,0
CASSSSGQLDEQF,SSLENFRAYV,0
CASSSGRTAFYEQYF,SSLENFRAYV,0
CAWSGLGLAGAPSSYNEQFF,SSLENFRAYV,0
CASSILGGGAETLYF,SSLENFRAYV,0
CASSSGSYEQYF,SSLENFRAYV,0
CASSLGGEDTQYF,SSLENFRAYV,0
CASSLRPLDMNTEAF,SSLENFRAYV,0
CASSQEEGASVTQYF,SSLENFRAYV,0
CAWSLSFNQDTQYF,SSLENFRAYV,1
CASSGRSGIEQYF,SSLENFRAYV,0
CASSSWGGLSQNTLYF,SSLENFRAYV,0
CASSPDRGALYF,SSLENFRAYV,0
CASSSLVGRDTEAFF,SSLENFRAYV,0
CAWSPGREVFF,SSLENFRAYV,1
CASSPTSSTHSYEQYF,SSLENFRAYV,0
CASSLGGLGQPQHF,SSLENFRAYV,0
CASSEYTGTNTEAFF,SSLENFRAYV,0
CSVDGDTGELFF,SSLENFRAYV,0
CASSLAAGGGETQYF,SSLENFRAYV,0
CASSRDRGLYEQYF,SSLENFRAYV,0
CASSQDGSGGLGEQYF,SSLENFRAYV,0
CASSTIIATHNHNSPLHF,SSLENFRAYV,0
CASSFDFSGHEQYF,SSLENFRAYV,0
CASSDADWGVGETLYF,SSLENFRAYV,0
CASTGESNERLFF,SSLENFRAYV,0
CASSPTTSAETLYF,SSLENFRAYV,0
CASSLIGLANYNEQFF,SSLENFRAYV,0
CSAPDWNNEQFF,SSLENFRAYV,0
CASSLIASGGYNEQF,SSLENFRAYV,0
CASSQVVPFARKNIQYF,SSLENFRAYV,0
CASSETGQPQHF,SSLENFRAYV,0
CASGGGKHRQLYF,SSLENFRAYV,0
CASSQVPGSYEQYF,SSLENFRAYV,0
CASSQDFRGGYAQYF,SSLENFRAYV,0
CASSILGASYNEQFT,SSLENFRAYV,0
CSVPSYNEQFF,SSLENFRAYV,0
CASSQGQGAGQNTLYF,SSLENFRAYV,0
CASSQVSGGSYEQYF,SSLENFRAYV,0
CASSVGSTEAFF,SSLENFRAYV,0
CASSQGWSYEQYF,SSLENFRAYV,0
CASSFERPYEQYF,SSLENFRAYV,0
CASSIVGAHTEAF,SSLENFRAYV,0
CASSQDSYANTEVFF,SSLENFRAYV,0
CASSYDRGDYEQYF,SSLENFRAYV,0
CSVEVGRAVNTEAFF,SSLENFRAYV,0
CASSLRHNRPYGYTF,SSLENFRAYV,0
CASSIISADTQYF,SSLENFRAYV,0
CASSPTGEVFF,SSLENFRAYV,0
CGDGTGGNTLYF,SSLENFRAYV,1
CGSAGGAEQYF,SSLENFRAYV,1
CACSSLNTEAF,SSLENFRAYV,0
CASSYGASGRQETQYF,SSLENFRAYV,0
CASSQDKTRSRGSYNEQFF,SSLENFRAYV,0
CASSYNQGPYDNNEQFF,SSLENFRAYV,0
CASSPLGTGGEQYF,SSLENFRAYV,0
CSVRTGGLGANVLTF,SSLENFRAYV,0
CASSRDLWHRQSRANVLTF,SSLENFRAYV,0
CASSPPGIGGYNEQFF,SSLENFRAYV,0
CASSQDGGGAGNQPQHF,SSLENFRAYV,0
CAIREDSVFFF,SSLENFRAYV,0
CASSLGGGNTEAFF,SSLENFRAYV,0
CASSPGQDYEQYF,SSLENFRAYV,0
CASSYSRTANEKLFF,SSLENFRAYV,0
CSVDLATEAF,SSLENFRAYV,0
CASSWTGPPGEQF,SSLENFRAYV,0
CAISQQSSYKQYF,SSLENFRAYV,0
CASSPQQVLGEAFF,SSLENFRAYV,0
CASMTGDSAETLYF,SSLENFRAYV,0
CASSDRGEQYF,SSLENFRAYV,0
CASSIRSGHEQFF,SSLENFRAYV,0
CASSVRTSGSYEQYF,SSLENFRAYV,0
CSASFHNGFWGGTEAFF,SSLENFRAYV,0
CASGDMGGSYEQYF,SSLENFRAYV,0
CSANDRSYNEQF,SSLENFRAYV,0
CASSSNQGAGGNQPQHF,SSLENFRAYV,0
CASSLVGTEAFF,SSLENFRAYV,0
CASSLRDRVDTEAFF,SSLENFRAYV,0
CASSGSSTGMNTGELFF,SSLENFRAYV,0
CASSPPDRATHNEQFF,SSLENFRAYV,0
CASSSTSAETLYF,SSLENFRAYV,0
CASSLDGASGYEQYF,SSLENFRAYV,0
CASSLMGLAGVPGELF,SSLENFRAYV,0
CASQEGGVQDTQYF,SSLENFRAYV,0
CASSESVWYRKTYGYTF,SSLENFRAYV,0
CASSLRGTYGSGANVLTF,SSLENFRAYV,0
CASSELPLEAFF,SSLENFRAYV,0
CASSLYTGGRETQYF,SSLENFRAYV,0
CASSQDYGAGDYEQYF,SSLENFRAYV,0
CASSEFFPSAPYEQYF,SSLENFRAYV,0
CASSEEGQGRLSEQFF,SSLENFRAYV,0
CASSLLAGLVFDEQFF,SSLENFRAYV,0
CASSGGQGRYAEQF,SSLENFRAYV,0
CASSLVGSGNNEQFF,SSLENFRAYV,0
CASSLGPNSPLHF,SSLENFRAYV,0
CASSLFSNQPQHF,SSLENFRAYV,0
CASSFQGYTEAFF,SSLENFRAYV,0
CASSLAGGSQDTQYF,SSLENFRAYV,0
CASSSGTGYTEVFF,SSLENFRAYV,0
CASSLGGENTLYF,SSLENFRAYV,0
CASSPTSGSVYEQYF,SSLENFRAYV,0
CASREKRDEQYF,SSLENFRAYV,0
CASSLGTGHNEQFF,SSLENFRAYV,0
CSARVQGAYEQYF,SSLENFRAYV,0
CASSLAPGATNEKLF,SSLENFRAYV,0
CASSWKTGTGGTGYTF,SSLENFRAYV,0
CASSSGTNTEVF,SSLENFRAYV,0
CASSLLAGETQYF,SSLENFRAYV,0
CASSSGTSVNDEQFF,SSLENFRAYV,0
CSSRDRGYAEQF,SSLENFRAYV,0
CASSARDFAYEQYF,SSLENFRAYV,0
CASSPQGVVEQFF,SSLENFRAYV,0
CASSARTANTEVFF,SSLENFRAYV,0
CTSSIKGYNEQF,SSLENFRAYV,0
CASSQDLAGGLEQYF,SSLENFRAYV,0
CSARAAYGLAGRYNEQFF,SSLENFRAYV,0
CASGDVDGANSDYTF,SSLENFRAYV,0
CASSPAGQGAGTGELFF,SSLENFRAYV,0
CASGDKYAEQFF,SSLENFRAYV,0
CASRTGISNTGELF,SSLENFRAYV,0
CASSLSPGMVGEQYF,SSLENFRAYV,0
CASGRLASGTDTQYF,SSLENFRAYV,0
CASSQERGSAETLYF,SSLENFRAYV,0
CASSGGGEQYF,SSLENFRAYV,0
CASTRKGQGYNEQFF,SSLENFRAYV,0
CASSSKRGPYNEQFF,SSLENFRAYV,0
CASKGGANTGQLYF,SSLENFRAYV,0
CASSRDQNTGQLYF,SSLENFRAYV,0
CASSTGINQDTQYF,SSLENFRAYV,0
CASSAQGAINTEAFF,SSLENFRAYV,0
CASSLSQGGRPMF,SSLENFRAYV,0
CASSSAGGRTGELFF,SSLENFRAYV,0
CSAREDSYNEQFF,SSLENFRAYV,0
CASSGGQGWTDTQYF,SSLENFRAYV,0
CASSQQGPEQFF,SSLENFRAYV,0
CASSLSGLGDNEQFF,SSLENFRAYV,0
CATGPRANTGELF,SSLENFRAYV,0
CASRPGTDSAETLYF,SSLENFRAYV,0
CASSSTDRGGSNEQFF,SSLENFRAYV,0
CASSFPGGLYEQYF,SSLENFRAYV,0
CASSTLTGEDSGPQHF,SSLENFRAYV,0
CATSNIAGETQYF,SSLENFRAYV,0
CASSGGCGQSRANVLTF,SSLENFRAYV,0
CSARDKTGNGYTF,SSLENFRAYV,0
CASTAGQTTNFNEQF,SSLENFRAYV,0
CASSLWGQGWTGELFF,SSLENFRAYV,0
CSAEPGTSGGLQYF,SSLENFRAYV,0
CASSQGALGYTF,SSLENFRAYV,0
CASRRQVFNSPLHF,SSLENFRAYV,0
CASSLDAGDEQF,SSLENFRAYV,0
CASSSGHYTDTQYF,SSLENFRAYV,0
CASSQFSAGGSTDTQYF,SSLENFRAYV,0
CASSRSAPIQSRANVLTF,SSLENFRAYV,0
CAGANTNAGKSTF,SSLENFRAYV,0
CASSSMVAGEYEQF,SSLENFRAYV,0
CASSAASGTDTQYF,SSLENFRAYV,0
CASSEGDRPTDTQYF,SSLENFRAYV,0
CASSSRDFGNTEAFF,SSLENFRAYV,0
CASRVGGAGNSPLHF,SSLENFRAYV,0
CASSPTTGTSGNEQFF,SSLENFRAYV,0
CASSTYSTDTQYF,SSLENFRAYV,0
CAWSVGGQPQHF,SSLENFRAYV,0
CASSPGLAGAHEQFF,SSLENFRAYV,0
CASSRPTGGNYGYTF,SSLENFRAYV,0
CASRSGGGGQNTLYF,SSLENFRAYV,0
CASDALGGYEQYF,SSLENFRAYV,0
CSATDVTKGQLISGYTF,SSLENFRAYV,0
CASSIGSEQYF,SSLENFRAYV,0
CASSLTSAAGELF,SSLENFRAYV,0
CASSQGTSGSYEQYF,SSLENFRAYV,0
CASTLGGDWGGQETQYF,SSLENFRAYV,0
CASSLLGVGEKLFF,SSLENFRAYV,0
CASSQEGNQDTQYF,SSLENFRAYV,0
CASSLYRQETQYF,SSLENFRAYV,0
CTCSGDGAETLYF,SSLENFRAYV,0
CASSVEGALTDTQYF,SSLENFRAYV,0
CASSQERAGTSYEQYF,SSLENFRAYV,0
CASSPGAGLYNEQF,SSLENFRAYV,0
CSAVMWGTSGTQGSQYF,SSLENFRAYV,0
CASSPWGGGTEAFF,SSLENFRAYV,0
CASSFFHPIWGMSSETQYF,SSLENFRAYV,0
CASSEGRNEQYF,SSLENFRAYV,0
CASSPWDRANTGELFF,SSLENFRAYV,0
CASSPRVANTEVFF,SSLENFRAYV,0
CASSQDFRGGYEQHF,SSLENFRAYV,0
CASRPLAGGPITYEQYF,SSLENFRAYV,0
CGARANTEVF,SSLENFRAYV,0
CASSDRTPYEQYF,SSLENFRAYV,0
CASSEANEKLFF,SSLENFRAYV,0
CASSPRDSQETQYF,SSLENFRAYV,0
CSVDDRGTTEAFF,SSLENFRAYV,0
CASSLGGEQYF,SSLENFRAYV,0
CASVGPGYTGELFF,SSLENFRAYV,0
CASSFLRVYEQYF,SSLENFRAYV,0
CASSQGPAGGSALHF,SSLENFRAYV,0
CASDEGGGDDTQYF,SSLENFRAYV,0
CASSLADRVQEYF,SSLENFRAYV,0
CASSQRGADTEAF,SSLENFRAYV,0
CASSKRTSGGADTQYF,SSLENFRAYV,0
CAISEGAMGNQPQHF,SSLENFRAYV,0
CIVRVAMGAGNMLTF,SSLENFRAYV,0
CASSLMHPIVMQDTQYF,SSLENFRAYV,0
CASSDARGEHERLFF,SSLENFRAYV,0
CASRHWGSQNTLYF,SSLENFRAYV,0
CASSAPHGAEEQFF,SSLENFRAYV,0
CASSLEGSRNTEAF,SSLENFRAYV,0
CSVEGTRGYNEQFF,SSLENFRAYV,0
CGARGNYEQYF,SSLENFRAYV,0
CASRETGLNQPQHF,SSLENFRAYV,0
CASSAGQGKNIQYF,SSLENFRAYV,0
CASSELGGYNEELFF,SSLENFRAYV,0
CASSSPGENYNEQFF,SSLENFRAYV,0
CASSQRQGNNSPLHF,SSLENFRAYV,0
CASSLGQPSTDTQYF,SSLENFRAYV,0
CASSRDWGYQDTQYF,SSLENFRAYV,0
CASSQVDSRLVQVGNEQFF,SSLENFRAYV,0
CASATAGQSNYGYTF,SSLENFRAYV,0
CASSPSPSGDDEKLFF,SSLENFRAYV,0
CSARDRTSGRYEQFF,SSLENFRAYV,0
CASSSGQEVFF,SSLENFRAYV,0
CASSLNLRDREAYEQYF,SSLENFRAYV,0
CASSFMTDTQYF,SSLENFRAYV,0
CASSQDRVDTQYF,SSLENFRAYV,0
CAKGGQNTGQLYF,SSLENFRAYV,0
CTCSGRDSAETLYF,SSLENFRAYV,0
CASSSGTSGSAGYNEQF,SSLENFRAYV,0
CASSQDTGLGVGAYEQYF,SSLENFRAYV,0
CASSLAGTGLYEQYF,SSLENFRAYV,0
CASSSAQPNTEAFF,SSLENFRAYV,0
CASSQGRGLRNEQFF,SSLENFRAYV,0
CASSTALRTGNYGYTF,SSLENFRAYV,0
CASSEQGGERRNTEAFF,SSLENFRAYV,0
CASSDRASGVGEQFF,SSLENFRAYV,0
CASSQEMVGTEAFF,SSLENFRAYV,0
CASGEVRNYAEQFF,SSLENFRAYV,0
CASSLRVSYNEQFF,SSLENFRAYV,0
CSASPISPTGAYEQYF,SSLENFRAYV,0
CASSLAQAGETQYF,SSLENFRAYV,0
CASSFTGTSGSPYEQYF,SSLENFRAYV,0
CASSVNPGGNTEAFF,SSLENFRAYV,0
CASSLPGDEQFF,SSLENFRAYV,0
CTSSRSRFAQSRANVLTF,SSLENFRAYV,0
CASSLPDSQNTLYF,SSLENFRAYV,0
CASKTDGNTLYF,SSLENFRAYV,0
CASSPPGGGEKLFF,SSLENFRAYV,0
CSVGQGGNYGYTF,SSLENFRAYV,0
CASSLMSLTTGELFF,SSLENFRAYV,0
CASTDGTAFTEAFF,SSLENFRAYV,0
CASSPWVSGDTQYF,SSLENFRAYV,0
CASREKGYDEQF,SSLENFRAYV,0
CASSYSGPAAGQETQYF,SSLENFRAYV,0
CASIEDRTPEAFF,SSLENFRAYV,0
CASSLELGGVGVDEQYF,SSLENFRAYV,0
CASSETGGTYEQYF,SSLENFRAYV,0
CASSVGGGHQPQHF,SSLENFRAYV,0
CASSDHRGTEVFF,SSLENFRAYV,0
CASSIHFSAGQPQHF,SSLENFRAYV,0
CASSDVQGPANERLF,SSLENFRAYV,0
CASSRVAGTGGAPAEQFF,SSLENFRAYV,0
CSASTSGYEQYF,SSLENFRAYV,0
CASSEKASGVDEQFF,SSLENFRAYV,0
CASSLLSGGSYNEQFF,SSLENFRAYV,0
CASSLGSDPSYNEQFF,SSLENFRAYV,0
CASSTHRAEGELF,SSLENFRAYV,0
CSARGQAITDKLFF,SSLENFRAYV,0
CASSQDKGRAYEQYF,SSLENFRAYV,0
CASSATGTGGYEQYF,SSLENFRAYV,0
CASSPDRGLNNEQF,SSLENFRAYV,0
CASSQETGNNYGYTF,SSLENFRAYV,0
CASSFGQGNTEAFF,SSLENFRAYV,0
CTCSADENTLYF,SSLENFRAYV,1
CTCSAEGNTLYF,SSLENFRAYV,1
CTCSAETGEGYEQYF,SSLENFRAYV,1
CAISRLAGGMDEQYF,SSLENFRAYV,0
CTCSAGQGGNQAPLF,SSLENFRAYV,1
CASSSPSQGITGELFF,SSLENFRAYV,0
CASSLAGGLHTDTQYF,SSLENFRAYV,0
CASSVLGKTYGYTF,SSLENFRAYV,0
CASSPGDYAEQF,SSLENFRAYV,0
CATSRTDISYEQYF,SSLENFRAYV,0
CASSMGVLDTQYF,SSLENFRAYV,0
CTCSGTDSAETLYF,SSLENFRAYV,1
CASSNVLAGGRDTQYF,SSLENFRAYV,0
CASRPRQGNLIDEQFF,SSLENFRAYV,0
CAWSLSMNTEAFF,SSLENFRAYV,0
CTCSVPGQRNSDYTF,SSLENFRAYV,1
CASRETSTDTQYF,SSLENFRAYV,0
CASSLAGQGNYEQYF,SSLENFRAYV,0
CASSRDWGPEDTQYF,SSLENFRAYV,0
CASSTGTSGETQYF,SSLENFRAYV,0
CATSDRMDNEQF,SSLENFRAYV,0
CASSLSQGGEKLF,SSLENFRAYV,0
CASSWGRTYEQYF,SSLENFRAYV,0
CASSVLPGGNDPLF,SSLENFRAYV,0
CASSLDRGQLF,SSLENFRAYV,0
CASSLAASNQPQHF,SSLENFRAYV,0
CSALANEQFF,SSLENFRAYV,0
CASSIGAGEYAEQF,SSLENFRAYV,0
CAAFQGAQKLVF,SSLENFRAYV,0
