CALSDSWGKFQF,CARRLAGEYNEQFF,FLCMKALLL,1
CAVYDGQKLLF,CASSSDNTAGELFF,FLCMKALLL,1
CALSEASRDDKIIF,CASSPDREWETQYF,FLCMKALLL,1
CALISNQAGTALIF,CASSLEGLAGAGWYQETQYF,FLCMKALLL,1
CAESPWMDSSYKLIF,CASSPVGGDTEAFF,FLCMKALLL,1
CAMTGYQKVTF,CASSPPNRLDEQFF,FLCMKALLL,1
CALIEMYSGGGADGLTF,CASSPRTDRSGANVLTF,FLCMKALLL,1
CALSGLMDSSYKLIF,CASSIGVQLYGYTF,FLCMKALLL,1
CALSEALDNQGGKLIF,CASSILGSYNEQFF,FLCMKALLL,1
CAGADFTGTASKLTF,CASTGFRTSGISYNEQFF,FLCMKALLL,1
CAGQTYTGTASKLTF,CASSSSTGDTYGYTF,FLCMKALLL,1
CAVNAWTGTASKLTF,CASSSNRGPEQFF,FLCMKALLL,1
CVTTDSWGKLQF,CASSGAQGYEQYF,FLCMKALLL,1
CATAGGLPMNYGGATNKLIF,CASLWTGETYEQYF,FLCMKALLL,1
CAGVDSWGKFQF,CASRILAGGIYEQYF,FLCMKALLL,1
CAYRSFRDDKIIF,CASSDPRTGFHEQYF,FLCMKALLL,1
CVVSDSWGKLQF,CASSDSRGSNSPLHF,FLCMKALLL,1
CAVKEWGKLVF,CSARDQSSNQPQHF,FLCMKALLL,1
CATDPTSLYGNKLVF,CSARTGSSYNSPLHF,FLCMKALLL,1
CAVRDYTGTASKLTF,CALPGVAGITYEQYF,FLCMKALLL,1
CAASAQGGTSYGKLTF,CASRGWTGPVETQYF,FLCMKALLL,1
CAVLLTSGTYKYIF,CASSLGLAGANEQFF,FLCMKALLL,1
CSGGSHSRLMF,CASSFTAYYGYTF,FLCMKALLL,1
CAGASYNNNDMRF,CASSSAWTGYEQYF,FLCMKALLL,1
CASHSGGYQKVTF,CASRGSGNEQFF,FLCMKALLL,1
CAVWWTSGSRLTF,CASSQWGLLTDTQYF,FLCMKALLL,1
CALNSGGSNYKLTF,CASSLAGWQGDDYGYTF,FLCMKALLL,1
CALSEALGDKIIF,CASSFVGDTQYF,FLCMKALLL,1
CATGGGNTPLVF,CASSPSRSPYEQYF,FLCMKALLL,1
CAVNSAGKSTF,CASTLYGNEQFF,FLCMKALLL,1
CAGGSTLGRLYF,CASSPHGGGTDTQYF,FLCMKALLL,1
CAVKGGSEKLVF,CAISPLTSWGTDTQYF,FLCMKALLL,1
CTDMPSAGHILTF,CASSRRTGGTEAFF,FLCMKALLL,1
CAASATGGSYIPTF,CASSSLAGQIDEQFF,FLCMKALLL,1
CALNSNTGTASKLTF,CASTDLSYGYTF,FLCMKALLL,1
CAGLAYTGTASKLTF,CASSSAGAKNIQYF,FLCMKALLL,1
CAFMKHVGTASKLTF,CASRDQRDRVKTEAFF,FLCMKALLL,1
CAFMKHWGTGNQFYF,CASSILGDSSGNTIYF,FLCMKALLL,1
CAFRPEKLVF,CASSIAGGASYEQYF,FLCMKALLL,1
CADRMKGTYKYIF,CASSARRGNTEAFF,FLCMKALLL,1
CAVGALTGTASKLTF,CASSTLTSGTYNEQFF,FLCMKALLL,1
CVVSAWDDKIIF,CASSWGNTGELFF,FLCMKALLL,1
CAMRSMIYNQGGKLIF,CASSGHTQGTYGYTF,FLCMKALLL,1
CAYSLYTGTASKLTF,CSALGGQASTDTQYF,FLCMKALLL,1
CALSVYYGGYQKVPF,CATSGTGYEQYF,FLCMKALLL,1
CATDAWSNTGKLIF,CASSSPPAEQFF,FLCMKALLL,1
CAVKEIYNQGGKLIF,CASSLAYSGANVLTF,FLCMKALLL,1
CALSEALNNARLMF,CASSFRGPLSNEKLFF,FLCMKALLL,1
CALSELLTSGTYKYIF,CASSSLRTPNSPLHF,FLCMKALLL,1
CALSDQSGGSYIPTF,CASRRGSGMYEQFF,FLCMKALLL,1
CAMREGTGGFKTIF,CASSQSTGVATNEKLFF,FLCMKALLL,1
CAVYSGGYQKVTF,CASSQVIQTEAFF,FLCMKALLL,1
CAVGVSGGYNKLIF,CASSQGRGLRNEQFF,FLCMKALLL,1
CAAIPSNSGYALNF,CASSPVVGGTGELFF,FLCMKALLL,1
CVVSGGNSGNTPLVF,CASSLSLTSPRVDEQYF,FLCMKALLL,1
CAVRSNTDKLIF,CASSTWGLPRETQYF,FLCMKALLL,1
CAVSNYQLIW,CASSLGTGQGNEQFF,FLCMKALLL,1
CAVNGNARLMF,CSVEDGRTDTQYF,FLCMKALLL,1
CAVRGSWGKFQF,CASSEPSGPDNEQFF,FLCMKALLL,1
CAVASDGNNRKLIW,CASSVWAEDQPQHF,FLCMKALLL,1
CAWGGSNYQLIW,CASSPGASLGNEKLFF,FLCMKALLL,1
CAMSMYSGGGADGLTF,CASSPSGGASADTQYF,FLCMKALLL,1
CAMSGGSNYKLTF,CSVEGDRVEQFF,FLCMKALLL,1
CAAEGTYKYIF,CASSTGTGNTEAFF,FLCMKALLL,1
CADGPDYKLSF,CASSEGAGNTIYF,FLCMKALLL,1
CIVSGDNYGQNFVF,CASSSLLGYNEQFF,FLCMKALLL,1
CAGPSHNTDKLIF,CASSLIGTGGEKLFF,FLCMKALLL,1
CLVGDGYNFNKFYF,CASSQLAAGTDSYEQYF,FLCMKALLL,1
CADLTGGGNKLTF,CASGGLGEETQYF,FLCMKALLL,1
CAVINQGGKLIF,CASSHQDSSSYEQYV,FLCMKALLL,1
CAVGSLTTDSWGKLQF,CSALEGGYEQYF,FLCMKALLL,1
CAVSDREGGSEKLVF,CSVVGVWAEAFF,FLCMKALLL,1
CAVRDLEGGGNKLTF,CASRKSPQATNEKLFF,FLCMKALLL,1
CAMSGDRFNKFYF,CASSLVSQGDEQFF,FLCMKALLL,1
CAEFGGSQGNLIF,CASSPGTYLTDTQYF,FLCMKALLL,1
CAMREASNSGGYQKVTF,CASSLPLALDTTGEGGYTF,FLCMKALLL,1
CAMRVPNPMIYNQGGKLIF,CASSLTAGLHSNQPQHF,FLCMKALLL,1
CAMRSLKNSNSGYALNF,CASNNGWNQETQYF,FLCMKALLL,1
CATDTGFKTIF,CASSLGSEGYGVETQYF,FLCMKALLL,1
CALSEASGNQFYF,CASALSYNEQFF,FLCMKALLL,1
CALSEASGNQFYF,CASSPNYGEQFF,FLCMKALLL,1
CALKADTGFQKLVF,CASSPYPGANVLTF,FLCMKALLL,1
CALSGISSGSARQLTF,CASSLGVYEQYF,FLCMKALLL,1
CAANNYNTDKLIF,CASSIYGAGYGTDTQYF,FLCMKALLL,1
CAVYTDKLIF,CASSLIWGTGFSSSYNEQFF,FLCMKALLL,1
CAGGFATNAGKSTF,CASSQDPGGLAGAEQFF,FLCMKALLL,1
CAVSIYNTDKLIF,CASSLVTGTGADTQYF,FLCMKALLL,1
CVVSSNDMRF,CASSFLDLSAGDTQYF,FLCMKALLL,1
CALIENDMRF,CASSEFETQYF,FLCMKALLL,1
CAPDNYGQNFVF,CASSLSGGNEAFF,FLCMKALLL,1
CAGYYGQKFVF,CAISEENIDTQYF,FLCMKALLL,1
CAVTGFQKLVF,CASSPPSQETQYF,FLCMKALLL,1
CAVMLSYGQNFVF,CSAEGNTEAFF,FLCMKALLL,1
CAAILYSGGGADGLTF,CASSTGTYNEQFF,FLCMKALLL,1
CAMSPRGTGNQFYF,CSVEANRAEQFF,FLCMKALLL,1
CATDLNQAGTALIF,CASSMSGTGTEAFF,FLCMKALLL,1
CATSLLGFGNVLHC,CASSLGVLGFYEQYF,FLCMKALLL,1
CALSEGYGGSQGNLIF,CASSSGLYSVF,FLCMKALLL,1
CAVLPILTGGGNKLTF,CASSLGGTWGDTQYF,FLCMKALLL,1
CAVAPGYALNF,CASSRRPGQGTYGYTF,FLCMKALLL,1
CIVSLTQGGSEKLVF,CSVDFWVREENYGYTF,FLCMKALLL,1
CAADSGGGADGLTF,CASSYGTSGSSGEQYF,FLCMKALLL,1
CAYRDINTNAGKSTF,CAPERGAEETQYF,FLCMKALLL,1
CAEMSDTGFQKLVF,CASSQGGGVDEQFF,FLCMKALLL,1
CVVSDLGATNKLIF,CASAEGRLSSYEQYF,FLCMKALLL,1
CVVSSIYNTDKLIF,CASSRTEREPQPQHF,FLCMKALLL,1
CALDGPSNTGKLIF,CATSESSGQTYEQYF,FLCMKALLL,1
CGGNKLVF,CASSQDFSPYGYTF,FLCMKALLL,1
CATDGTSYGKLTF,CASSRGLAGGNEQFF,FLCMKALLL,1
CALPNTGGFKTIF,CASSDTSASNYEQYF,FLCMKALLL,1
CAVSGLTPSGYSTLTF,CASSQDWGGDNEQFF,FLCMKALLL,1
CAASEVQGAQKLVF,CAIMTSGRARVNTDTQYF,FLCMKALLL,1
CAFMAGNTPLVF,CASSSTAANTEAFF,FLCMKALLL,1
CVVTLNDMRF,CASDSTDNQPQHF,FLCMKALLL,1
CAVDNTDKLIF,CAAGSYEQYF,FLCMKALLL,1
CAVDNTDKLIF,CASSQGGWRDKQYF,FLCMKALLL,1
CAVNGKDTGRRALTF,CASSPFGLGDSPLHF,FLCMKALLL,1
CAFPGGSQGNLIF,CASSWALGEQYF,FLCMKALLL,1
CAGDSGGGGDGLTF,CSVDAGWGGYTF,FLCMKALLL,1
CAAIIGGGADGLTF,CASSYGSYNEQFF,FLCMKALLL,1
CALPSTGFQKLVF,CASSLNEAALGPSEQYF,FLCMKALLL,1
CATVPNQAGTALIF,CASSFTVGTEAFF,FLCMKALLL,1
CATVVNQAGTALIF,CASNRGTGNEQFF,FLCMKALLL,1
CALSEPFPPNFGNEKLTF,CASSLDSGHGMAFF,FLCMKALLL,1
CAVGLNARLMF,CASSSYDPGGTGELFF,FLCMKALLL,1
CAAPVNFGNEKLTF,CSVEGNSYEQYF,FLCMKALLL,1
CAGGTSNYGGTHGNLIF,CASSEWSGVGYEQYF,FLCMKALLL,1
CAYGDYKLSF,CASSPDSYEQYF,FLCMKALLL,1
CAEIRSNTGKLIF,CSVVGLNTEAFF,FLCMKALLL,1
CALCPRARLMF,CASSLGGPNYGYTF,FLCMKALLL,1
CVVAATYQLIW,CASSYVPPGGLDYEQYF,FLCMKALLL,1
CASMDSNYQLIW,CSGKLAGDRNEQFF,FLCMKALLL,1
CATDAEGNNRLAF,CASSIFGGGLGEQFF,FLCMKALLL,1
CGAVGYQKVTF,CALNGEISYNEQFF,FLCMKALLL,1
CAVIWYNNNDMRF,CASSQGVNTGELFF,FLCMKALLL,1
CAPPRGSNYKLTF,CSAETGLSYEQYF,FLCMKALLL,1
CAYRSPYLDTGTASKLTF,CASSYQTGTGVYGYTF,FLCMKALLL,1
CAKNAGGTSYGKLTF,CASSWSGGGARDMQYF,FLCMKALLL,1
CAVRDNTDKLIF,CASSLVVAGGLYEQF,FLCMKALLL,1
CVVSEGLAGGSYIPTF,CASSFSGGAPGELF,FLCMKALLL,0
CACPSGNTPLVF,CASSVVGARTDTQYF,FLCMKALLL,0
CVVICNQAGTALIF,CASSLLGLFTGELFF,FLCMKALLL,0
CGGDNNARLMF,CASSLGQDTDTQYF,FLCMKALLL,0
CAASIRGGATNKLIF,CASGLGPTYEQYF,FLCMKALLL,0
CAVAADRGSTLGRLYF,CASSQVSGGSYEQYF,FLCMKALLL,0
CAVMDSNYQLIW,CASSYKGLAGYEQYF,FLCMKALLL,0
CATDEANFGNEKLTF,CSARDGTGNGYTF,FLCMKALLL,0
CASGGSNYKLTF,CASSDGGKDGYTF,FLCMKALLL,0
CAGALRSGNTPLVF,CASSIRSSYEQYF,FLCMKALLL,0
CAVNPPQGSARQLTF,CASSLGPTEAF,FLCMKALLL,0
CAVTSDGQKLLF,CASSIRSMDIQYF,FLCMKALLL,0
CAVSDQSARQLTF,CASSLEGRTASTDTQYF,FLCMKALLL,0
CAESISGNTPLVF,CASSLNEQF,FLCMKALLL,0
CVGRDNYGQNFVF,CASSIRASNEQFF,FLCMKALLL,0
CAVRDISARLMF,CASSFSATGELFF,FLCMKALLL,0
CAASMTGGFKTIF,CASSIRASNEQFF,FLCMKALLL,0
CATMDSNYQLIW,CAWRSTGGIGDTQYF,FLCMKALLL,0
CALKDAGNKLTF,CASSAVLAGVDDEQYF,FLCMKALLL,0
CAYRRWGAQKLVF,CSGGTDGTNEKELF,FLCMKALLL,0
CIVRVAGQFYF,CASSTRSAYEQYF,FLCMKALLL,0
CIVSGTYKYIF,CASSIDLRGYQNIQYF,FLCMKALLL,0
CAVTPGGGSQGNLIF,CASTPTAANEAFF,FLCMKALLL,0
CAVSEGGGADGLTF,CASSKGTANTEAFF,FLCMKALLL,0
CAVRRGGSQGNLIF,CASSLRATYEQYF,FLCMKALLL,0
CAENMDTGRRALTF,CASTTSNEQF,FLCMKALLL,0
CATHISGYSTLTF,CSVGDQGGSEQYF,FLCMKALLL,0
CAGLAYTGTASKLTF,CASRLATLVGNEQF,FLCMKALLL,0
CAVERAGNNRKLIW,CATDTSGGSSETQYF,FLCMKALLL,0
CALSGWATDSWGKLQF,CASSLVPGASYNEQF,FLCMKALLL,0
CAASRGVGAGGTSYGKLTF,CASSLVLQETQYF,FLCMKALLL,0
CLVGDRRGNTPLVF,CASSPRGVGYEQYF,FLCMKALLL,0
CAAMDSNYQLIW,CASSQEAESSYEQYF,FLCMKALLL,0
CAASMGGGSYIPTF,CASTNSPAFRAEAF,FLCMKALLL,0
CAGSFSTDSWGKLQF,CASSFTEGYTF,FLCMKALLL,0
CAIKAAGNKLTF,CASSGNRGRETQYF,FLCMKALLL,0
CAAALDTDKRIF,CASSPHEAAEQYF,FLCMKALLL,0
CVVSDRGSTLGRLYF,CASSFGQGAIEQYF,FLCMKALLL,0
CSWRAAGNKLTF,CASSMFVGQPQHF,FLCMKALLL,0
CAVDSGNTPLVF,CSVRLTFSYEQYF,FLCMKALLL,0
CVVETGTYKYIF,CASSRPSGTQYF,FLCMKALLL,0
CALGDSNYQLIW,CSAREGLQRDNEQFF,FLCMKALLL,0
CALSGNTPLVF,CASSQARTGAGSTF,FLCMKALLL,0
CAAPSGGYNKLIF,CASSLGLLGSSYNEQFF,FLCMKALLL,0
CAVRNNARLMF,CASSVWGHGYTF,FLCMKALLL,0
CAVMDSNYQLIW,CASSLQGSYEQYF,FLCMKALLL,0
CAVRDSNYQLIW,CSATDRDGGLEQYF,FLCMKALLL,0
CAVNSAGKSTF,CASSPRKGKSYNEQFF,FLCMKALLL,0
CVVTGYSGGGADGLTF,CSVSDLGVGQPQHF,FLCMKALLL,0
CAPVNSNSGYALNF,CASSPLSGTRNEQYF,FLCMKALLL,0
CAVMDSNYQLIW,CSAAQVPYEQYF,FLCMKALLL,0
CAAMDSNYQLIW,CSVRPGGSYNEQFF,FLCMKALLL,0
CAERKTYNTDKLIF,CATSRDIGQGPLSTDTQYF,FLCMKALLL,0
CALRRSNFGNEKLTF,CASSLAESVYEQFF,FLCMKALLL,0
CAGDQNTGNQFYF,CASSKRTSGATDEQFF,FLCMKALLL,0
CARRCFNTNAGKSTF,CATSARDSYGYTF,FLCMKALLL,0
CAVMDSNYQLIW,CASSLGDTNQPQHF,FLCMKALLL,0
CAVSPNDYKLSF,CASSPGSFKYF,FLCMKALLL,0
CAENPFTGRRALTF,CASSISNTGELFF,FLCMKALLL,0
CLVGHPGARLMF,CASSQERGGKWAYEQYF,FLCMKALLL,0
CATGSQGNLIF,CASSPQGSHYEQYF,FLCMKALLL,0
CAASLGNRDDKIIF,CASSLGIVEQFF,FLCMKALLL,0
CAVRRPFSDGQKLLF,CSVVLVDRGADTQYF,FLCMKALLL,0
CILDNNNDMRF,CASSLLSGTSLRVTGELFF,FLCMKALLL,0
CAVKDSNYQLIW,CASSIFSGGQNIQYF,FLCMKALLL,0
CAENIGGGSEKLVF,CASSKSGTGVTEAFF,FLCMKALLL,0
CAASIMTRSNYQLIF,CASRPTDSHQPQHF,FLCMKALLL,0
CAGPRETSGSRLTF,CASSPYGNTIYF,FLCMKALLL,0
CAVGGSQGNLIF,CASSLSGRRSPQHF,FLCMKALLL,0
CATDGGGGSQGNLIF,CASSVRSSYEQYF,FLCMKALLL,0
CVVSWSGRRALTF,CASSQERVSGANVLTF,FLCMKALLL,0
CAFLYPRGGSNYKLTF,CASRQASEQYF,FLCMKALLL,0
CAGSFGGYNKLIF,CASSESHTAGYGYTF,FLCMKALLL,0
CAESIGKLIF,CASSFEETQYF,FLCMKALLL,0
CAESMPGFQKLVF,CASSRGGHEQYF,FLCMKALLL,0
CALRGPAAGNKLTF,CASSGPGGEQYF,FLCMKALLL,0
CAVRPRNQAGTALIF,CASSISGPSNQPQHF,FLCMKALLL,0
CAGGLIYNQEGKLIF,CASSPTTSGRGEQYF,FLCMKALLL,0
CALSEVNRDDKIIF,CASSFLGTGLNEQYF,FLCMKALLL,0
CALNNAGNMLTF,CASSSVNEQYF,FLCMKALLL,0
CAENSGGSNYKLTF,CASQPWFNTGELFF,FLCMKALLL,0
CAMRALYYGKLTF,CASSQNPGLAGGYEQYF,FLCMKALLL,0
CAGAGGGSQGNLIF,CSATEAGGPGNEQFF,FLCMKALLL,0
CVVSDRGSTLGRLYF,CASSLAGSHYGYTF,FLCMKALLL,0
CAGIRDNYGQNFVF,CASSLAPGATNEKLFF,FLCMKALLL,0
CDSGDMRF,CASRLRTSGGTDTQYF,FLCMKALLL,0
CAVLPPGSARQLTF,CASSLAPGATNEKLFF,FLCMKALLL,0
CLVGSMDSNYQLIW,CASSSGTVSYEQYF,FLCMKALLL,0
CVGWGKLQF,CASSPKGQADTQYF,FLCMKALLL,0
CAVMDSNYQLIW,CASSTPWGGTSGATDTQYF,FLCMKALLL,0
CAVRDSNYQLIW,CASSIRSTDTQYF,FLCMKALLL,0
CAPRGSGRRALTF,CASRDLAGRIGHEQFF,FLCMKALLL,0
CAVLGTGGFKTIF,CSSPGREGPQYF,FLCMKALLL,0
CALRGISGSRLTF,CASKAPLATNEKLFF,FLCMKALLL,0
CALSNQAGTALIF,CSSRARGCAGKQYF,FLCMKALLL,0
CVVSDRGSTLGRLYF,CASSLAQGWKTQYF,FLCMKALLL,0
CAASEHAGNMLTF,CASSLVQGYEQYF,FLCMKALLL,0
CILSTGYALNF,CASSRTVDYGYTF,FLCMKALLL,0
CAVKDSNYQLIW,CASSIRSAYEQYF,FLCMKALLL,0
CAGDGGTASKLTF,CAVLMDNDMRF,FLCMKALLL,0
CVVSDRGSTLGRLYF,CSVLNSGANVLTF,FLCMKALLL,0
CAYRDFGNEKLTF,CASSQVGPSGGAKTQYF,FLCMKALLL,0
CASKFNNNARLMF,CASSEGAGEHNEQF,FLCMKALLL,0
CAMSASGAGGTSYGKLTF,CASGTGESGYTF,FLCMKALLL,0
CAAPAPNYGGSQGNLIF,CASSLAPGATNEKLFF,FLCMKALLL,0
CLVGYTDKLIF,CASSLYGGPEQPQHF,FLCMKALLL,0
CALSSSGNTPLVF,CSVEDRVGGTAGYEQYF,FLCMKALLL,0
CAASINSGNTPLVF,CSARSRVGNTIYF,FLCMKALLL,0
CAVARGTSYGKLTF,CASSGQGAYEQYF,FLCMKALLL,0
CAMREGDRNQFYF,CASSGSSGYEQYF,FLCMKALLL,0
CAVNTGNQFYF,CASSVAWGQETQYF,FLCMKALLL,0
CATDPNTGGFKTIF,CASSGQGGYEQYF,FLCMKALLL,0
SSNYKLTF,CASSSGTGAYEQYF,FLCMKALLL,0
CAHSGGYNKLIF,CASSPWEMNTEAFF,FLCMKALLL,0
CAMREGTEGAQKLVF,CAWRDRVYDEKLFF,FLCMKALLL,0
CAGATTLNRDDKIIF,CASSLAPGATNEKLFF,FLCMKALLL,0
CAVTDSNYQLIW,CASSFGQGIGQPQHF,FLCMKALLL,0
CATDDHAGGTSYGKLTF,CASSDRASGGDTQYF,FLCMKALLL,0
CAMIFNDYKLSF,CASRLLAGGRSAQYTF,FLCMKALLL,0
CAVWWTSGSRLTF,CASSQDPGRAFF,FLCMKALLL,0
CALFYNNNDMRF,CASSDEGDRGGYEQYF,FLCMKALLL,0
CVVSDRGSTLGRLYF,CATQPVGTDTQYF,FLCMKALLL,0
CIVRLGGGNQGGKLIF,CSAPDTGLGQPQHF,FLCMKALLL,0
GDEKLTF,CASSLGVGGETQYF,FLCMKALLL,0
CAVMDSNYQLIW,CASSLISGRARNEQF,FLCMKALLL,0
CAVRGPSNTGKLIF,CASSQQEGTSGFYEQYF,FLCMKALLL,0
CAVERDGDKIIF,CASSSQGDTDTQYF,FLCMKALLL,0
CVVSDRGSTLGRLYF,CASSSREVTGELF,FLCMKALLL,0
CAASSLGDDKIIF,CASTPAGGAPGELF,FLCMKALLL,0
CVVSPSNRDDKIIF,CASSFGGTQYF,FLCMKALLL,0
CAVQAGSGGYQKVTF,CASSLGGSTDTQYF,FLCMKALLL,0
CLVGRYGNKLVF,CASSSVNEQYF,FLCMKALLL,0
CAVMDSNYQLIW,CASSQGLAGPSYEQYF,FLCMKALLL,0
CLVGGELTGGGNKLTF,CASSLGVSEPQHF,FLCMKALLL,0
CAVRDQAGTALIF,CASSQWSAGTDTQYF,FLCMKALLL,0
CAVGGGYQKVTF,CSVVTGTGGDEQYF,FLCMKALLL,0
CAGGGSQGNLIF,CASSSGELSAGELF,FLCMKALLL,0
CAGGISSGSARQLTF,CASSLEGSYEQYF,FLCMKALLL,0
CIVRVTGYSTLTF,CASSHRGYEQYF,FLCMKALLL,0
CILDNNNDMRF,CASTGRSEAFF,FLCMKALLL,0
CIPFYSGSARQLTF,CASSSQETQYF,FLCMKALLL,0
CAVSVSGAGSYQLTF,CASSVRSTGGLF,FLCMKALLL,0
CAMSGEGGSQGNLIF,CASSSTITGMGDSGNTIYF,FLCMKALLL,0
CGAAHNYGQNFVF,CSGSGNDEQFF,FLCMKALLL,0
CALSGNTGKLIF,CSARLTGGSGQPQHF,FLCMKALLL,0
CAVRLDDRGSTLGRLYF,CSVGSGGTNEKLFF,FLCMKALLL,0
CVVGDDKIIF,CASSARSAETQYF,FLCMKALLL,0
CAARIQGAQKLVF,CATSRDSQRNNEQFF,FLCMKALLL,0
CVVSDRGSTLGRLYF,CASSLDPYEQYF,FLCMKALLL,0
CAVINQGGKLIF,CASSQDRGKDTQYF,FLCMKALLL,0
CAGDEAMGTYKYIF,CSARESRGGSSYEQYF,FLCMKALLL,0
CALAPDKLIF,CASNGGLAYEQYF,FLCMKALLL,0
CAFMLNAGGTSYGKLTF,CASRTGYTEAFF,FLCMKALLL,0
CAESNADNNDMRF,CASSLSGNEQYF,FLCMKALLL,0
CVVSDRGSTLGRLYF,CASSLLTGNTEAFF,FLCMKALLL,0
CALGFRVLYNQGGKLIF,CSVRPGGSYNEQFF,FLCMKALLL,0
CAVNTDKLIF,CASSYSTGDEQYF,FLCMKALLL,0
CAAKDPGGNNRLAF,CASSLKLAGTDTQYF,FLCMKALLL,0
CAASGSQTGANNLFF,CASSNYKQYF,FLCMKALLL,0
CAVREYNNNDMRF,CASSQDEGYEQYF,FLCMKALLL,0
CVVSDRGSTLGRLYF,CASSAKSSPGQGSTGELF,FLCMKALLL,0
CAGASGSSNTGKLIF,CASSEYPGYYGYTF,FLCMKALLL,0
CAVKDSNYQLIW,CASGLDGGPEQFF,FLCMKALLL,0
CGALNYEAGSQGNLIF,CASSTPGGNEQFF,FLCMKALLL,0
CAVRDWPSNTGKLIF,CASSLWRLGKAYEQYF,FLCMKALLL,0
CAGAGGGSQGNLIF,CSATSEYTEAFF,FLCMKALLL,0
CASPGGYQKVTF,CASRWTGQLDEQF,FLCMKALLL,0
CAGAGSGGSNYKLTF,CASSLGPNTEAF,FLCMKALLL,0
CAASGGSNYKLTF,CASMGLVGGTDTQYF,FLCMKALLL,0
CAAMGNYNAGNMLTF,CASSQQTGTIGGYTF,FLCMKALLL,0
CALRGLLGETSGSRLTF,CASSTAGGTLPGEQYF,FLCMKALLL,0
CALSEANTGNQFYF,CASSNLRWKGRGYTF,FLCMKALLL,0
CAVNPGNQFYF,CASSRTDDTEAF,FLCMKALLL,0
CAVQPMERETSGSRLTF,CASSYSNYEQYF,FLCMKALLL,0
CAVSIQGAQKLVF,CASSPLAFYFNEQF,FLCMKALLL,0
CAAKLPEGVF,CASSLSGGAGELF,FLCMKALLL,0
CIVRGFAYGQNFVF,CASTPGGGEYSPLHF,FLCMKALLL,0
CAAMDSNYQLIW,CASSVGGGSSYEQYF,FLCMKALLL,0
CAVSGYSTLTF,CSASFSDTQYF,FLCMKALLL,0
CAVTDSNYQLIW,CASSSVNEQYF,FLCMKALLL,0
CATDASGYNTDKLIF,CAWSVGGGYGYTF,FLCMKALLL,0
CAASKDTGFQKLVF,CASSIRSAHEQYF,FLCMKALLL,0
CAVSDPVAGGTSYGKLTF,CAWRDRVGHQPQHF,FLCMKALLL,0
CAVMDSNYQLIW,CSVGTGGTNEKLF,FLCMKALLL,0
CAYRSYNQGGKLIF,CASSIRSSYEQYF,FLCMKALLL,0
CAGSGGSNYKLTF,CASSGGSSDTQYF,FLCMKALLL,0
CAVTSQGAQKLVF,CASSLPGGPRETQYF,FLCMKALLL,0
CAASLGGGADGLTF,CASSIEPGLATEQYF,FLCMKALLL,0
CAASGNQAGTALIF,CASSVEGQGATDTQYF,FLCMKALLL,0
CAGNTDKLIF,CASSDLQENQPQHF,FLCMKALLL,0
CASYGGATNKLIF,CASSYGTGDGYTF,FLCMKALLL,0
CAGGGSQGNLIF,CASSLAPGATNEKLFF,FLCMKALLL,0
CAGPMYSGGGADGLTF,CASSTRSAYEQYF,FLCMKALLL,0
CAALTGNQFYF,CASSPRLAGDAGSTGELFF,FLCMKALLL,0
CAVRDGGDKLIF,CASSIRSSYEQYF,FLCMKALLL,0
CAVRDSNYQLIW,CASSIRSSVEQFF,FLCMKALLL,0
CILTYDNNARLMF,CSARLGVGNTIYF,FLCMKALLL,0
CAMSAERGGYNKLIF,CASSSFGTDTQYF,FLCMKALLL,0
CAVSDDKIIF,CASSSQLWREEIEQFF,FLCMKALLL,0
CAVAGSARQLTF,CASSLSPTEAF,FLCMKALLL,0
CILRATGNQFYF,CASSIYSNQPQHF,FLCMKALLL,0
CAVNPDGKLIF,CASSQQAGEGDEQYF,FLCMKALLL,0
CAVAPGSGGSNYKLTF,CSAVMWGTSGTQGSQYF,FLCMKALLL,0
CAASIGSSASKIIF,CASSAGSEAFF,FLCMKALLL,0
CAGRESGGSNYKLTF,CASSYSQGWDTQYF,FLCMKALLL,0
CAMREFYSGGGADGLTF,CASSPGVLANEQYF,FLCMKALLL,0
CAAISDYKLSF,CAISEYGASPLHF,FLCMKALLL,0
CAGWMDSNYQLIW,CATSSRDTSSDEQF,FLCMKALLL,0
CAAMDSNYQLIW,CASSFDTQYF,FLCMKALLL,0
CAVHQGGKLIF,CASRVQGRDNEQF,FLCMKALLL,0
CAVRDSNYQLIW,CASRTSGTYEQYF,FLCMKALLL,0
CAFGASYDKVIF,CASSSPGGETQYF,FLCMKALLL,0
CALSGGAGNNRKLIW,CASSLWSSGETQYF,FLCMKALLL,0
CAVDSSSGGGSEKLVF,CASSLSTGSDEQYF,FLCMKALLL,0
CAMREGTGRRALTF,CASSMTSYNEQYF,FLCMKALLL,0
CAVNLWGKLQF,CASSLAGNYGYTF,FLCMKALLL,0
CALSGNTPLVF,CASSDPGYQPQHF,FLCMKALLL,0
CAPKAAGNKLTF,CASSPGPTSYEQYF,FLCMKALLL,0
CVVNQSGGSYIPTF,CASGGSSYQETQYF,FLCMKALLL,0
CALSEWQGAQKLVF,CASTGGGELFF,FLCMKALLL,0
CLVGVIYNFNKFYF,CASSIEFDRGAPTEQYF,FLCMKALLL,0
CAMREGTGRRALTF,CASSQDGSGGHTEQFF,FLCMKALLL,0
CVVSDRGSTLGRLYF,CASSFRNEQFF,FLCMKALLL,0
CAVIETSGSRLTF,CASSWMTGEGTEAFF,FLCMKALLL,0
CAATEYRNKLVF,CASSPRTSGSDTQYF,FLCMKALLL,0
CAVHPQGGSEKLVF,CASSSGQVNNEQFF,FLCMKALLL,0
CATESPYGNKLVF,CASSTRRYEQYF,FLCMKALLL,0
CAVMDSNYQLIW,CASSQASGGPINEQFF,FLCMKALLL,0
CAATRRGGTSYGKLTF,CASSLEGETQYF,FLCMKALLL,0
CACMDSNYQLIW,CASSLGAVNNEQFF,FLCMKALLL,0
CAEKGSGGSYIPTF,CASSFYSNQPQHF,FLCMKALLL,0
CATAQGGSEKLVF,CASSPSQGYGYTF,FLCMKALLL,0
CAAMDSNYQLIW,CASSQGSAPSYEQYF,FLCMKALLL,0
CAENGNQGGKLIF,CASSAGSGSGYNEQFF,FLCMKALLL,0
CAVEGAGGTSYGKLTF,CASSVDAGGAGELF,FLCMKALLL,0
CAVGTTSGTYKYIF,CASSLGPIQETQYF,FLCMKALLL,0
CAGEQGGNYKLTF,CASSPAGQGAGTGELFF,FLCMKALLL,0
CVVNTGFQKLVF,CASSLGGPGAFF,FLCMKALLL,0
CAFAQGGSQGNLIF,CASSLGGNPTYNEQFF,FLCMKALLL,0
CAFISNTGNQFYF,CSVRGSSYEQYF,FLCMKALLL,0
CAVRDSNYQLIW,CASSRGDVQETQYF,FLCMKALLL,0
CAVRPNRDDKIIF,CASSPGGLSRGEAFF,FLCMKALLL,0
CAMREGQGRGSTLGRLYF,CASSDDIVTDTQYF,FLCMKALLL,0
CAVFNNDMRF,CASSSRSGHEQYF,FLCMKALLL,0
CAVENAGNMLTF,CASSSVGSYEQYF,FLCMKALLL,0
CASYTGGGNKLTF,CASSPRTSGSYEQYF,FLCMKALLL,0
CAVRDQEGNTPLVF,CASSLIAGAFTDTQYF,FLCMKALLL,0
CALSEAGTGGSYIPTF,CASSLAQSREQY,FLCMKALLL,0
CGFKAAGNKLTF,CASRSPLGYEQYF,FLCMKALLL,0
CAEDNNARLMF,CASSQDQGRGNEQFF,FLCMKALLL,0
CAVIQDSNYQLIW,CASSLGSSGTRQYF,FLCMKALLL,0
CAMSGGSNYKLTF,CASSLTNEQF,FLCMKALLL,0
CATDYTGGFKTIF,CASTGTSGALYNEQF,FLCMKALLL,0
CVVTDDKIIF,CASSFTRGGHYSNQPQHF,FLCMKALLL,0
CAVDIETSGSRLTF,CASSTFGATQEIQYF,FLCMKALLL,0
CAASRGTDKLIF,CASSLLGTDRPQHF,FLCMKALLL,0
CAMREGRSGGGADGLTF,CATSRVKAFRDTQYF,FLCMKALLL,0
CAVSSAGNNRKLIW,CASSYSGAEQYF,FLCMKALLL,0
CVVIVPGNTPLVF,CAISDPDRGGRAFF,FLCMKALLL,0
CALRRETSGSRLTF,CARDGTGNGYTF,FLCMKALLL,0
CILDNNNDMRF,CASRRQGRDNEQF,FLCMKALLL,0
CAGASGGGSQGNLIF,CASSLWNSGTASYKQYF,FLCMKALLL,0
CAVSVNTGFQKLVF,CASSLLGQYNSPLHF,FLCMKALLL,0
CAVRDGDYKLSF,CASSFLGTGLNEQYF,FLCMKALLL,0
CAGQGRGGSQGNLIF,CASSVQGFTEAF,FLCMKALLL,0
CATALYSGGYQKVTF,CASRKEGDAYEQYF,FLCMKALLL,0
CALSDQAGTALIF,CAWSISDLAKNIQYF,FLCMKALLL,0
CVVNLGTNAGKSTF,CASKSWDMAYEQYF,FLCMKALLL,0
CAENAGGGSQGNLIF,CATQWTGAFNYGYTF,FLCMKALLL,0
CAVSSGGSYIPTF,CASSGRSTDTQYF,FLCMKALLL,0
CAYRRNTGTASKLTF,CAWSPGTGAYGYTF,FLCMKALLL,0
CAVPSGGSYIPTF,CASGLDTQYF,FLCMKALLL,0
CAATGGSYIPTF,CSARSEKSGANVLTF,FLCMKALLL,0
CAVSYGGSQGNLIF,CAWTPAGTGELFF,FLCMKALLL,0
CAVRDLNARLMF,CASSQGVGENTEAF,FLCMKALLL,0
CALIRGSTLGRLYF,CASSLNWGTEAFF,FLCMKALLL,0
CIVRPLTTSGTYKYIF,CASSPSAAAYEQYF,FLCMKALLL,0
CALRSQGAQKLVF,CASSIGGTGGLPQHF,FLCMKALLL,0
CAMSQSNFGNEKLTF,CASSIDRTVGNTIYF,FLCMKALLL,0
CAVSDSNYQLIW,CASSLIQGAVDTQYF,FLCMKALLL,0
CAVRDITTGGFKTIF,CASTGTARFTGELFF,FLCMKALLL,0
CAVRDSNYQLIW,CASSPGTAYEQYF,FLCMKALLL,0
CAMRGGMDSSYKLIF,CASSPIMNTEAFF,FLCMKALLL,0
CAVNSDGQKLLF,CASSYSIGVVSEQYF,FLCMKALLL,0
CLVGASGAGSYQLTF,CASSLASGVNEQFF,FLCMKALLL,0
CAMREGTGRRALTF,CASSTGQGWGSF,FLCMKALLL,0
CAEFGGSQGNLIF,CASSGGQGRTMNTEAF,FLCMKALLL,0
CVVSEDTGFQKLVF,CASTGGLAGGRTTQETQYF,FLCMKALLL,0
CAASAPRGYKYIF,CASSDPPGLAGSLNEQFF,FLCMKALLL,0
CAVGPGSARQLTF,CASRMRGSEAFF,FLCMKALLL,0
CAVGAWATGTYKYIF,CASSLDRDYGYTF,FLCMKALLL,0
CATEEYSGTYKYIF,CASSVDWDQPQHF,FLCMKALLL,0
CALGVDFNKFYF,CASSLAGGSYNSPLHF,FLCMKALLL,0
CALSGAISGGSNYKLTF,CASSLESGRTNTEAFF,FLCMKALLL,0
CAMREGGTGGGNKLTF,CASSMFVGQPQHF,FLCMKALLL,0
CAVSHSGGSNYKLTF,CASSISSINEQFF,FLCMKALLL,0
CAVEVGYGQNFVF,CASSSAGAAYEQYF,FLCMKALLL,0
CAVNGNTGNQFYF,CSVVERTGELFF,FLCMKALLL,0
CAVSDQGRGAQKLVF,CASSQETSNNEQFF,FLCMKALLL,0
CALPGSGGSYIPTF,CASSVAPGRDGYTF,FLCMKALLL,0
CIVEGSGGSNYKLTF,CASSLGTGGWETQYF,FLCMKALLL,0
CACNNAGNMLTF,CASSWQRDNEQFF,FLCMKALLL,0
CAVMDSNYQLIW,CASSLESLGLASVDEQF,FLCMKALLL,0
CAGPYNFNKFYF,CAWANTGELFF,FLCMKALLL,0
CAFMINAGGTSYGKLTF,CASRDTSGTAYEQYF,FLCMKALLL,0
CAVTGTYKYIF,CASSLGPNTEAF,FLCMKALLL,0
CAEDNNARLMF,CASRIDSNQPQHF,FLCMKALLL,0
CAMRGDPGGTSYGKLTF,CASSSGPADTQYF,FLCMKALLL,0
CLLGSNSGYALNF,CASSPTSSTTSYEQHF,FLCMKALLL,0
CAVPNTGGFKTIF,CASSQDIGYSGNTIYF,FLCMKALLL,0
CVATGMDSSYKLIF,CSAREDEGWGGYTF,FLCMKALLL,0
CALSEADSWGKLQF,CSARGAFHEQYF,FLCMKALLL,0
CAASATSGTYKYIF,CASSQEVAYEQYF,FLCMKALLL,0
CVVSDRGSTLGRLYF,CASSYYLAGVDNEQFF,FLCMKALLL,0
CAGVDGGSQGNLIF,CATARTRNEQF,FLCMKALLL,0
CAVGAVYNQGGKLIF,CSHPGPNYNEQFF,FLCMKALLL,0
CAVNYGGSQGNLIF,CSVQGNSEAFF,FLCMKALLL,0
CVVTPDSNYQLIW,CASSDAASGVGEQYF,FLCMKALLL,0
CGADKSNDYKLSF,CASSLLAGDGTDTQYF,FLCMKALLL,0
CAVARAGNMLTF,CARSWAGGPRDEQYF,FLCMKALLL,0
CAVESFDQAGTALIF,CASSLSVFPGRAEQYF,FLCMKALLL,0
CAGAPRGGAQKLVF,CASSILGKDTQYF,FLCMKALLL,0
CALSEVRSRGSTLGRLYF,CASSLTDPYEQFF,FLCMKALLL,0
CALSERSAQGGSEKLVF,CASSRLTSGGADTQYF,FLCMKALLL,0
CAVGGEAQGAQKLVF,CSVGTGGTNEKLFF,FLCMKALLL,0
CAVLTGTASKLTF,CASSKTGADTQYF,FLCMKALLL,0
CAASFNAGNMLTF,CASSGGLEAFF,FLCMKALLL,0
CAARNSRGSQGNLIF,CASSKGLRQFF,FLCMKALLL,0
CVVIEPGGTSYGKLTF,CASSQPQYSGANVLTF,FLCMKALLL,0
CAVMDSSYKLIF,CASSEELYNEFF,FLCMKALLL,0
CIVRVPWGSGTYKYIF,CSARDRLGEQYF,FLCMKALLL,0
CAAKGWDTPLVF,CASSMGSHGYTF,FLCMKALLL,0
CAVSFYNQGGKLIF,CASSYTWGTDTQYF,FLCMKALLL,0
CATVPNQAGTALIF,CASSIRSTDTQYF,FLCMKALLL,0
CALSRRDKLVF,CATSPRGGNQPQHF,FLCMKALLL,0
CAGSEAAGNKLTF,CSARPQGRYEQYF,FLCMKALLL,0
CAASAKSGTYKYIF,CASSHPNPGLATGELFF,FLCMKALLL,0
CAVQPANQGGKLIF,CASSQDGSGGLGEQFF,FLCMKALLL,0
CAEIQGAQKLVF,CASSQAGVEQF,FLCMKALLL,0
CAESTGNQFY,CASSSFEGAHEQYF,FLCMKALLL,0
CALVNNAGNMLTF,CASSLATSGGGSDTQYF,FLCMKALLL,0
CAASGAGSYQLTF,CASSKLASGADEQYF,FLCMKALLL,0
CALRGRVAGANNLFF,CASSPAALSGAYEQYF,FLCMKALLL,0
CALYLYNNNDMRF,CASSDGTQYF,FLCMKALLL,0
CALTRNQAGTALIF,CSAHDGGAGTEAF,FLCMKALLL,0
CAGAYGGSQGNLIFGKGT,CASSIRSSYEQYF,FLCMKALLL,0
CAVSDSNYQLIW,CASSALASGGDTQYF,FLCMKALLL,0
CAGHIRNEKLTF,CAIMSSGRADGELFF,FLCMKALLL,0
CALNPTGGGNKLTF,CASSLDTDTQYF,FLCMKALLL,0
CAVPTSGGYNKLIF,CASSIGVYGYTF,FLCMKALLL,0
CILDNNNDMRF,CASSYQTGAIYGYTF,FLCMKALLL,0
CAVGARELMAGTASKLTF,CASSPRTDLGEQYF,FLCMKALLL,0
CAPLPRGGSNYKLTF,CASSQGQGGYEQYF,FLCMKALLL,0
CAMREANQAGTALIF,CASSLANSGANVLTF,FLCMKALLL,0
CAVRDQDYKLSF,CASSRRTSGGPNEQFF,FLCMKALLL,0
CLVGDKSGGFKTIF,CASSQDLRGYTDTQYF,FLCMKALLL,0
CAALISGSARQLTF,CSARPQGQTVALH,FLCMKALLL,0
CAVILTGSGGSNYKLTF,CASSLEWVGDNSPLHF,FLCMKALLL,0
CAEMDSNYQLIW,CASSLGGNQPQHF,FLCMKALLL,0
CAGSGGYQKVTF,CASSSTITGMGVSGNTIYF,FLCMKALLL,0
CAGPRGTSYDKVIF,CASKGPGTVIRADTQYF,FLCMKALLL,0
CAMREGMDSSYKLIF,CASTPRDRSNYEQYF,FLCMKALLL,0
CASHSGGYQKVTF,CASSLNSSSYEQYF,FLCMKALLL,0
CAGGASKIIF,CASSPGGGPTDTQYF,FLCMKALLL,0
CAVRRNYGQNFVF,CASSEATLTSGVETQYF,FLCMKALLL,0
CAMSAGTASKLTF,CASSLQAGQPNEQF,FLCMKALLL,0
CAGGGSQGNLIF,CASSARTSGGSDTQYF,FLCMKALLL,0
CILSNNNDMRF,CASSSRASYEQYF,FLCMKALLL,0
CAAFDNYGQNFVF,CASSLSVGAGGTNEKLF,FLCMKALLL,0
CVVSDRGSTLGRLYF,CASSIRSSYEQYF,FLCMKALLL,0
CAALDSNYQLIW,CASSRLASGTDTQYF,FLCMKALLL,0
CIVRARPSGGYQKVTF,CASSQGQGLQETQYF,FLCMKALLL,0
CAGPRNQAGTALIF,CASTKMAGSNTEAF,FLCMKALLL,0
CALLNTGNQFYF,CASSLGGNTGELFF,FLCMKALLL,0
CAGSASKIIF,CASSRDSSYEQYF,FLCMKALLL,0
CAVTDFQKLVF,CASSARSTDTQYF,FLCMKALLL,0
CAAMDSNYQLIW,CASSPGTVAYEQYF,FLCMKALLL,0
CALSAFSGNTGKLIF,CASSIRSTGELF,FLCMKALLL,0
CALDMSGGYSTLTF,CASSQGLNTEAFF,FLCMKALLL,0
CAVGGSQGNLIF,CAIKTTSGIVDEQF,FLCMKALLL,0
CAVTYAGNNRKLIW,CSARDSTGNGYTF,FLCMKALLL,0
CIVSGNNAGNMLTF,CASSWSQLVHEQF,FLCMKALLL,0
CAVFYSGGSNYKLTF,CASSLSSWESNTGELF,FLCMKALLL,0
CALRGGGADGLTF,CASSSSDRGGTDTQYF,FLCMKALLL,0
CAVQDSNYQLIW,CASSDGNEQFF,FLCMKALLL,0
CAFMKLGSGNTGKLIF,CARRSRGENNGGVF,FLCMKALLL,0
CAASLGDDKIIF,CASSLEGVQPQHF,FLCMKALLL,0
CAVGLAGSQGNLIF,CATWTGQGNQPQHF,FLCMKALLL,0
CAGPTGGSYIPTF,CASRMTSGRGETQYF,FLCMKALLL,0
CSGGSHSRLMF,CSAKRPSSYNEQFF,FLCMKALLL,0
CAVGAIIGNKLVF,CASSLSDRGGDEQF,FLCMKALLL,0
CILDNNNDMRF,CASSPPRSTEAF,FLCMKALLL,0
CVVSDRGSTLGRLYF,CASSIGDTSYEQYF,FLCMKALLL,0
CASKRSNYQLIW,CASSTTNSPLHF,FLCMKALLL,0
CAEDNRLMF,CASSYQTGAAYGYTF,FLCMKALLL,0
CVVSDRGSTLGRLYF,CASSETSINEQF,FLCMKALLL,0
CAVQATQGGSEKLVF,CASSLGEAFF,FLCMKALLL,0
CALSGLAHGSGNTGKLIF,CASSIYGAGYTEAFF,FLCMKALLL,0
CAATFSGTYKYIF,CASSLGGTETQYF,FLCMKALLL,0
CVVSDRGSTLGRLYF,CASSLASTGELFF,FLCMKALLL,0
CAGPHWDTGNQFYF,CASSVVGSYNEQFF,FLCMKALLL,0
CAFGGGGSQGNLIF,CASSPLKSGTGWYEQYF,FLCMKALLL,0
CIVLSYNNNDMRF,CASSQVSTYEQYF,FLCMKALLL,0
CAVRQSWGKFQF,CASSFLGTGLNEQYF,FLCMKALLL,0
CAVQAPGGAQKLVF,CASSEQGSEAFF,FLCMKALLL,0
CVVNNPGANNLFF,CASSFGGGGYGYTF,FLCMKALLL,0
CAASAGATDKLTF,CASSEKASGVDEQFF,FLCMKALLL,0
CAGGNQFYF,CASSPNSGLATDTQYF,FLCMKALLL,0
CAYRSLPGGGADGLTF,CASSSSLFYEQYF,FLCMKALLL,0
CLVARSYNNNDMRF,CASSELGARVYEQYF,FLCMKALLL,0
CAASLNSGYSTLTF,CASSLWAGETEAF,FLCMKALLL,0
CAVIGRWDMRF,CSARVGVGNTIYF,FLCMKALLL,0
SMNTGFQKLVF,CASSLSGDYGYTF,FLCMKALLL,0
CAVFNAGNNRKLIW,CASSQGVNQPQHF,FLCMKALLL,0
CAKCNTGKLIF,CAWSVHGTEAFF,FLCMKALLL,0
CASGEYYGQNFVF,CASSLRGAGVFETQYF,FLCMKALLL,0
CAVRDSNYQLIW,CASSQDYGAGDYEQYF,FLCMKALLL,0
CAVMDSNYQLIW,CASSLEWLPGNTIYF,FLCMKALLL,0
CAAVYLRFGKLTF,CASSTALRTGNYGYTF,FLCMKALLL,0
CAAGGSGSARQLTF,CAWGTPGRETQYF,FLCMKALLL,0
CAVRRGGSQGNLIF,CASSLIGEGTTEDEQFF,FLCMKALLL,0
CAMREIDTGRRALTF,CASSLGGRASTDTQYF,FLCMKALLL,0
CLVLYNQGGKLIF,CAISDAGAGNQPQHF,FLCMKALLL,0
CLVGSYSGAGSYQLTF,CASSQGETFNEQYF,FLCMKALLL,0
CAGLSGGSYIPTF,CASSRRTSGGTDTQYF,FLCMKALLL,0
CATGPGTGNQFYF,CASSLWPGASNEQF,FLCMKALLL,0
CAVTAGGTSYGKLTF,CASSEETGEGGHEQFF,FLCMKALLL,0
CALRGSQGNLIF,CASSSQGDYGYTF,FLCMKALLL,0
CALNSGGSNYKLTF,CASSAGGTEAFF,FLCMKALLL,0
CAGHGNQFYF,CATSDGLAGGWANVLTF,FLCMKALLL,0
CAMREGTGRRALTF,CSVGQFSSYEQFF,FLCMKALLL,0
CAGRSGSARQLTF,CASSAPGQGNEKLFF,FLCMKALLL,0
CGADRGGTASKLTF,CATSLFSGANTQYF,FLCMKALLL,0
CAVLDSNYQLIW,CASSYYSNQPQHF,FLCMKALLL,0
CAVRDSNYQLIW,CASRLGQGRRDEQFF,FLCMKALLL,0
CAVKDNFNKFYF,CASSQGSGQPQHF,FLCMKALLL,0
CAVIDSNYQLIW,CASSSANYGYTF,FLCMKALLL,0
CAVRDSNYQLIW,CASSPRIGGPREGYTF,FLCMKALLL,0
CALPHSGNTGKLIF,CSARDFRESNTIYF,FLCMKALLL,0
CINAGGTSYGKLTF,CASSLEGAVLEAEAF,FLCMKALLL,0
CAAGSNNNARLMF,CSATDVTKGQLISGYTF,FLCMKALLL,0
CALSELLTSGTYKYIF,CASSLIDGQGNNEQFF,FLCMKALLL,0
CAVLNSNYQLIW,CASSLWDPGELFF,FLCMKALLL,0
CAAMDSNYQLIW,CASSLGNGGWAEAFF,FLCMKALLL,0
CAVSGSARQLTF,CASSLALAGTDTQYF,FLCMKALLL,0
CAVLKTSYDKVIF,CASSYGTGNIQYF,FLCMKALLL,0
CALEGGGNKLTF,CASSLGGAPYNEQFF,FLCMKALLL,0
CAGPMYSGGGADGLTF,CASRDRGNTEAFF,FLCMKALLL,0
CAAQGSQGNLIF,CASSIRSSYEQYF,FLCMKALLL,0
CAVRDKNRDDKIIF,CASSIRSSNEQF,FLCMKALLL,0
CAYRSAMDSNYQLIW,CASSLVEQGIEQYF,FLCMKALLL,0
CAVMDSNYQLIW,CASSQEMVGTEAFF,FLCMKALLL,0
CIAGASFSGGYNKLIF,CASSGLASGTDTQYF,FLCMKALLL,0
CALSEAGTGGSYIPTF,CASSHRDRATEAFF,FLCMKALLL,0
CALSGWATDGWGKLQF,CASSEYLNTEAF,FLCMKALLL,0
CAVSGNKLVF,CAWSFSSNEQFF,FLCMKALLL,0
CAEAYNAGNMLTF,CAISAGTGVRNEQYF,FLCMKALLL,0
CAENNPKGSGNTGKLIF,CASSPAGTSGYNEQFF,FLCMKALLL,0
CAADEFVRNYGGATNKLIF,CASSEFTRSYEQYF,FLCMKALLL,0
CAVILSNFGNEKLTF,CASSIRSSYEQYF,FLCMKALLL,0
CAMSPVNTGNQFYF,CASSFGGTEAFF,FLCMKALLL,0
CAMRGGGGPPTGNQFYF,CASSLFWTGKNIQYF,FLCMKALLL,0
CAVGPYGGSQGNLIF,CASSQDRATGELF,FLCMKALLL,0
CAVSGARDLFF,CASSYLEGSETQETQYF,FLCMKALLL,0
CAVRDGDYKLSF,CSATDVTKGQLISGYTF,FLCMKALLL,0
CAMREAYNTNAGKSTF,CASSLAQGMGPGNTIYF,FLCMKALLL,0
CALSDRRSGGSNYKLTF,CASSLERGMGSNQPQHF,FLCMKALLL,0
CALRSTNFGNEKLTF,CASSSPGQRAYEQYF,FLCMKALLL,0
CVVSLGGELQF,CASSQLGQSETQYF,FLCMKALLL,0
CALRFGNTGFQKLVF,CSAYRLAGEETQYF,FLCMKALLL,0
CAVEDSNYQLIW,CASSPMGQSYEQYF,FLCMKALLL,0
CAGPLGGGSQGNLIF,CASSQSPGGFQYF,FLCMKALLL,0
CASGGYQKVTF,CATRIGWGTDTQYF,FLCMKALLL,0
CAGSGGYQKVTF,CASSSPDSNNEQFF,FLCMKALLL,0
CAVMDSNYQLIW,CASSYVRASYGYTF,FLCMKALLL,0
CAGAGSQGNLIF,CASSMRSYNEQFF,FLCMKALLL,0
CVVKRANTGNQFYF,CSGKRDTSWTDTQYF,FLCMKALLL,0
CIVRVADYGQNFVF,CATSRFGGEKLFF,FLCMKALLL,0
CAFMNLDNNAGNMLTF,CASSLTGTGEKLFF,FLCMKALLL,0
CIGALYSGGGADGLTF,CASSVSLRGAEPSTDTQYF,FLCMKALLL,0
CAYRSTTGANSKLTF,CSAMREVNTEAF,FLCMKALLL,0
CALSGYNTDKLIF,CATSDLGQGLDNEQF,FLCMKALLL,0
CAGSGGYQKVTF,CASSLPPADMRDTQYF,FLCMKALLL,0
CAVNSNQAGTALIF,CASSLAGTARGDGYTF,FLCMKALLL,0
CAVENNNARLMF,CSDDGGQEGYGYTF,FLCMKALLL,0
IVYGGFKTI,CASSPTRNTEAFF,FLCMKALLL,0
CATVHNTNAGKSTF,CASSLGQAGETQYF,FLCMKALLL,0
CAEKGGGGADGLTF,CASSSLGDSYEQYF,FLCMKALLL,0
CILRIAAGSYQLTF,CATSESGTKDNEQF,FLCMKALLL,0
CAVNDMRF,CASSQTGVGQPQHF,FLCMKALLL,0
CGATDSNYQLIW,CASSQEGQDYGYTF,FLCMKALLL,0
CAVSYMNYGGSQGNLIF,CASSTRSTDTQYF,FLCMKALLL,0
CAMREGGNGGGFKTIF,CASSSGPTMGGKLFF,FLCMKALLL,0
CAEDNNARLMF,CASSPRTGQNSPLHF,FLCMKALLL,0
CAVEVIF,CASSLHGGGYNEQF,FLCMKALLL,0
CAVMDSNYQLIW,CASIPNLGNEQF,FLCMKALLL,0
CAYRSAGTTSGTYKYIF,CASSSVGGSYEQYF,FLCMKALLL,0
CAYRSALGNQFYF,CASSLAPGYEQYF,FLCMKALLL,0
CAVEDSNYQLIW,CSVGGQGARCNQPQHF,FLCMKALLL,0
CAVSDSQVGDARLMF,CASINRGTDPYEQYF,FLCMKALLL,0
CIVRFAVDMRF,CASSLDYNEQFF,FLCMKALLL,0
CVVPVSGGYNKLIF,CASSLYNEQF,FLCMKALLL,0
CAYRSADYGQNFVF,CASSGAARGNQPQHF,FLCMKALLL,0
CIVGGSQGNLIF,CASSLEWANTEAFF,FLCMKALLL,0
CAVGAGSASKIIF,CASSSQETQYF,FLCMKALLL,0
CAVKDSNYQLIW,CASSQAGLEAYNEQFF,FLCMKALLL,0
CALMTTDSWGKLQF,CAWIPGTGGAGGLF,FLCMKALLL,0
CAASMVAGSGGGADGLTF,CASSTDRVGNTIYF,FLCMKALLL,0
CIVRDGNSGGYQKVTF,CASSLAPGQGAEEQYF,FLCMKALLL,0
CAVGEDSNYQLIW,CASSPRQGNDEQYF,FLCMKALLL,0
CASFMDSNYQLIW,CASSTRSADTQYF,FLCMKALLL,0
CAVNRGTSYGKLTF,CASSYTGTGSQPQHF,FLCMKALLL,0
CIVRVTGNQFYF,CASSFWGQGTDTQYF,FLCMKALLL,0
CALQTGANNLFF,CASSLSPGQKYEQYF,FLCMKALLL,0
CAVRDGDFGNEKLTF,CASSQDGSGGLGEQFF,FLCMKALLL,0
CAMRVSDNFNKFYF,CSGEDQETQYF,FLCMKALLL,0
CAVKGRGSARQLTF,CASSLYSGLDQPQHF,FLCMKALLL,0
CVVSAGSIVSGGYNKLIF,CASSLRGENRDDYEQYF,FLCMKALLL,0
CAGGGSQGNLIF,CASSQEIPYEQFF,FLCMKALLL,0
CAVRNNNARLMF,CASSLGGGEQYF,FLCMKALLL,0
CAGRETSGSRLTF,CASSREGAFTEAFF,FLCMKALLL,0
CALSGPSGYSTLTF,CASSQDLRGARGYTF,FLCMKALLL,0
CVVNDGQNFVF,CASSLSGDYGYTF,FLCMKALLL,0
CAVSPKRALTF,CASSRGARGNQPQHF,FLCMKALLL,0
CALSEAGYGNNRLAF,CSPIQDSLGYTF,FLCMKALLL,0
CAFMIGAGGTSYGKLTF,CASSPVGGSYNEQFF,FLCMKALLL,0
CAVMNSNYQLIW,CASSRYGLSSTDTQYF,FLCMKALLL,0
CAVRDPLYNFNKFY,CSVETGQTQETQYF,FLCMKALLL,0
CAMREHGTAGNKLTF,CASSPRAGVNQPQHF,FLCMKALLL,0
CAVNRPMNYGGATNKLIF,CASSLEQLSGNTIYF,FLCMKALLL,0
CIVRVYGGATNKLIF,CSARDRVGNTIYF,FLCMKALLL,0
CALVKVTDKLIF,CASSGQGAYEQYF,FLCMKALLL,0
CAYRSAGGTSYGKLTF,CASTGSGYGYTF,FLCMKALLL,0
CAEVFSGGYNKLIF,CASSLSLAGREQFF,FLCMKALLL,0
CAVDNNNDMRF,CASSSGSYGYTF,FLCMKALLL,0
CAVTSNTNAGKSTF,CASSLKGNTEAFF,FLCMKALLL,0
CALSEVSAGANSKLTF,CASSPSTGKGNQPQHF,FLCMKALLL,0
CALSEASGNQFYF,CASSYSVAVSYKQYF,FLCMKALLL,0
CALLTGTASKLTF,CASSQDTGLGVGAYEQYF,FLCMKALLL,0
CALSEDQFYF,CSARDVGISYEQYF,FLCMKALLL,0
CATDANTGNQFYF,CASSTRTGQETQYF,FLCMKALLL,0
CAVNIPTF,CASSSANYGYTF,FLCMKALLL,0
CVVKKNNTDKLIF,CASSAIGGAYEQYF,FLCMKALLL,0
CALTNSGGYQKVTF,CASSYYSNQPQHF,FLCMKALLL,0
CAPLSNQFYF,CASSLYNEQF,FLCMKALLL,0
CAVRDFASSNTGKLIF,CASRQEGGGDGQPQHF,FLCMKALLL,0
CAVPYSGGGADGLTF,CASRGLAGPEWTHEQYF,FLCMKALLL,0
CAASLGRNAGNMLTF,CSARDRTGNGYTF,FLCMKALLL,0
CAVTAGGTSYGKLTF,CATRIGWGTDTQYF,FLCMKALLL,0
CILRDSRNSGGSNYKLTF,CASSLGDNGGYEQYF,FLCMKALLL,0
CIRDNNNDMRF,CASSWSGGGARDTKNF,FLCMKALLL,0
CAVRLGGADGLTF,CASTSYTEAFF,FLCMKALLL,0
CARNTGNQFYF,CASSFLQETQYF,FLCMKALLL,0
CVLGVVTGGGNKLTF,CASSLYFWLAESEQYF,FLCMKALLL,0
CAGMDSNYQLIW,CASSFSDRTYSYEQYF,FLCMKALLL,0
CAYRAPRGSRLTF,CSAREEGTQAWETQYF,FLCMKALLL,0
CAVDNNNDMRF,CASQSGFLSNSPLHF,FLCMKALLL,0
CAVGAFAGGTSYGKLTF,CASSPHLAGGPAEQFF,FLCMKALLL,0
CGADYTGTASKLTF,CASSIRSSYEQFF,FLCMKALLL,0
CALRANTGNQFYF,CASVLMRTNNEQFF,FLCMKALLL,0
CAMREGTGRRALTF,CASSFRSPNERNF,FLCMKALLL,0
CAGAGGGSQGNLIF,CASSSSGPRDEQF,FLCMKALLL,0
CAMREGTGRRALTF,CASSLGTSGRAEQFF,FLCMKALLL,0
CAVSPGSNYKLTF,CASSLGQNRPQHF,FLCMKALLL,0
CAANGSGNTPLVF,CASSLPGTDQETQYF,FLCMKALLL,0
CAGGGSQGNLIF,CSAPGTGWVDEQFF,FLCMKALLL,0
CAVTIGATQGGSEQLVF,CASSPAFSRHYEQYF,FLCMKALLL,0
CAVLSLSGSARQLTF,CASSPDRGRGYTF,FLCMKALLL,0
CLVGGGADGLT,CASSPGTGSYEQYF,FLCMKALLL,0
CALSEVRSRGSTLGRLYF,CASSLGQGNTEAFF,FLCMKALLL,0
CAVMDSNYQLIW,CASSLRGNEQF,FLCMKALLL,0
CAVSTGGGADGLTF,CASSLFSGGEETQYF,FLCMKALLL,0
CAYKGPGAGSYQLTF,CAWSWSGGGTGELFF,FLCMKALLL,0
CAGGGSQGNLIF,CASSVTGTGIGGYTF,FLCMKALLL,0
CAEGSNSGYSTLTF,CASSYSLAGEFF,FLCMKALLL,0
CAFGRGAQKLVF,CASSESLLTEQFF,FLCMKALLL,0
CAVRDSNYQLIW,CASKKEQGSYNEQF,FLCMKALLL,0
CAENTNDYKLSF,CASSSANYGYTF,FLCMKALLL,0
CAVCDSNYQLIW,CSARDWRDYNEQFF,FLCMKALLL,0
CAGNYGGSQGNLIF,CASSQTAGGYEQYF,FLCMKALLL,0
CALSDRWNTGNQFYF,CASSVLRGGNEQFF,FLCMKALLL,0
CAGAMGGGSQGNLIF,CASSETGVGGYTF,FLCMKALLL,0
CAVSSGTYKYIF,CASRPGGGGYTF,FLCMKALLL,0
CILERGADGLTF,CASSFGQGAIEQYF,FLCMKALLL,0
CALMVYGGSQGNLIF,CSARDGTGNGYTF,FLCMKALLL,0
CAGRSGSARQLTF,CASSSAGTQETQYF,FLCMKALLL,0
CAVTGYSTLTF,CASSVVSGTSGRGNEQFF,FLCMKALLL,0
CAVRDLNARLMF,CASSLGVAGEAFF,FLCMKALLL,0
CAEKGEGGSEKLVF,CASSARTSGGQPQHF,FLCMKALLL,0
CAASKEMGGKLIF,CASSPPGGNEQFF,FLCMKALLL,0
CAVRSPNRDDKIIF,CASSIRSSYEQYF,FLCMKALLL,0
CAFIPTSGAGSYQLTF,CASSPGLANTDTQYF,FLCMKALLL,0
CIAANYGGSQGNLIF,CASSLEQGARTDTQYF,FLCMKALLL,0
CAVRDSNYQLIW,CASSIHHGNEQFF,FLCMKALLL,0
CAYSTNFGNEKLTF,CASSLPRGPQYF,FLCMKALLL,0
CVVSDRGSTLGRLYF,CASSPRVRGYNEQFF,FLCMKALLL,0
CAKNAGGTSYGKLTF,CSVEATRADTQYF,FLCMKALLL,0
CAVHITGTASKLTF,CASSRQDYNEQFF,FLCMKALLL,0
CALSDPSTGNQFYF,CASSQGKTEAFF,FLCMKALLL,0
CAVSSSNTGKLIF,CASGLSDRGGDEQF,FLCMKALLL,0
CAESRYSGYSTLTF,CASSPRDSTDTQYF,FLCMKALLL,0
CALQGSQGNLIF,CASRGLAGEQYF,FLCMKALLL,0
QGGKLIF,CASSQTGAGQPQHF,FLCMKALLL,0
CAASIWGKLQF,CASTTGDGLGAFF,FLCMKALLL,0
CIVRLTFLIQGAQKLVF,CASSFAGTTEAFF,FLCMKALLL,0
CIVRYYGGSQGNLIF,CASSIRSTDTQYF,FLCMKALLL,0
CAGATYGNTGKLIF,CASSRHPGGDDYNEQFF,FLCMKALLL,0
CAAIDSNYQLIW,CASSPVLAGGPHEQYF,FLCMKALLL,0
CALSLQTGANNLFF,CASSYGGGRGNTIYF,FLCMKALLL,0
CAVRDLNARLMF,CAWTSEAGGYNEQFF,FLCMKALLL,0
CAMRESDNTDKLIF,CASSLAPGATNEKLFF,FLCMKALLL,0
CAAISSGAGGTSYGKLTF,CASSIFSGANVLTF,FLCMKALLL,0
CARYGGATNKLIF,CASSYNQGYEQYF,FLCMKALLL,0
CIPVTYNQGGKLIF,CASRRGTNRVLSNEKLF,FLCMKALLL,0
CAVNKGFQKLVF,CASSDSQNEQFF,FLCMKALLL,0
CAYRSAYGNKLVF,CSVGTGGTNEKLF,FLCMKALLL,0
CIGPGSGNTGKLIF,CASTLDRLAF,FLCMKALLL,0
CIVRVGPNNNAGNMLTF,CASSSTWGTGELF,FLCMKALLL,0
CAVITGGFKTIF,CASSLAQVDQYF,FLCMKALLL,0
CAMREQEDSNYQLIW,CSARSRVGNTIYF,FLCMKALLL,0
CAFGDDKIIF,CATSEGTSGTHEQYF,FLCMKALLL,0
CAGEGNSNYQLIW,CASSLRGRASTDTQYF,FLCMKALLL,0
,,FLCMKALLL,0
,,FLCMKALLL,0
,,FLCMKALLL,0
