CASSPGDTLLTDTQYF,CAMREDRDNYGKNFVF,GLCTLVAML,1
CAVEEKNAGNMLIF,CASSEGNVAPGELF,GLCTLVAML,1
CAEYSSASKIIF,CASSQSPGGTQYF,GLCTLVAML,1
CAENSNTGNQFYF,CASSQSPGGTQYF,GLCTLVAML,1
CVVNRPNDYKLSF,CASSSGELSAGELF,GLCTLVAML,1
CVVNVPNDYKLSF,CASSSGSGGYYNEQF,GLCTLVAML,1
CAEITSNTGKLIF,CSAQGVGGQTYNEQF,GLCTLVAML,1
CAEDADSTLTF,CSARAGVGNTIYF,GLCTLVAML,1
CAEDNNARLMF,CSARDRIGNGYTF,GLCTLVAML,1
CAEDLNARLMF,CSARLGVGNTIYF,GLCTLVAML,1
CAADSNARLMF,CSARVRSDRDVGNTIYF,GLCTLVAML,1
CVVNMLAGNTDKLIF,CSASIFRDLTHNEQF,GLCTLVAML,1
CAESTSGGKLIF,CSVGTGGTNEKLF,GLCTLVAML,1
CAESTGKLIF,CSVGTGGTNEKLF,GLCTLVAML,1
CAESIGKLIF,CSVGTGGTNEKLFF,GLCTLVAML,1
CAEKGGTALIF,CSVRGQGDEQF,GLCTLVAML,1
CVVFKAAGNKLTF,CASGGSSYQETQYF,GLCTLVAML,1
CAVDDTGGGNKLTF,CASSAGQVSPGELFF,GLCTLVAML,1
CASGGSQGNLIF,CASSFGTFETQYF,GLCTLVAML,1
CAAGYSSASKIIF,CASSFSSGTTDTQYF,GLCTLVAML,1
CASGGSQGNLIF,CASSIGTFETQYF,GLCTLVAML,1
CAARGDTGKLIF,CASSISGDYGYTF,GLCTLVAML,1
CAVDDLYSNYQLIW,CASSLSGGINEQFF,GLCTLVAML,1
CAESTSRGNTPLVF,CASSLTTEQQFF,GLCTLVAML,1
CAVDDLYSNYQLIW,CASSLWGGINEQFF,GLCTLVAML,1
CAASDGAGGTSYGKLTF,CASSLWTGSHEQYF,GLCTLVAML,1
CAVYSNSGYALNF,CASSPDREGGDRGYNEQFF,GLCTLVAML,1
CAEDNNARLMF,CASSPGSTAPGELFF,GLCTLVAML,1
CALNPTGGGNKLTF,CASSPVSGSSYEQYF,GLCTLVAML,1
CAEDAGNMLTF,CASSQAGLAAYNEQFF,GLCTLVAML,1
CAELGNDMRF,CASSQAPGGEQYF,GLCTLVAML,1
CAELGNDMRF,CASSQCPGGEQYF,GLCTLVAML,1
CAESQGNLIF,CASSQRPGGQQFF,GLCTLVAML,1
CAELGNDMRF,CASSQSPGGEQYF,GLCTLVAML,1
CAESKGNLIF,CASSQSPGGEQYF,GLCTLVAML,1
CAESQGNLIF,CASSQSPGGQQFF,GLCTLVAML,1
CAEYSSAFKIIF,CASSQSPGGTQYF,GLCTLVAML,1
CAVLRGGADGLTF,CASSSGAGLDEQFF,GLCTLVAML,1
CAARFDSGYALNF,CASSTYSGQSYGYTF,GLCTLVAML,1
CAARFDSGYALNF,CASSTYYGQSYGYTF,GLCTLVAML,1
CAENRCSTLTF,CASSVAGGDEQFF,GLCTLVAML,1
CAENRYSTLTF,CASSVAGGDEQFF,GLCTLVAML,1
CAMREVMDSNYQLIW,CASSVAQLAGGTDTQYF,GLCTLVAML,1
CAVNIDNMDSNYQLIW,CASSVGGEAYEQYF,GLCTLVAML,1
CAVNIDTMDSNYQLIW,CASSVGGEAYEQYF,GLCTLVAML,1
CAESLDMLTF,CASSVVGGNEQFF,GLCTLVAML,1
CVVSDEYGNKLVF,CASSVWTGHDEQFF,GLCTLVAML,1
CALPMNRDDKIIF,CASSYAYDGSYEQYF,GLCTLVAML,1
CVVNGMDSSYKLIF,CASTPGTVLPDTQYF,GLCTLVAML,1
CAEIASGTYKYIF,CSAEISGTQLYNEQFF,GLCTLVAML,1
CAVGEDSSYKLIF,CSAEPETSGGLQYF,GLCTLVAML,1
CAVGEDSSYKLIF,CSAEPGTSGGLQYF,GLCTLVAML,1
CAEDNNARLMF,CSARDATGNGYTF,GLCTLVAML,1
CAEDANARLMF,CSARDGTGNGYTF,GLCTLVAML,1
CAEDNNARLMF,CSARDGTGNGYTF,GLCTLVAML,1
CAHDNNARLMF,CSARDGTGNGYTF,GLCTLVAML,1
CAEDNNARLMF,CSARDQTGNGYTF,GLCTLVAML,1
CADDNNARLMF,CSARDRTGNGYTF,GLCTLVAML,1
CAEDNNARLMF,CSARDRTGNGYTF,GLCTLVAML,1
CAHDNNARLMF,CSARDRTGNGYTF,GLCTLVAML,1
CAEDDNARLMF,CSARDRVGNGHTF,GLCTLVAML,1
CAEDDNARLMF,CSARDRVGNGYTF,GLCTLVAML,1
CAADSNARLMF,CSARDRVGNTIYF,GLCTLVAML,1
CAEDNNARLMF,CSARDSTGNGYTF,GLCTLVAML,1
CAEDNNPRLMF,CSARDSTGNGYTF,GLCTLVAML,1
CAEDNNTRLMF,CSARDSTGNGYTF,GLCTLVAML,1
CASDNNARLMF,CSARDSTGNGYTF,GLCTLVAML,1
CAVPAEGGYNKLIF,CSARDSTGNGYTF,GLCTLVAML,1
CAVPPEGGYNKLIF,CSARDSTGNGYTF,GLCTLVAML,1
CAVPVEGGYNKLIF,CSARDSTGNGYTF,GLCTLVAML,1
CAEDNNARLMF,CSARDTTGNGYTF,GLCTLVAML,1
CAEDNNARLMF,CSARDTVGNGYTF,GLCTLVAML,1
CAEKGGTALIF,CSARGQGDEQYF,GLCTLVAML,1
CAEDNNARLMF,CSARLRELSGNTIYF,GLCTLVAML,1
CAEDNNARLMF,CSARLRKLSGNTIYF,GLCTLVAML,1
CAEDNNARLMF,CSARVEPGNGYTF,GLCTLVAML,1
CAEKGGTALIF,CSERGQGDEQYF,GLCTLVAML,1
CAEDNYGQNFVF,CSGREDSTNEKLFF,GLCTLVAML,1
CAESNADNNDMRF,CSVEAVGDGIYNEQFF,GLCTLVAML,1
CAESIGKLIF,CSVGAGGTNEKLFF,GLCTLVAML,1
CAESTCWGKLQF,CSVGAGGTNEKLFF,GLCTLVAML,1
CAESTSWGKLQF,CSVGAGGTNEKLFF,GLCTLVAML,1
CAASRDYKLSF,CSVGAIMDEQFF,GLCTLVAML,1
CAESISGGKLIF,CSVGSAGTNEKLFF,GLCTLVAML,1
CAESTGKLIF,CSVGSDGTNEKLFF,GLCTLVAML,1
CAEDNNARLMF,CSVGSGGTNEKLFF,GLCTLVAML,1
CAESIGKLIF,CSVGSGGTNEKLFF,GLCTLVAML,1
CAESSRGKLIF,CSVGTGGTNEKLFF,GLCTLVAML,1
CAESTGKLIF,CSVGTGGTNEKLFF,GLCTLVAML,1
CAVYSNSGYALNF,CSVGTGGTNEKLFF,GLCTLVAML,1
CAESIGKLIF,CSVGTQGTNEKLFF,GLCTLVAML,1
CILGMDSSYKLIF,CSVPGLAVPGELFF,GLCTLVAML,1
CALRCFGNEKLTF,CSVPGTVQETQYF,GLCTLVAML,1
CAVRCFGNEKLTF,CSVPIAVQETQYF,GLCTLVAML,1
CALRCFGNEKLTF,CSVPITVQETQYF,GLCTLVAML,1
CAVRCFGNEKLTF,CSVPITVQETQYF,GLCTLVAML,1
CALRCFGNEKLTF,CSVPSTVQETQYF,GLCTLVAML,1
CAVRCFGNEKLTF,CSVPSTVQETQYF,GLCTLVAML,1
CAEDAGNMLTF,CSVTGDRRSNQPQHF,GLCTLVAML,1
CIVSRTRRGNKLVF,CASSQSPGGTQYF,GLCTLVAML,1
CATSPPLTQGGSEKLVF,CASSQSPGGTQYF,GLCTLVAML,1
CAVEHNTDKLIF,CASSQSPGGTQYF,GLCTLVAML,1
CALSLSGYSTLTF,CASSQSPGGTQYF,GLCTLVAML,1
CAMSSAGGTSYGKLTF,CASSQSPGGTQYF,GLCTLVAML,1
CAVIYGNQFYF,CASSLWVGGSSGANVLTF,GLCTLVAML,1
CALYNTDKLIF,CASSPTSGSVYEQYF,GLCTLVAML,1
CAMREQEDSNYQLIW,CASSEESYLMNTEAFF,GLCTLVAML,1
CATDDGTGNQFYF,CASSIRSGWEQYF,GLCTLVAML,1
CVVNLNTGGFKTIF,CASSQVKGYEQYF,GLCTLVAML,1
CAASDSGGSNYKLTF,CASSLYPLGFGYTF,GLCTLVAML,1
CAVMDSNYQLIW,CASTLAGGTDTQYF,GLCTLVAML,1
CVVSATQNTGNQFYF,CASSPGLPYEQYF,GLCTLVAML,1
CAVTGNQFYF,CASSIRTGASNQPQHF,GLCTLVAML,1
CAVKDSNYQLIW,CASSQLIPGLLYGYTY,GLCTLVAML,1
CAVITGGGNKLTF,CASSQDRWDVMSQNIQYF,GLCTLVAML,1
CAVTSNDYKLSF,CASSPPSSGYGNTIYF,GLCTLVAML,1
CAMDKMDSNYQLIW,CASSKTSGSGDEQF,GLCTLVAML,1
CAVVGGYNKLIF,CASSSVAGGFFSYEQYF,GLCTLVAML,1
CAMSGTASKLTF,CSARDRVGNTIYF,GLCTLVAML,1
CAVRDSMDSSYKLIF,CASSAGLARDTQYF,GLCTLVAML,1
CLVGDNNARLMF,CASSSTGASNSPLHF,GLCTLVAML,1
CAVINDDYKLSF,CASSQGLAGTTDTQYF,GLCTLVAML,1
CAAPRETSYDKVIF,CSATSGTDTQYF,GLCTLVAML,1
CALTRLRQGAQKLVF,CASSYYSNQPQHF,GLCTLVAML,1
CAAMDNDYKLSF,CASSLEREDYEQYF,GLCTLVAML,1
CASSRGYNQGGKLIF,CASRSSGAFNEQFF,GLCTLVAML,1
CAAGGSQGNLIF,CASSEAQGAIGELFF,GLCTLVAML,1
CALSEAGTGGSYIPTF,CAWTETGLSGNTIYF,GLCTLVAML,1
CAATPTNAGKSTF,CASSYSNGGYGYTF,GLCTLVAML,1
CAVYSGGGADGLTF,CSARVPRTGSTGNTIYF,GLCTLVAML,1
CAVVDSNYQLIW,CASSCTQGSPSYEQYF,GLCTLVAML,1
CATDDQGAQKLVF,CASSLAPGATNEKLFF,GLCTLVAML,1
CASSGLSSGGSYIPTF,CASSLNREETQYF,GLCTLVAML,1
CAATGANNLFF,CASSLEGAKTEAFF,GLCTLVAML,1
CATDVWGDNYGQNFVF,CASSPSPAGAYEQYF,GLCTLVAML,1
CAVRDRFKTGANNLFF,CASSLGSSGNEQF,GLCTLVAML,0
CATDPSGTYKYIF,CASSTGRAEAFF,GLCTLVAML,0
CAVQAFPDLYNFNKFYF,CASSAIGGAYEQYF,GLCTLVAML,0
CASPRGAGNMLTF,CASSLGPNTEAF,GLCTLVAML,0
CVVNEYSGGGADGLTF,CASSHGQGAYEQYF,GLCTLVAML,0
CVVNWHNQGGKLIF,CSAEGGGSYEQYF,GLCTLVAML,0
CAVDNTDKLIF,CASTGDPSYNEQFF,GLCTLVAML,0
CAGLAYTGTASKLTF,CASSLTGSPYEQYF,GLCTLVAML,0
CAMHSGGYNKLIF,CSVGTSAYEQFF,GLCTLVAML,0
CAASEGDSGTYKYIF,CASSPLSLGSPYNEQFF,GLCTLVAML,0
CILDNNNDMRF,CASSGELTDTQYF,GLCTLVAML,0
CGNSGGGADGLTF,CASTLDRERRSNQPQHF,GLCTLVAML,0
CGMLGNTGKLIF,CSAREKTSGWDEQYF,GLCTLVAML,0
CAGNYGGSQGNLIF,CASSLVSGREETQYF,GLCTLVAML,0
CAENIYTGGFKTIF,CASSPTLGRTYNEQFF,GLCTLVAML,0
CAANYGGSQGNLIF,CASSLAYRPYEQYF,GLCTLVAML,0
CAFYGTNAGKSTF,CASSLGGASYEQYF,GLCTLVAML,0
CAAPPDSSYKLIF,CASSQAQGGETQYF,GLCTLVAML,0
CALSNSGTYKYIF,CASSSTGFEQYF,GLCTLVAML,0
CAVLNNARLMF,CASSYTGELFF,GLCTLVAML,0
CVVSDRGSTLGRLYF,CASSFGVNTGELFF,GLCTLVAML,0
CILDNNNDMRF,CASSPRTGWPGANVLTF,GLCTLVAML,0
CAASANPSGTSYGKLTF,CASSSLGVPYYEQYF,GLCTLVAML,0
CAMGSGYALNF,CASSYGVNTEAFF,GLCTLVAML,0
CATDLTQGGSEKLVF,CASSAGTIYNEQFF,GLCTLVAML,0
CAMREHNNAGNMLTF,CASSLTGGLAYEQYF,GLCTLVAML,0
CAAGGSQGNLIF,CASGQGRMKENTEAFF,GLCTLVAML,0
CAVRDNSITGGFKTIF,CASLGLQETQYF,GLCTLVAML,0
CAASNPSGGSYIPTF,CASSKTSEFYEQYF,GLCTLVAML,0
CLVVSNSSASKIIF,CAWSISDSSRVEAFF,GLCTLVAML,0
CVVNTYSGGYQKVTF,CASSFQGYTEAF,GLCTLVAML,0
CAPSGSARQLTF,CASSRTVSGNQPQHF,GLCTLVAML,0
CAMREGTGRRALTF,CASSWWANTDTQYF,GLCTLVAML,0
CAVSPTGGKLIF,CASSQDRLDTQYF,GLCTLVAML,0
CVVSDRGSTLGRLYF,CSAGEASGVFQETQYF,GLCTLVAML,0
CAVSGSGGSQGNLIF,CASSYSYPGQGNEKLFF,GLCTLVAML,0
CILRSLKSSGDKLTF,CASSLGGTGNEQF,GLCTLVAML,0
CAVRLVGGTSYGKLTF,CASSMLLGGGQPQHF,GLCTLVAML,0
CAASITANDYKLSF,CASTASYGYTF,GLCTLVAML,0
CAADTSGTYKYIF,CASSLAPGATNEKLFF,GLCTLVAML,0
CAVMDSNYQLIW,CASSSANYGYTF,GLCTLVAML,0
CIVREWDNYGQNFVF,CASSFSGTFEAFF,GLCTLVAML,0
CILDNNNDMRF,CSARVAGVEDTQYF,GLCTLVAML,0
CAVVRGDTDKLIF,CATSSVAGEEQFF,GLCTLVAML,0
CAVRDDGGGFKTIF,CASSIRSSYEQYF,GLCTLVAML,0
CVVSDRGSTLGRLYF,CASSDDRVGDEQFF,GLCTLVAML,0
CVVKGPGGFKTIF,CATSPTSSNQPQHF,GLCTLVAML,0
CAVMDSNYQLIW,CASSSDRLDSPLHF,GLCTLVAML,0
CALTLNQGAQKLVF,CFSRPITDRNEQNF,GLCTLVAML,0
CILRSKLTSGTYKYIF,CATSRGARGSNQPQHF,GLCTLVAML,0
CAVVDSNYQLIW,CASSIRSTDTQYF,GLCTLVAML,0
CVVSDLGATNKLIF,CASSQEWGINEKLFF,GLCTLVAML,0
CLVVRGRTGFQKLVF,CASSQDTGASYEQYF,GLCTLVAML,0
CAIPTSGTYKYIF,CAWSVGGGGYGYTF,GLCTLVAML,0
CIVRAQYGNQFYF,CASSPGGGELF,GLCTLVAML,0
CAVRPPNGNTGKLIF,CASSLVGARSYEQYF,GLCTLVAML,0
CALRGSNDYKLSF,CASSTTSGARIGNEQFF,GLCTLVAML,0
CAVMDSNYQLIW,CSATPSTGELF,GLCTLVAML,0
CALGTNAGKSTF,CASSQSPDGTQYF,GLCTLVAML,0
CAGDNNARLMF,CASRVRAQGYTF,GLCTLVAML,0
CVVSDRGSTLGRLYF,CASSRIAGGINTQYF,GLCTLVAML,0
CARSTLGRLYF,CASSFRSTDTQYF,GLCTLVAML,0
CAMREQEDSNYQLIW,CASSQGQGYEQYF,GLCTLVAML,0
CAVKWNTGGFKTIF,CASSQRLTPFPYEQYF,GLCTLVAML,0
CAASRDNDMRF,CASSVEPRNTEAF,GLCTLVAML,0
CAVTSPPAYDKVIF,CASSLAGGGEQYF,GLCTLVAML,0
CAFMKDAGNMLTF,CASSEGYGVNGSPLHF,GLCTLVAML,0
CAVTPDDKIIF,CAIRTGGDEQF,GLCTLVAML,0
CIVRVNSNYQLIW,CASRATMGGGTEAF,GLCTLVAML,0
CAVSDRSQGGKLIF,CASSQDRVDTQYF,GLCTLVAML,0
CAVGEGNNRLAF,CASRGQGDTEAFF,GLCTLVAML,0
CAASFLRSGAGSYQLTF,CASNQSPGGTQYF,GLCTLVAML,0
CAANTNAGKSTF,CASSSLGGQETQYF,GLCTLVAML,0
CAVSGFTNAGKSTF,CASSLGAEQF,GLCTLVAML,0
CAPKSRQQANF,CASSSTGTGITGELFF,GLCTLVAML,0
CIVRPSNSNSGYALNF,CSVVRGDTGELFF,GLCTLVAML,0
CVVLGGNARLMF,CASSLRSSYEQYF,GLCTLVAML,0
CAVKWTGGFKTIF,CASSLANQNTGELF,GLCTLVAML,0
CVVSDRGSTLGRLYF,CASGSGVGNTIYF,GLCTLVAML,0
CAGGGSQGNLIF,CASSPPLGAQQFF,GLCTLVAML,0
CVVADRGSTLGRLYF,CASSLGLGQPQHF,GLCTLVAML,0
CAASVSAGNKLTF,CASSPSPGQGGRREKLFF,GLCTLVAML,0
CAVMDSNYQLIW,CASSPLTDTQYF,GLCTLVAML,0
CAVRDMAASGTYKYIF,CASSETSLFTHGYTF,GLCTLVAML,0
CAVRLLGRLYF,CASSSQETQYF,GLCTLVAML,0
CALNTGGFKTIF,CASSYRHGRVDGELF,GLCTLVAML,0
CAENPSSNTGKLIF,CASSQSPGGTQYF,GLCTLVAML,0
CAMREGTGRRALTF,CASSLIVSSYEQYF,GLCTLVAML,0
CAVRRSGNTGKLIF,CASSLLTSGGRETQYF,GLCTLVAML,0
CAMRGDAGGTSYGKLTF,CATRQGNQPQHF,GLCTLVAML,0
CIVRDQNNDMRF,CASSTGDSYNSPLHF,GLCTLVAML,0
CAASKSYGKLTF,CASSLTDTQYF,GLCTLVAML,0
CAVTPDDKIIF,CASSLAPGATNEKLFF,GLCTLVAML,0
PDQGGQKLVF,CASGPYTGGYNEQFF,GLCTLVAML,0
CAASKEKTSGSRLTF,CASSVGGGSNQPQHF,GLCTLVAML,0
CAVILNMYSGGGADGLTF,CASSIVASGAGGELFF,GLCTLVAML,0
CVVSDRGSTLGRLYF,CASSLDGTGETQYF,GLCTLVAML,0
CAGDSGGGGDGLTF,CASSWAGEPRDEQYF,GLCTLVAML,0
CALINAGNNRKLIF,CASSLDRGYGYTF,GLCTLVAML,0
CVVSDLGFGNVLHC,CSAPSGINYEQYF,GLCTLVAML,0
CAFHAAGNKLTF,CASSAAGNQPQHF,GLCTLVAML,0
CADMDSNYQLIW,CASRSKGGTTEAFF,GLCTLVAML,0
CAAPGADSNYQLIF,CASSTTSFAYNEQF,GLCTLVAML,0
CAVRALSGNTPLVF,CASSLGDNTEAFF,GLCTLVAML,0
CAENTIGNTDKLIF,CASSLDRFNEQFF,GLCTLVAML,0
CAVMDSNYQLIW,CASSLRGTGELF,GLCTLVAML,0
CAYIWGDKIIF,CASSLAPGATNEKLFF,GLCTLVAML,0
CAVNIRYNTDKLIF,CASSQDFRGGYEQYL,GLCTLVAML,0
CGADRGGTASKLTF,CAISGISGRLYNEQF,GLCTLVAML,0
CLVGGGNTPLVF,CASSKRTGDHNSPLHF,GLCTLVAML,0
CAVQSNSGYALNF,CASSFTLSPETQYF,GLCTLVAML,0
CAVSAPDSWGKLQF,CASSVRETQYF,GLCTLVAML,0
CAVRDSNYQLIW,CASSVPGTPNTEAFF,GLCTLVAML,0
CAVEDSNYQLIW,CAWSTSGSYNEQFF,GLCTLVAML,0
CATLTGGGNKLTF,CAILANPGQGATGNTIYF,GLCTLVAML,0
CAVMDSNYQLIW,CASSQNGSEAAYSNQPQHF,GLCTLVAML,0
CAVMDSSYKLIF,CASSLIDSPYEQYF,GLCTLVAML,0
CAVEDLGSGAGSYQLTF,FASSIAGRCSF,GLCTLVAML,0
CAFMKPITQGGSEKLVF,CASSPRSGETQYF,GLCTLVAML,0
CAVQADSSYKLIF,CASSIFGGQNQPQHF,GLCTLVAML,0
CAAGYSSASKIIF,CSARDLPSGTKTQYF,GLCTLVAML,0
CAMRVMEYGNKLVF,CASSANYEQYF,GLCTLVAML,0
CAGAGSQGNLIFGKGT,CASSYYSNQPQHF,GLCTLVAML,0
CAVMDSNYQLIW,CSARDLDSLSYEQYF,GLCTLVAML,0
CAVGTTYGNKLVF,CASRLGLGYEQYF,GLCTLVAML,0
CALIRNQAGTALIF,CSAKVEGYEQYF,GLCTLVAML,0
CASYGGATNKLIF,CASSSANYGYTF,GLCTLVAML,0
CAVLSIDDKIIF,CSARFPPGNTIYF,GLCTLVAML,0
CATLGGSYIPTF,CASSLAPGATNEKLFF,GLCTLVAML,0
CALGVNNAGNMLTF,CASSRSWQNYGYTF,GLCTLVAML,0
CAAENPARQLTF,CASSLSYEQYF,GLCTLVAML,0
CAVLDSNYQLIW,CASSSLGTEAFF,GLCTLVAML,0
CAFPNNNAGNMLTF,CASGLDGGPEQFF,GLCTLVAML,0
CAFTGGNKLVF,CASSMRAGVEQFF,GLCTLVAML,0
CIVRGGEGGSEKLVF,CASSIAQGGNQPQHF,GLCTLVAML,0
CVVSDRGSTLGRLYF,CAIGGHDYGYTF,GLCTLVAML,0
CAVFYGNKLVF,CASSKSSSSYEQYF,GLCTLVAML,0
CAMDSSYKLIF,CASSIRSSYEQYF,GLCTLVAML,0
CAGAGGGSQGNLIF,CASSPGTGREQF,GLCTLVAML,0
CVVNDRARLMF,CASSSGFVGPYQPQHF,GLCTLVAML,0
CAGGTLGFQKLVF,CATKAGGTDTQYF,GLCTLVAML,0
CAVNEATGRRALTF,CASSQYDNEQYF,GLCTLVAML,0
CATASFTDKLIF,CASRGILVNTEAFF,GLCTLVAML,0
CAVMDGGQNFVF,CATSRDNLRGTTGELF,GLCTLVAML,0
CAMREQSGAGSYQLTF,CATSARDSYGYTF,GLCTLVAML,0
CAASGGSNYKLTF,CASSFGPDEQYF,GLCTLVAML,0
CVVSPGSGYSTLTF,CASSWGGAAQF,GLCTLVAML,0
CAVSGGSYIPTF,CASSVYSNQPQHF,GLCTLVAML,0
CAVSGSQGNLIF,CSARVRDRGLGANVLTF,GLCTLVAML,0
CALNAGGTSYGKLTF,CASSLDDSPLHF,GLCTLVAML,0
CAVRDGDYKLSF,CASSLAPGATNEKLFF,GLCTLVAML,0
CAVMDSNYQLIW,CAIGKGQAINTGELF,GLCTLVAML,0
CAVRDSNYQLIW,CASSFVNTGELFF,GLCTLVAML,0
CALRGFGGYQKVTF,CSVEDFYNEQLF,GLCTLVAML,0
CAVRDSNYQLIW,CSARDRVGNGHTF,GLCTLVAML,0
CAVDRGEYGNKLVF,CSAREGLAAGELFF,GLCTLVAML,0
CAPASGTYKYIF,CATSRTSGEEQYF,GLCTLVAML,0
CAVSARAFGNEKLTF,CASSGRQAYGYTF,GLCTLVAML,0
CAMREGGTSYDKVIF,CASSYLAGEGYEQYF,GLCTLVAML,0
CALSERDSSYKLIF,CASSPTGLGQPQHF,GLCTLVAML,0
CAVASDGNNRKLIW,CASSLGGNQPQHF,GLCTLVAML,0
CVVNEYSSASKIIF,CAWNRGSTDTQYF,GLCTLVAML,0
CAVSDYSGGGADGLTF,CASSEGTSTFREQFF,GLCTLVAML,0
CAVEQETSGSRLTF,CASSDAENTEAFF,GLCTLVAML,0
CAPESGQNFVF,CASRLGAAGSQPQHF,GLCTLVAML,0
CVVAATYQLIW,CASGDGGVREQF,GLCTLVAML,0
CAVNTDKLIF,CASSPVAGGNHNEQFF,GLCTLVAML,0
CGNSGGGADGLTF,CASSKGRYNEQF,GLCTLVAML,0
CVVNYNARLMF,CASSLEGLYNEQFF,GLCTLVAML,0
CAMREGVNQGGKLI,CASSSGQRFNYGYTF,GLCTLVAML,0
CAVMDSNYQLIW,CASSFGPTAYEQYF,GLCTLVAML,0
CAVNFGSGNTGKLIF,CASSIRSSYEQYF,GLCTLVAML,0
CAMSALETSGSRLTF,CASRMNTEAF,GLCTLVAML,0
CAVMDSNYQLIW,CASSIGLNTEAFF,GLCTLVAML,0
CAVNRNTGGFKTIF,CASSLTDTQYF,GLCTLVAML,0
CAFEGGKLIF,CASSLFGQGSEQYF,GLCTLVAML,0
CAASDGAGGTSYGKLTF,CASSYFGGSLSEQYF,GLCTLVAML,0
CADHTGGFKTIF,CASSLLGTENTEAF,GLCTLVAML,0
CIRVRYGGATNKLIF,CSDGAGGGYNEQF,GLCTLVAML,0
CILDNNNDMRF,CAWSTGHFTGELFF,GLCTLVAML,0
CAVRVGGFKTIF,CASSPGTGGTYEQYF,GLCTLVAML,0
CAGPRKTSYDKVIF,CASSYSAGGPYEQYF,GLCTLVAML,0
CAVSDQGRGAQKLVF,CASSLGQGENEQFF,GLCTLVAML,0
CAVSNQGGKLIF,CASSEGWVDTQYF,GLCTLVAML,0
CAVNWGNQGGKLIF,CASSPRQGGTGELF,GLCTLVAML,0
CAVPVAGGTSYGKLTF,CASSRDRGPIGEQYF,GLCTLVAML,0
CAFMNSGGYQKVTF,CAISDPSGSSYNEQF,GLCTLVAML,0
CAVNAQSSASKIIF,CASSEFVRGNQPQHF,GLCTLVAML,0
CAVRDSNYQLIW,CASSPRTRGSLTDTQYF,GLCTLVAML,0
CAASLPRGGGGADGLTF,CASSSTTGSSYNEQFF,GLCTLVAML,0
CAVRDSNYQLIW,CASSIKANTEAFF,GLCTLVAML,0
CVVKSGTASKLTF,CASSLGPNTEAF,GLCTLVAML,0
CVVSDRGSTLGRLYF,CASSLATSGASTDTQYF,GLCTLVAML,0
CAFMMAGSARQLTF,CSAWDSYTGELF,GLCTLVAML,0
CATLFNDYKLSF,CASSDETGGTYNEQFF,GLCTLVAML,0
CILDNNNDMRF,CASSFTVAGEQYF,GLCTLVAML,0
CAARPILMNRDDKIIF,CASSFETSVYNEQFF,GLCTLVAML,0
CAPRIQRNNNARLMF,CASSSRSRQYRGSSYEQYF,GLCTLVAML,0
CAVNIVGTQGGSEKLVF,CASSQEAGGEQYF,GLCTLVAML,0
CALDGVRSASKIIF,CASSQDQGGEQYF,GLCTLVAML,0
CAVRDSNYQLIW,CASKMRGDVYEQYF,GLCTLVAML,0
CAAWGSSNTGKLIF,CAWTQGLNTEAFF,GLCTLVAML,0
CAFPPSWNQGGKLIF,CASSFFPGELFF,GLCTLVAML,0
CAVSNNDMRF,CASSQDITVLYGYTF,GLCTLVAML,0
CVVFSGNTPLVF,CASSLGGGNTEAFF,GLCTLVAML,0
CAGGTTDSWGKLQF,CASSDMAGDGYTF,GLCTLVAML,0
CAVRDSNYQLIW,CASSPGTDIYEQYF,GLCTLVAML,0
CAVKDSNYQLIW,CASSWGRTYEQYF,GLCTLVAML,0
CALSEPNTGFQKLVF,CASSFAPGQGIEKLFF,GLCTLVAML,0
CAVLDSNYQLIW,CASSSRPGELFF,GLCTLVAML,0
CLVGPLGGFKTIF,CASSIRSSYEQYF,GLCTLVAML,0
CAVNVNQFYF,CASSSRSTGELFF,GLCTLVAML,0
CASPAAGNKLTF,CSARDPSGLAGGLAETQYF,GLCTLVAML,0
CILPTGNQFYF,CASSQGSTNYGYTF,GLCTLVAML,0
CALSRPSRGSQGNLIF,CASSEDHFGANIQYF,GLCTLVAML,0
CAARPYNQGGKLIF,CSARGSSGGAGETQYF,GLCTLVAML,0
CATAHIQGAQKLVF,CASSPGTEQF,GLCTLVAML,0
CVVSDRGSTLGRLYF,CSVEQGAIGYTF,GLCTLVAML,0
CAVRSWSTDKLIF,CSVEVGRAVNTEAFF,GLCTLVAML,0
CAYLGVSSGSARQLTF,CASSVVHGVTYEQYF,GLCTLVAML,0
CAFMSHQGAQKLVF,CASSYGGISYGYTF,GLCTLVAML,0
CAVMDSNYQLIW,CASSARTSGGLDEQYF,GLCTLVAML,0
CAASINSGNTPLVF,CAWSRGAVEQFF,GLCTLVAML,0
CAALGGSQGNLIF,CASSYYSNQPQHF,GLCTLVAML,0
CAVVADSNYQLIW,CASSFGATDTQYF,GLCTLVAML,0
CASMDSNYQLIW,CASSNARGYGYTF,GLCTLVAML,0
CAFTSGNQFYF,CASSLGLENEQF,GLCTLVAML,0
CAEGGQAGTALIF,CASSLVVPQLPTYEQYF,GLCTLVAML,0
CATDKAAGGSYIPTF,CASSIRSAYEQYF,GLCTLVAML,0
CAAKNTGANSKLTF,CTSSQSPGGTQYF,GLCTLVAML,0
CALSDHAAGGYNKLIF,CASSRDFAYEQYF,GLCTLVAML,0
CAGAIGSSNTGKLIF,CASSLAPGATNEKLFF,GLCTLVAML,0
CGWKAAGNKLTF,CASSGSSVETQYF,GLCTLVAML,0
CAVEARGNQFYF,CSALTGNQPQHF,GLCTLVAML,0
CAYRSPPSSEKLVF,CASSLEEAGKMNTEAFF,GLCTLVAML,0
CAVTRSARQLTF,CASSMFVGQPQHF,GLCTLVAML,0
CAAPRGYNQAGTALIF,CASSLSGSTDTQYF,GLCTLVAML,0
CIPSGGADGLTF,CASSQDGVGQGPYEQYF,GLCTLVAML,0
CAVPPYNAGNMLTF,CASSLATEQFF,GLCTLVAML,0
CATEGRKLIF,CASSPSTGEAEKLFF,GLCTLVAML,0
CVVSEGVTEDMRF,CASSVETGVSTDTQYF,GLCTLVAML,0
CILRDDIYNQGGKLIF,CASSKRSGIEQYF,GLCTLVAML,0
CAVNRDNFNKFYF,CASSPTGGNTGELFF,GLCTLVAML,0
CLPTRDSGAGSYQLTF,CASSQTTGDFGYTF,GLCTLVAML,0
CAVMDSNYQLIW,CASSQDGYGYTF,GLCTLVAML,0
CAASGAGTASKLTF,CASSYSRTDLKNIQYF,GLCTLVAML,0
CILRDDGSGGGADGLTF,CASSQLGNQPQHF,GLCTLVAML,0
CAMREGRGNARLMF,CASSFTGLYTEAFF,GLCTLVAML,0
CALRSNFGNEKLTF,CASGFQGLGYGYTF,GLCTLVAML,0
CVVSDRGSTLGRLYF,CASSAGTPLYYGYTF,GLCTLVAML,0
CVVSDRGSTLGRLYF,CASSIRHTDTQYF,GLCTLVAML,0
CAESIVDSSYKLIF,CASSSDRARDGYT,GLCTLVAML,0
CATAPLGGNNRLAF,CASSLGTSGSYEQYF,GLCTLVAML,0
CAVTNAPGNKLVF,CASSLGPTVQGNYGYTF,GLCTLVAML,0
CGRTDSWGKLQF,CASSQDWTAYEQYF,GLCTLVAML,0
CAVSTDKLIF,CASSQSPGGTPYF,GLCTLVAML,0
CAVMGMDSSYKLIF,CASSRDSSYEQYF,GLCTLVAML,0
CILKLNRDDKIIF,CASSEGAYEQYF,GLCTLVAML,0
CAVRPDGYALNF,CASSLGDQPQHF,GLCTLVAML,0
CAMREGSNNDMRF,CASSLKGVGQSDEQYF,GLCTLVAML,0
CARWYSSASKIIF,CASSYSENEQFF,GLCTLVAML,0
CALKAAGNKLTF,CASSYSGYGYTF,GLCTLVAML,0
CAARLYGGSQGNLIF,CASSPVSGSSYEQYF,GLCTLVAML,0
CAVEPLWGSGGSYIPTF,CASSSTGEGTDTQDF,GLCTLVAML,0
CALRGTSGSRLTF,CASSVGGVTYNEQFF,GLCTLVAML,0
CILLTDKLIF,CASSKGSVAPGELF,GLCTLVAML,0
CIVSLSSGTYKYIF,CASSLTQGANTEAF,GLCTLVAML,0
CAMREGRGSTLGRLYF,CASRWTGFSEQFF,GLCTLVAML,0
CVVSDRGSTLGRLYF,CASSYYSNQPQHF,GLCTLVAML,0
CALIGEGSARQLTF,CSVENPGYTF,GLCTLVAML,0
CAGGSTLGRLYF,CASSSSGQVYEQYF,GLCTLVAML,0
CVVSDRGSTLGRLYF,CAWSAGATEAFF,GLCTLVAML,0
CAVGYSGGYQKVTF,CASSIRSAYEQYF,GLCTLVAML,0
CAGLTTDSWGKFQF,CASSDSTGERNQPQHF,GLCTLVAML,0
CAVGDDKIIF,CASSGTTSFDEQF,GLCTLVAML,0
CAGMNAGNNRKLIW,CASSQDSTDTQYF,GLCTLVAML,0
CAATPLNSGYSTLTF,CASSLYSNQPQHF,GLCTLVAML,0
CAVRDRVRARLMF,CAWSSGNTYEQYF,GLCTLVAML,0
CAVNMYGGYQKVTF,CTSSSTITGMGDSGNTIYF,GLCTLVAML,0
CALRGSNDYKLSF,CASSTRAANEQFF,GLCTLVAML,0
CAMSPWGLNNDMRF,CASSLDTWTGELFF,GLCTLVAML,0
CAVAETSGSRLTF,CASSDGGIHEQF,GLCTLVAML,0
CATDALMYSGGGADGLTF,CASSSRSGYEQYF,GLCTLVAML,0
CAVRHNGNQFYF,CASSQDRTGGGGYTF,GLCTLVAML,0
CAAKSSYKLIF,CASSPWGGEQYF,GLCTLVAML,0
CAMREGIKTGGFKTIF,CASSVTSGPSYNEQFF,GLCTLVAML,0
CILDNNNDMRF,CAVRDLNTGFQKLVF,GLCTLVAML,0
CAGARAETSGSRLTF,CSVEPVGRTGEETQYF,GLCTLVAML,0
CALYSGGYQKVTF,CASSVTPSSYNEQFF,GLCTLVAML,0
CAVSYGNNRLAF,CSVESLGAPKSSGNTIYF,GLCTLVAML,0
CALSEGVFNDYKLSF,CASSLVQWNEQFF,GLCTLVAML,0
CAADGGATNKLIF,CASSVWGTDTQYF,GLCTLVAML,0
CAGGMNTGFQKLVF,CASSQEGGGGGQPQHF,GLCTLVAML,0
CVVSVQTGANNLFF,CSVEDPGAPPDTQYF,GLCTLVAML,0
CAASARAGGTSYGKLTF,CASSDLDSNQPQHF,GLCTLVAML,0
CCEXAAGNKLTF,CASSLTEAHGYTF,GLCTLVAML,0
CAFQAAGNKLTF,CASSPTGQLETQYF,GLCTLVAML,0
CAGREHARLMF,CASSDWGGETQYF,GLCTLVAML,0
CAENYGGSQGNLIF,CASSLGLGTGELFF,GLCTLVAML,0
CAPMDSNYQLIW,CASSLFGSPEQPQHF,GLCTLVAML,0
CAARKSAGKSTF,CASGLTSGVYNEQFF,GLCTLVAML,0
CALSEAGTGGSYIPTF,CASSLAWGQLSGYTF,GLCTLVAML,0
CAASGNYGGSQGNLIF,CASSLQGPNQPQHF,GLCTLVAML,0
CAEMSDTGFQKLVF,CASSIYSGVGNEQFF,GLCTLVAML,0
CAASSNTGKLIF,CASGSGLAGGELF,GLCTLVAML,0
CLVGGGYGQNFVF,CASSVASGQGAYEQYF,GLCTLVAML,0
CVVSDRGSTLGRLYF,CASSPTSGEVKTQYF,GLCTLVAML,0
CAASKGQGAQKLVF,CASSVVERAFF,GLCTLVAML,0
CAASMGGGSYIPTF,CASSPGTGGWLNTEAF,GLCTLVAML,0
CAVKDSNYQLIW,CASSLGVGGYEQYF,GLCTLVAML,0
CAVRDSNYQLIW,CASSSLTDLTSYEQYF,GLCTLVAML,0
CAVGPGGADGLTF,CASSHRASGGATPYF,GLCTLVAML,0
CAVSDLNSGGYQKVTF,CASSPGVLANEQYF,GLCTLVAML,0
CAVSVGYSGGSNYKLTF,CASSYQGSMPHFF,GLCTLVAML,0
CAVNASGGSYIPTF,CASSGWTGPNTEAFF,GLCTLVAML,0
CAAGGGGNKLTF,CASSFRQTLAVYEQYF,GLCTLVAML,0
CAVRDSNYQLIW,CASSLKLAGNNEQF,GLCTLVAML,0
CAVGAGTGGYNKLIF,CASSQGRGPGKYF,GLCTLVAML,0
CAVRDSNYQLIW,CASSLSGIGTNEKLFF,GLCTLVAML,0
CAASKGSARQLTF,CASSFGGMGQPQHF,GLCTLVAML,0
CAVNIPNDYKLSF,CSARGMRPEQYF,GLCTLVAML,0
CAFMKLRTTSGTYKYIF,CASSLAHTSYEQYF,GLCTLVAML,0
CAARITSGTYKYIF,CSARGQAITEKLCF,GLCTLVAML,0
CASSGDRNSYEQYF,CASSLRQGEGMGEQF,GLCTLVAML,0
CVVSVQTGANNLFF,CASTFGGLGQPQHF,GLCTLVAML,0
CAVPAIYGGATNKLIF,CASSPKTSGTSYEQYF,GLCTLVAML,0
CAALDGNQFYF,CASSAQGAINTEAFF,GLCTLVAML,0
CALSEAPTGGFKTIF,CASSLEPLIQVTDTQYF,GLCTLVAML,0
CAYDYTGTASKLTF,CSAREKGSQETQYF,GLCTLVAML,0
CAASGYGNQGGKLIF,CASSIVDRPYEQYF,GLCTLVAML,0
CAMREGRDTNAGKSTF,CASSLFGGNTEAFF,GLCTLVAML,0
CAVPKGSQGNLIF,CASEDTGELFF,GLCTLVAML,0
CAVTPLGGYNKLIF,CASSEGNVAPGELF,GLCTLVAML,0
CAVMDSNYQLIW,CASSLGGTYEQYF,GLCTLVAML,0
CAVGYYNQGGKLIF,CASSPGTGPRTLHF,GLCTLVAML,0
CALGGGAQKLVF,CASSTRSSYEQYF,GLCTLVAML,0
CVVNSAGNNRKLIW,CASSFQGADYGYTF,GLCTLVAML,0
CAVRDPGRRALTF,CSVVETSGEQFF,GLCTLVAML,0
CAGTASGTYKYIF,CASKWTSGGPNTGELF,GLCTLVAML,0
CAGPGGSARQLTF,CASSEWKDLSYEQYF,GLCTLVAML,0
CALSEVRSRGSTLGRLYF,CASSQAFRGGYEQYF,GLCTLVAML,0
CAASGNYGGSQGNLIF,CASSFSLPYEQYF,GLCTLVAML,0
CAMRVPNAGNMLTF,CASSLGLSEQFF,GLCTLVAML,0
CAVSVGVKYNFNKFYF,CASSFSGSTDTQYF,GLCTLVAML,0
CAVRDSNYQLIW,CASSPGQLGNTIYF,GLCTLVAML,0
CVVSDRGSTLGRLYF,CASSWVVPPNEQFF,GLCTLVAML,0
CAVFMEYGNKLVF,CASSFGGNEAFF,GLCTLVAML,0
CVVSAQTGGFKTIF,CSARDKFYRASGDSYEQYF,GLCTLVAML,0
CALDSDGQKLLF,CAIDTGNSPLHF,GLCTLVAML,0
CATHNFGNEKLTF,CASSSTGTSKTGELFF,GLCTLVAML,0
CIVRPTQGGSEKLVF,CASSKDRGTDTQYF,GLCTLVAML,0
CAMREGVTNAGKSTF,CASSSRSTGELFF,GLCTLVAML,0
CILDNNNDMRF,CASSQVTGRTYEQYF,GLCTLVAML,0
CALPNSGGSNYKLTF,CASSDRRIYGYTF,GLCTLVAML,0
CAASKGYQKVTF,CASSLDGTGYNEQFF,GLCTLVAML,0
CLVAPGYSSASKIIF,CATSEVDNEQF,GLCTLVAML,0
CAMREAPENGGTSYGKLTF,CASSATYGYTF,GLCTLVAML,0
CAGMDSNYQLIW,CASSQLTSGTDTQYF,GLCTLVAML,0
CAVRKGSGNTPLVF,CASRPLGGSNQETQYF,GLCTLVAML,0
CAVGGGKLIF,CASSTGNYGYTF,GLCTLVAML,0
CAPDSQAGTALIF,CASSPGHAYEQYF,GLCTLVAML,0
CAMDNNARLMF,CAISESPDMLMGNEQFF,GLCTLVAML,0
CATCMDSNYQLIW,CASSHPLTDEQYF,GLCTLVAML,0
CTDNARLMFT,WASSLEAISNYNEQFF,GLCTLVAML,0
CAGAGGNNNDMRF,CASSPDRFYEQYF,GLCTLVAML,0
CAASKGGGSRLTF,CASSQLGGKEQYF,GLCTLVAML,0
CALRVPNNDMRF,CASSFQGTEAFF,GLCTLVAML,0
CAASVRYKLSF,CASSSGTINTGELF,GLCTLVAML,0
CAVKGTGGFKTIF,CASSQAPGLNTEAFF,GLCTLVAML,0
CAASMDSNYQLIF,CASRPMRTSYEQYF,GLCTLVAML,0
CAMREDPGGTSYGKLTF,CASSLLMAAGYTF,GLCTLVAML,0
CAVKDSNYQLIW,CASREGLEDTEAFF,GLCTLVAML,0
CAERGSNYQLIW,CASSLGIPSLSTYNEQF,GLCTLVAML,0
CAAPNDMRF,CASSQDRWDVMSKNIQYF,GLCTLVAML,0
CALLTGRRALTF,CASSYGASGVGEQFF,GLCTLVAML,0
CAVRDQEGNTPLVF,CASSLAGSYNEQF,GLCTLVAML,0
CAVLDSNYQLIW,CASSFGGLYGYTF,GLCTLVAML,0
CAMRERESGNTPLVF,CAISDSLGATEAFF,GLCTLVAML,0
CAVGYYNQGGKLIF,CASSLTGAGDQPQHF,GLCTLVAML,0
CAVGADYKLSF,CASSLKTGELVF,GLCTLVAML,0
CAVSDSNYQLIW,CASSQGLGREGASEQFF,GLCTLVAML,0
CAGPGGSARQLTF,CASSLPEGTDTEAFF,GLCTLVAML,0
CAVGEDSSYKLIF,CASSFGQGLSGANVLTF,GLCTLVAML,0
CALSEARTDTGNQFYF,CATSRPLDSTDTQYF,GLCTLVAML,0
CVVPPADRGSTLGRLYF,CASSIGYYGYTF,GLCTLVAML,0
CVVTDRGSTLGRLYF,CASSRDPDGDTEAFF,GLCTLVAML,0
CAVGRDDKIIF,CSVKGQGTEAF,GLCTLVAML,0
CALSEEWTTDKLIF,CASSQGTATNSPLHF,GLCTLVAML,0
CAAYRNNNARLMF,CASSFLSSYNEQFF,GLCTLVAML,0
CATDATRDDKIIF,CASSLEGTGYYEQYF,GLCTLVAML,0
CIVRVSGTYKYIF,CSAPASGGGNEQFF,GLCTLVAML,0
CAVRDSNYQLIW,CASSLWVENYGYTF,GLCTLVAML,0
CAYRSLEYGNKLVF,CASTDGGDSYTQYF,GLCTLVAML,0
CALSRAGTGNQFYF,CASSYNQGATWSQHF,GLCTLVAML,0
CAVNGYGNKLVF,CASSPSGRAVEQYF,GLCTLVAML,0
CAVSNAGKSTF,CSVRAGGGDTQYF,GLCTLVAML,0
CAASIYGNNRLAF,CASSALGPGDNEQFF,GLCTLVAML,0
CAVMDSNYQLIW,CASSYGGGNTGELF,GLCTLVAML,0
CALGGSTLGRLYF,CSVGGGGAGVETQYF,GLCTLVAML,0
CALRGSNYQLIW,CASSPGQGYEQYF,GLCTLVAML,0
CAASGGSGNTGKLIF,CASEGGNTIYF,GLCTLVAML,0
CAVNNARLMF,CAIRAGGDEQF,GLCTLVAML,0
CAVDPMDTGRRALTF,CASSTRASTYEQYF,GLCTLVAML,0
CAGADNQGGKLIF,CASSRDRLNTEAFF,GLCTLVAML,0
CALSETSGTYKYIF,CAISELDWGVSSPLHF,GLCTLVAML,0
CAGPIDGGSQGNLIF,CASSIGPNYGYTF,GLCTLVAML,0
CATGDSSGNTGKLIF,CASSQDPFAVLNTEAF,GLCTLVAML,0
CAARERAGGTSYGKLTF,CASSPLGGGTEAFF,GLCTLVAML,0
CAASNQGAQKLVF,CASSQGTAYGYTF,GLCTLVAML,0
CAVNMGGGSQGNLIF,CASSQDSGNNEQFF,GLCTLVAML,0
CAYRSAYGNKLVF,CASSLTQGLAGVEQYF,GLCTLVAML,0
CAVTDSNYQLIW,CASSRDSSYEQYF,GLCTLVAML,0
CAVNSDGQKLLF,CALSDLGGSGNTGKLIF,GLCTLVAML,0
CLVGSVGAGSYQLTF,CASSRSGNYGYTF,GLCTLVAML,0
CAVGSYIPTF,CASSLGLAGGQETQYF,GLCTLVAML,0
CAVRDSNYQLIW,CASNQRTSGPYEQYF,GLCTLVAML,0
CATGGSQGNLIF,CASSQGVTTGGFLNYGYTF,GLCTLVAML,0
CAVSEGARLMF,CASSSANYGYTF,GLCTLVAML,0
CALSEADDYKLSF,CASSPGTYEQYF,GLCTLVAML,0
CAVVDSSYKLIF,CASSPNFGQDYTQYF,GLCTLVAML,0
CAVNGGWGGADGLTF,CASSPRTGELF,GLCTLVAML,0
CAGPRKTSYDKVIF,CASSQGASADTQYF,GLCTLVAML,0
CLVGETNAGNMLTF,CASSYSLQGNKAF,GLCTLVAML,0
CAGLGDSGGSNYKLTF,CASSPNSAGGTEAFF,GLCTLVAML,0
CAAVPIQGAQKLVF,CASSWGTELLMNTEAFF,GLCTLVAML,0
CAGGGSQGNLIF,CASNGGLAYEQYF,GLCTLVAML,0
CAVLDSNYQLIW,CASSLEGYTEAF,GLCTLVAML,0
CAVGDNFNKFYF,CASSPPAQGNSPLHF,GLCTLVAML,0
CALVNNAGNMLTF,CASTGTANLNTEAFF,GLCTLVAML,0
CAVLTSGYSTLTF,CASSFSVWDSNQPQHF,GLCTLVAML,0
CAMREVMDSNYQLIW,CAFRGTPSTDTQYF,GLCTLVAML,0
CAVNGTGGSYIPTF,CASSPITRIVGDTQYF,GLCTLVAML,0
CAGPTKTSYDKVIF,CASSIRSFYEQYF,GLCTLVAML,0
CAAHTGGFKTIF,CASTRMGSYEQYF,GLCTLVAML,0
CAVVQTSGSRLTF,CASSFSGQLDTIYF,GLCTLVAML,0
CILRDGPHGTSYDKVIF,CASSLTDTQYF,GLCTLVAML,0
CAVRDLNARLMF,CASSLSGSYEQFF,GLCTLVAML,0
CAASEGSSNTGKLIF,CASSVGGSNQPQHF,GLCTLVAML,0
CILDNNNDMRF,CASSPGGAAGYTF,GLCTLVAML,0
CIVRVDAYSGAGSYQLTF,CASSLYTGGDQPQHF,GLCTLVAML,0
CAKNTGNQFYF,CASSLVGGITGELFF,GLCTLVAML,0
CAGGGSQGNLIF,CASSLEVRSAAF,GLCTLVAML,0
CAVRINTGGFKTIF,CASSLRSSYEQYF,GLCTLVAML,0
CAYRSAPSE,CASRQTGGWETQYF,GLCTLVAML,0
CGADTVGGAQKLVF,CASSLGSSYEQYF,GLCTLVAML,0
CAYYSSASKIIF,CASSTDSVDEQF,GLCTLVAML,0
CAPGFYF,CSAFDREGVDGYTF,GLCTLVAML,0
CALSGRLSYNQGGKLIF,CASSIISSHTQYF,GLCTLVAML,0
CAVGVTGANNLFF,CASRLGTDHEQYF,GLCTLVAML,0
CAVYSSASKIIF,CASSPLTSGTDTQYF,GLCTLVAML,0
CLVGDVQEGFQKLVF,CASSPHTEAFF,GLCTLVAML,0
CAVRDTNTGKSTF,CSVPGLLNTEAF,GLCTLVAML,0
CVVSRLGARLMF,CASSLSSTRTDTQYF,GLCTLVAML,0
CAYRSATRGGANSKLTF,CASSEESDRDGYEQYF,GLCTLVAML,0
CAGALAFNDMRF,CASGDGGVREQF,GLCTLVAML,0
CLVGAMNRDDKIIF,CASSTLPRQGPQETQYF,GLCTLVAML,0
CAVMDSSYKLIF,CASSQGRGDTEAFF,GLCTLVAML,0
CAVLNSNYQLIW,CASSYTLASYEQYF,GLCTLVAML,0
CALDSNYKLTF,CASSPDLNPYEQYF,GLCTLVAML,0
CACSGGSNYKLTF,CASRTGTGNLYEQYF,GLCTLVAML,0
CAVAGGGLTGGGNKLTF,CASSDFNVVANYGYTF,GLCTLVAML,0
CAGGGSNTGKLIF,CASSLDSNQPQHF,GLCTLVAML,0
CIVRATGYSSASKIIF,CSARDRTGNGYTF,GLCTLVAML,0
CASLGLGAQKLVF,CSVGGSFYGYTF,GLCTLVAML,0
CAADSWGKLQF,CATSDLQMGASRETQYF,GLCTLVAML,0
CAFMKREGSNYQLIW,CASSSTDPGLPYNEQF,GLCTLVAML,0
CAGADGGSQGNLIFGKGT,CASSLSLTRTGTYEQYF,GLCTLVAML,0
CVVIHNSGNTPLVF,CASSEMATGLRYTF,GLCTLVAML,0
CAVNEGTYKYIF,CASSLAPGATNEKLFF,GLCTLVAML,0
CAFSSGTYKYIF,CASSRRTSGRADTQYF,GLCTLVAML,0
CAVRDSNYQLIW,CASSYKGSSPPTEAFF,GLCTLVAML,0
CAPSIDTGRRALTF,CASSSAGGRTDTQYF,GLCTLVAML,0
LFRGGNMLTF,CASSQDGLALRETQYF,GLCTLVAML,0
CAVNPSRGSTLGRLYF,CASSPRQGGTGELF,GLCTLVAML,0
CAGGRTGGTSYGKLTF,CASSFGSTGELFF,GLCTLVAML,0
CAVRDRDYKLSF,CASSIGAGLGQPQHF,GLCTLVAML,0
CARPPDDYKLSF,CASSLFSNQPQHF,GLCTLVAML,0
CAASGGSNYKLTF,CASSQGGNPGQAKETQYF,GLCTLVAML,0
CVVTDRGSTLGRLYF,CASSFGTVGYEQYF,GLCTLVAML,0
CAVLDSNYQLIW,CASSLLDGTRDQQYF,GLCTLVAML,0
CALRCFGNEKLTF,CSGTSGSSYNEQFF,GLCTLVAML,0
CAMSAGNQGGKLIF,CSATGGSYEQYF,GLCTLVAML,0
CALNSNSGYALNF,CSARIGVGNGYTF,GLCTLVAML,0
CAVSTHTGNQFYF,CASSIRSAYEQYF,GLCTLVAML,0
CVVSDRGSTLGRLYF,CATSGQPQETQYF,GLCTLVAML,0
CAESLRPGGGADGLTF,CASSLWAGPSNEQF,GLCTLVAML,0
CAYRSAYGNKLVF,CASSIGYYGYTF,GLCTLVAML,0
CAFPPRYF,CASSPGRTQYF,GLCTLVAML,0
CAGPGGTSYGKLTF,CASSVGGVSYNEQFF,GLCTLVAML,0
CILSNNNDMRF,CASSPSSGGYEQYF,GLCTLVAML,0
CATDGLGDSNYQLIW,CASSFSLPSAGRSNEQFF,GLCTLVAML,0
CAASLDARLMF,CATSDQGGTEDEQF,GLCTLVAML,0
CAVADSNYQLIW,CASSLVAGATDTQYF,GLCTLVAML,0
CALSDANTGNQFYF,CASSQGAYGYTF,GLCTLVAML,0
CAVKKNQAGTALIF,CASSLGGSGYEQYF,GLCTLVAML,0
CAASARGSQGNLIF,CASSSETTSPLHF,GLCTLVAML,0
CAVNPADDKIIF,CASSSANYGYTF,GLCTLVAML,0
CASSSSSLNTEAFF,CASSPTSGGYEQYF,GLCTLVAML,0
CAERKTSYDKVIF,CAISEVQETQYF,GLCTLVAML,0
CATPDAGNMLTF,CASSNNRESSYQPQHF,GLCTLVAML,0
CAVYSGNTPLVF,CASSLAFGGGEQETQYF,GLCTLVAML,0
CAVGAGSNFGNEKLTF,CASSPQGLGQPQHF,GLCTLVAML,0
CALSEMNNYGQNFVF,CATSRDGAGSNEKLF,GLCTLVAML,0
CAPRMNTGFQKLVF,CASSTTSGRYEQYF,GLCTLVAML,0
CAVSDLAGQKLLF,CASSIGLYGYTF,GLCTLVAML,0
CAVLDSNYQLIW,CSARDRVGNTIYF,GLCTLVAML,0
CAVKDSNYQLIW,CASSQDRRRAWNEQFF,GLCTLVAML,0
CAAKGASGTYKYIF,CASSIRSAYEQYF,GLCTLVAML,0
CAARSTGGFKTIF,CASYRSDRPTEAF,GLCTLVAML,0
CAGGGSQGNLIF,CASSLEAGDQPQHF,GLCTLVAML,0
CAVGPMEYGNKLVF,CASSALGAGGDTQYF,GLCTLVAML,0
CILSTSANAGGTSYGKLTF,CASSQSPGGTQYF,GLCTLVAML,0
CALPMNRDDKIIF,CASSFNPGLAVYEQYF,GLCTLVAML,0
CILDNNNDMRF,CASSIRSSYEQYF,GLCTLVAML,0
CAVKTTDSWGKLQF,CASSLDSDTQYF,GLCTLVAML,0
CAGDSGGGADGLTF,CASGIGGNGYPF,GLCTLVAML,0
CVVSPSGTYKYIF,CASSQDSSGGLGEQFF,GLCTLVAML,0
CATHLF,CASSRRSTGELFF,GLCTLVAML,0
CLVGDGGSFSGGYNKLIF,CASSQEEVSNQPQHF,GLCTLVAML,0
CAESGGYQKVT,CASSSTGGDYEQYF,GLCTLVAML,0
CAVVTGRRALTF,CSANSVSYNEQFF,GLCTLVAML,0
CAALNFNKFYF,CASSIRSSYEQYF,GLCTLVAML,0
