CAVGDDKIIF,CAISESPSGALGQFF,LLWNGPMAV,1
CAVGAQKLVF,CAISEVLTGAYGYTF,LLWNGPMAV,1
CAVTGDKLIF,CALSDLGGSGNTGKLIF,LLWNGPMAV,1
CILRDGWVTGYKYIF,CANNCGFF,LLWNGPMAV,1
CALNDDKIIF,CASGTEIFYYEQYF,LLWNGPMAV,1
CAGVPYNNNDMRF,CASGTGTPYNEQFF,LLWNGPMAV,1
CAAVPIQGAQKLVF,CASGTWGARQPQHF,LLWNGPMAV,1
CVVTDDKIIF,CASNGGLAYEQYF,LLWNGPMAV,1
CAVSASKIIF,CASNTGTDSYEQYF,LLWNGPMAV,1
CAVTGYALNF,CASRPGQGYEQYF,LLWNGPMAV,1
CAVMDDKIIF,CASSAAGNQPQHF,LLWNGPMAV,1
CAVVDPSDGYNKLIF,CASSAGGTPDQPQHF,LLWNGPMAV,1
CAVTASKLTF,CASSAGQESYEQYF,LLWNGPMAV,1
CASGDDKIIF,CASSAGQGYEQYF,LLWNGPMAV,1
CAVTSDKLIF,CASSAGTGAYEQYF,LLWNGPMAV,1
CAVSGDDMRF,CASSAGTVSYEQYF,LLWNGPMAV,1
CAVSGYSTLTF,CASSAQGAYGYTF,LLWNGPMAV,1
CAVTSARLMF,CASSAQGDSYEQYF,LLWNGPMAV,1
CAGGASKIIF,CASSATGTGGYEQYF,LLWNGPMAV,1
CATDSLSYNTDKLIF,CASSAYNEQFF,LLWNGPMAV,1
CAVSDDKIIF,CASSDKFAGNPQPQHF,LLWNGPMAV,1
CAVGNYQLIW,CASSDLAGGTDTQYF,LLWNGPMAV,1
CAVSASKIIF,CASSDQTGDAYEQYF,LLWNGPMAV,1
CASSDSRGTEAFF,CASSDSRGTEAFF,LLWNGPMAV,1
CVVSGFKTIF,CASSDTDRGIYGYTF,LLWNGPMAV,1
CAKSASKIIF,CASSEALGSTSYEQYF,LLWNGPMAV,1
CAVGGGKLIF,CASSEAVLGGNSYEQYF,LLWNGPMAV,1
CAASGANNLFF,CASSESPGYGYTF,LLWNGPMAV,1
CAVSSNDYKLSF,CASSETGQPQHF,LLWNGPMAV,1
CAVTDDKIIF,CASSETGTQAYEQYF,LLWNGPMAV,1
CATDRWDSNYQLIW,CASSFPNQPQHF,LLWNGPMAV,1
CAVKGDDKIIF,CASSFYGREAFF,LLWNGPMAV,1
CAVAAYKYIF,CASSGGQAYEQYF,LLWNGPMAV,1
CVVGDDKIIF,CASSGGTADTQYF,LLWNGPMAV,1
CAVTGDKIIF,CASSGGTSGAYEQYF,LLWNGPMAV,1
CAVTGYSTLTF,CASSGQGAYEQYF,LLWNGPMAV,1
CAVTGDDKIIF,CASSGQGAYGYTF,LLWNGPMAV,1
CAVTGYSTLTF,CASSGQGAYGYTF,LLWNGPMAV,1
CAVNSDGQKLLF,CASSGQGGYEQYF,LLWNGPMAV,1
CAVTKGLTGGGNKLTF,CASSGRDRQNTEAFF,LLWNGPMAV,1
CVVNTDKLIF,CASSGSSGYEQYF,LLWNGPMAV,1
CVGAGSYQLTF,CASSGTGVSPLHF,LLWNGPMAV,1
CAVNADGQKLLF,CASSHGQGAYEQYF,LLWNGPMAV,1
CVVEGDKVIF,CASSHSGYEQFF,LLWNGPMAV,1
CAVGASKIIF,CASSIAPSGVAYEQYF,LLWNGPMAV,1
CAAVASKIIF,CASSIKPDGYEQYF,LLWNGPMAV,1
CAVNAPTDSWGKLQF,CASSKQGESNSPLHF,LLWNGPMAV,1
CAVQADYGGATNKLIF,CASSLASGGALYNEQFF,LLWNGPMAV,1
CAVRTYNYGQNFVF,CASSLEGQGAPGQPQHF,LLWNGPMAV,1
CALNTGGFKTIF,CASSLFPDNYGYTF,LLWNGPMAV,1
CAVDEIKAAGNKLTF,CASSLGAYNSPLHF,LLWNGPMAV,1
CATDATRDDKIIF,CASSLGGAPYNEQFF,LLWNGPMAV,1
CAVDSTDKLIF,CASSLGGASYEQYF,LLWNGPMAV,1
CAVIGDKIIF,CASSLGSTGTYEQYF,LLWNGPMAV,1
CAVNNARLMF,CASSLKGNTEAFF,LLWNGPMAV,1
CAVSTDKLIF,CASSLKLAGTDTQYF,LLWNGPMAV,1
CAVNNARLMF,CASSLKLNTEAFF,LLWNGPMAV,1
CAGGDDKIIF,CASSLPAAGYGYTF,LLWNGPMAV,1
CALKDYGQNFVF,CASSLYPGTAEGGYTF,LLWNGPMAV,1
CATDAQTGANNLFF,CASSLYPLGFGYTF,LLWNGPMAV,1
CAVGADGLTF,CASSNGQNAYEQYF,LLWNGPMAV,1
CAGSNARLMF,CASSNQGASAYGYTF,LLWNGPMAV,1
CAVSGNKLVF,CASSPAAGGAYEQYF,LLWNGPMAV,1
CVVGDDKIIF,CASSPAGAYGYTF,LLWNGPMAV,1
CALWGFQKLVF,CASSPAGQGAGTGELFF,LLWNGPMAV,1
CAVSDDKIIF,CASSPAGVSYEQYF,LLWNGPMAV,1
CAVSTDKLIF,CASSPGGVSYGYTF,LLWNGPMAV,1
CAVTGDQFYF,CASSPGHAYEQYF,LLWNGPMAV,1
CAGGDDKIIF,CASSPGLAYEQYF,LLWNGPMAV,1
CAVSTDSGSARQLTF,CASSPGLGTYEQYF,LLWNGPMAV,1
CAVSDDKIIF,CASSPGPTSYEQYF,LLWNGPMAV,1
CAGAPNTGNQFYF,CASSPGQGPYEQYF,LLWNGPMAV,1
CVVIHDKIIF,CASSPGTAYEQYF,LLWNGPMAV,1
CAVGDDKIIF,CASSPGTGAYEQYF,LLWNGPMAV,1
CADHTGGFKTIF,CASSPGTGGYTEAFF,LLWNGPMAV,1
CAGSASKIIF,CASSPGTSGAYEQYF,LLWNGPMAV,1
CAVNAGKSTF,CASSPGTVAYEQYF,LLWNGPMAV,1
CAVNDYKLSF,CASSPNSAGGTEAFF,LLWNGPMAV,1
CAVGDDKIIF,CASSPQGAYGYTF,LLWNGPMAV,1
CAVSGGKLIF,CASSPQGFSYEQYF,LLWNGPMAV,1
CAVNGNQFYF,CASSPQTGAVTEAFF,LLWNGPMAV,1
CAVDSGNTPLVF,CASSPRQGNDEQYF,LLWNGPMAV,1
CARRGAAGNKLTF,CASSPSAGDYEQYF,LLWNGPMAV,1
CAVSPDKLIF,CASSPSAGPGYGYTF,LLWNGPMAV,1
CAVNGDTDKLIF,CASSPSGGAYGYTF,LLWNGPMAV,1
CAVTGDDKIIF,CASSPSGGAYGYTF,LLWNGPMAV,1
CAARVGSSASKIIF,CASSPTGPAYEQYF,LLWNGPMAV,1
CALSGGYNKLIF,CASSPTGQGAHGYTF,LLWNGPMAV,1
CAASSIQGAQKLVF,CASSPWDRANTGELFF,LLWNGPMAV,1
CAAPNDMRF,CASSQAGAYEQYF,LLWNGPMAV,1
CAVRAYYGGSQGNLIF,CASSQEAGGGTGELFF,LLWNGPMAV,1
CAALDDKIIF,CASSQEGTPISYEQYF,LLWNGPMAV,1
CAGGDSTLTF,CASSQEGTSRPQHF,LLWNGPMAV,1
CAVMDDKIIF,CASSQEVAYEQYF,LLWNGPMAV,1
CALTGGKLIF,CASSQGGDGYGYTF,LLWNGPMAV,1
CAVDMEYGNKLVF,CASSQGGYGYTF,LLWNGPMAV,1
CAVSGSASKIIF,CASSQGPAAYEQYF,LLWNGPMAV,1
CAFTTDSWGKLQF,CASSQGQANEKLFF,LLWNGPMAV,1
CAYSTDSWGKLQF,CASSQGQLNQPQHF,LLWNGPMAV,1
CAAADDKIIF,CASSQGTISYEQYF,LLWNGPMAV,1
CAVSGTYKYIF,CASSQGTSGNEQFF,LLWNGPMAV,1
CVVSAESGYSTLTF,CASSQLGNEQFF,LLWNGPMAV,1
CAVSTDKLIF,CASSQTGTGAYEQYF,LLWNGPMAV,1
CIVREWDNYGQNFVF,CASSQVAKMAKDNYGYTF,LLWNGPMAV,1
CALTPDYKLSF,CASSRQGGYGYTF,LLWNGPMAV,1
CAVTGTYKYIF,CASSRSGNYGYTF,LLWNGPMAV,1
CAVTGNTDKLIF,CASSSAGAAYEQYF,LLWNGPMAV,1
CAASGGSYIPTF,CASSSGPAYEQYF,LLWNGPMAV,1
CVVSVGVLYSTLTF,CASSSGRTEHNEQFF,LLWNGPMAV,1
CAVSGDKIIF,CASSSGSPGSYGYTF,LLWNGPMAV,1
CAVSPHKVIF,CASSSGTVSYEQYF,LLWNGPMAV,1
CAVTGDDKIIF,CASSSQGAYGYTF,LLWNGPMAV,1
CALAPDKLIF,CASSSQGLSTEAFF,LLWNGPMAV,1
CAVGDDKIIF,CASSSRTGDTQYF,LLWNGPMAV,1
CAVSDYKLSF,CASSSSGTAYGYTF,LLWNGPMAV,1
CAVNNARLMF,CASSSTQGAAYGYTF,LLWNGPMAV,1
CAVGGGKLIF,CASSTGATGSNNEQFF,LLWNGPMAV,1
CAVTPDDKIIF,CASSTGTAAYEQYF,LLWNGPMAV,1
CAGPGTNAGKSTF,CASSTRSSYEQYF,LLWNGPMAV,1
CAVTTDKLIF,CASSVAGGAYEQYF,LLWNGPMAV,1
CLVGSPFPTSGTYKYIF,CASSVAPGRDGYTF,LLWNGPMAV,1
CAVSGSARQLTF,CASSVATEGYEQYF,LLWNGPMAV,1
CVVSSVRGSYIPTF,CASSVDGGGGGYNEQFF,LLWNGPMAV,1
CAETRGNNRLAF,CASSVGGGREQFF,LLWNGPMAV,1
CATDHQGAQKLVF,CASSVGGVPYNEQFF,LLWNGPMAV,1
CATDDQGAQKLVF,CASSVGGVPYNEQFF,LLWNGPMAV,1
CAATDSWGKLQF,CASSVGGVPYNEQFF,LLWNGPMAV,1
CAACAEYGNKLVF,CASSVGGVTYNEQFF,LLWNGPMAV,1
CAVEDDKIIF,CASSVKAGGNEQYF,LLWNGPMAV,1
CAVTRNNDMRF,CASSWGGAYEQYF,LLWNGPMAV,1
CATDPNTGGFKTIF,CASSYPNQPQHF,LLWNGPMAV,1
CAVNEQSSGSARQLTF,CASSYSEQGYGYTF,LLWNGPMAV,1
CAGSASKIIF,CASSYSGGGNQPQHF,LLWNGPMAV,1
CAVTGNEKLTF,CASSYSSSGGAYEQYF,LLWNGPMAV,1
CADSSYKLIF,CASSYSTEAYEQYF,LLWNGPMAV,1
CAFSGYALNF,CASSYTGTGSQPQHF,LLWNGPMAV,1
CAVGDDKIIF,CASSYVRASYGYTF,LLWNGPMAV,1
CAAIDDKIIF,CASTDGGDSYTQYF,LLWNGPMAV,1
CAVKDDKIIF,CASTGTGGFSYNEQFF,LLWNGPMAV,1
CAVEPVGGNTPLVF,CASTPGQALNEQYF,LLWNGPMAV,1
CVVSDYKLSF,CASTPGTGAYEQYF,LLWNGPMAV,1
CAVNQGGKLIF,CASTPSPSRPPLF,LLWNGPMAV,1
CAVTGDDKIIF,CASTRQGAYEQYF,LLWNGPMAV,1
CAAKDDKIIF,CATGAASSYEQYF,LLWNGPMAV,1
CAGPLDSNYQLIW,CATSESRGGGYGYTF,LLWNGPMAV,1
CAGNDYKLSF,CATSGGGAYEQYF,LLWNGPMAV,1
CAVVPNTGNQFYF,CATSGGTSYEQFF,LLWNGPMAV,1
CATSGTYKYIF,CATSRAGAYEQYF,LLWNGPMAV,1
CAMSGGKLIF,CATSRASGSYEQYF,LLWNGPMAV,1
CAVSNARLMF,CATSRATSNQPQHF,LLWNGPMAV,1
CAARANTDKLIF,CATSRESGNGKLFF,LLWNGPMAV,1
CAGYMDTGRRALTF,CATSSASSYEQYF,LLWNGPMAV,1
CVVNAHDMRF,CATSSGTGAYEQYF,LLWNGPMAV,1
CLVGDNLDSSYKLIF,CATTGGSGYEQYF,LLWNGPMAV,1
CAVNADGQKLLF,CAVGAGATYEQYF,LLWNGPMAV,1
CAVNGDGQKLLF,CAWGYQITGSAYGYTF,LLWNGPMAV,1
CAVGGGKLIF,CSAAGDRGADTQYF,LLWNGPMAV,1
CAVGDDKIIF,CSAPASGGGNEQFF,LLWNGPMAV,1
CAVGDDKIIF,CSAPLAGGHNEQFF,LLWNGPMAV,1
CAVSSTDKLIF,CSAPLAGGPNEQFF,LLWNGPMAV,1
CAVGDDKIIF,CSAPTSGGHNEQFF,LLWNGPMAV,1
CAGANEKLTF,CSAPTSGGPNEQFF,LLWNGPMAV,1
CAVGDDKIIF,CSAPTSGGSNEQFF,LLWNGPMAV,1
CAVSGQKLLF,CSASDNMVGAYEQYF,LLWNGPMAV,1
CAVNPETSYDKVIF,CSASEAGGSYEQYF,LLWNGPMAV,1
CAATGANNLFF,CSASGARGADTQYF,LLWNGPMAV,1
CAPSGGKLIF,CSASGDRGADTQYF,LLWNGPMAV,1
CAVSSDKIIF,CSASLKADEQFF,LLWNGPMAV,1
CAVGTYKYIF,CSATEAGGPGNEQFF,LLWNGPMAV,1
CAANDYKLSF,CSATGNRGADTQYF,LLWNGPMAV,1
CAVRDDKIIF,CSGGDGNTIYF,LLWNGPMAV,1
CASEDDKIIF,CSGGLKADTQYF,LLWNGPMAV,1
CAVIAGKSTF,CSVATSGGSNEQFF,LLWNGPMAV,1
CAVNTDKLIF,CSVDRRADEQFF,LLWNGPMAV,1
CAVEGGKLIF,CSVEGRGTDTQYF,LLWNGPMAV,1
CVVNEKEGNMLTF,CSVGEGLAYEQYF,LLWNGPMAV,1
CAVSDYKLSF,CSVGGGGAGVETQYF,LLWNGPMAV,1
CAVNPDGKLIF,CSVPSRGYAGELFF,LLWNGPMAV,1
CATGDDKIIF,CSVPTSGGSNEQFF,LLWNGPMAV,1
CAVSGGKSTF,CSVQRRADEQFF,LLWNGPMAV,1
CAVNSDKLIF,CSVSGERGTDTQYF,LLWNGPMAV,1
CVVADSKLTF,CSVTGERGTDTQYF,LLWNGPMAV,1
CVVHQWGNLIF,CSVVLVDRGADTQYF,LLWNGPMAV,1
CAVNSDGQKLLF,CAISEGAAYGYTF,LLWNGPMAV,1
CAPGDDKIIF,CATSSSGAYEQYF,LLWNGPMAV,1
CAVTDYKLSF,CASSEALYEQYF,LLWNGPMAV,1
CALQDDKIIF,CASSQGAAYEQYF,LLWNGPMAV,1
CVVNDNDMRF,CASSFGASYGYTF,LLWNGPMAV,1
CAFEGGKLIF,CSAIGPRGTDTQYF,LLWNGPMAV,1
CAVTGNQFYF,CASSLGGQGAYEQYF,LLWNGPMAV,1
CAGNNARLMF,CATSPRGGHEQYF,LLWNGPMAV,1
CVVADDKIIF,CASSVDGGSQPQHF,LLWNGPMAV,1
CARNTGNQFYF,CASSVGGVPYNEQFF,LLWNGPMAV,1
CVVSDDKIIF,CASSLTALGAAYVYTF,LLWNGPMAV,1
CAWYSGGGADGLTF,CASSFWGADTQYF,LLWNGPMAV,1
CAVSDDKIIF,CATSRTGTGSTEAFF,LLWNGPMAV,1
CAVRLGGADGLTF,CSAWWGAEQYF,LLWNGPMAV,1
CAMRSSDPGGYNKLIF,CASSIQGRGDTEAFF,LLWNGPMAV,1
CAVTNDKIIF,CASSPMNEQFF,LLWNGPMAV,1
CAGASTGDYKLSF,CASGRGPNYGYTF,LLWNGPMAV,1
CAVVGGYNKLIF,CASSPGQVSYEQYF,LLWNGPMAV,1
CAVSDDKIIF,CASSEGPGQGSYEQYF,LLWNGPMAV,1
CAVDRDDKIIF,CASSFDLAGVNYEQYF,LLWNGPMAV,1
CAAKDNRKLIW,CASGPGTAYGYTF,LLWNGPMAV,1
CASSTDSWGKLQF,CASSHDAGASTGELFF,LLWNGPMAV,1
CAVIGSGKLIF,CASSQTAGGYEQYF,LLWNGPMAV,1
CVVNNDKIIF,CASSLTPSASGYEQYF,LLWNGPMAV,1
CVVAEARLMF,CASSPGTGGTYEQYF,LLWNGPMAV,1
CAVGSDSSYKLIF,CASSQAQGTYEQYF,LLWNGPMAV,1
CAVNEGTGNQFYF,CASSQGGGTEAFF,LLWNGPMAV,1
CAEGGGADGLTF,CASSGGYEQYF,LLWNGPMAV,1
CVVNMGKNGQKLLF,CASSFGDSYEQYF,LLWNGPMAV,1
CASLGQGAQKLVF,CAISEASGVTYEQYF,LLWNGPMAV,1
CIVAAISGSARQLTF,CASSYGGGYEQYF,LLWNGPMAV,1
CIVGGNNAGNMLTF,CASSLAPGATNEKLFF,LLWNGPMAV,1
CAYRRTGSARQLTF,CASSLRTSGGVDTQYF,LLWNGPMAV,1
CAKFGAGNQFYF,CASSEGASGTGAQYF,LLWNGPMAV,1
CAMSEGNDYKLSF,CASSYLGQGSDIQYF,LLWNGPMAV,1
CAVSTSYGKLTF,CASSLQEWDPNYGYTF,LLWNGPMAV,1
CAVSRGYGQNFVF,CASTRGLPQETQYF,LLWNGPMAV,1
LSNYQLIW,CAASGGSNYKLTF,LLWNGPMAV,1
CAVRDHGNNRLAF,CASSEKPDTQYF,LLWNGPMAV,1
CAVREGKSNYQLIW,CASSDGTGGILYEQYF,LLWNGPMAV,1
CAGGGSQGNLIF,CASSEWDSEPQHF,LLWNGPMAV,1
CVVNNDKIIF,CASSYTGGLMAFF,LLWNGPMAV,1
CAGGGSQGNLIF,CASSIRSSYEQYF,LLWNGPMAV,1
CAMREGGDDKIIF,CASSPRDRVHEQYF,LLWNGPMAV,1
CVVIPAGAGSYQLTF,CASSSRQGNLIDEQFF,LLWNGPMAV,1
CAVTDSNYQLIW,CSVGSGEDNEQF,LLWNGPMAV,1
CAMREGTGRRALTF,CATAPREDRVGNEAF,LLWNGPMAV,1
CAVIYSGGYQKVTF,CASRVGLAGNNEQF,LLWNGPMAV,1
CAMTLSNFGNEKLTF,CASSSGTGNTEAF,LLWNGPMAV,1
CAVRDHDYKLSF,CASSLQGSDNEQFF,LLWNGPMAV,1
CAIREVETSGSRLTF,CASSSTDRGGSNEQFF,LLWNGPMAV,1
CALSPDGAGSYQLTF,CASSNQETQYF,LLWNGPMAV,1
CAGAFGSSNTGKLIF,CASSFSRNTGELF,LLWNGPMAV,1
CAVRDGDSGAGSYQLTF,CASSLRQGTDTQYF,LLWNGPMAV,1
CAYMDSNYQLIW,CASSSGTGDTDTQYF,LLWNGPMAV,1
CAALDDKIIF,CASSPGTGGYTEAFF,LLWNGPMAV,1
CILIRAGGTSYGKLTF,CAVTRNPGDSNYQLIW,LLWNGPMAV,1
CALRAGAAGNKLTF,CASRTGQRNEQF,LLWNGPMAV,1
CAASARRQGGSEKLVF,CASSKRASGGTDTQYF,LLWNGPMAV,1
CAVSVGSGGSNYKLTF,CASSLGGGTSGTDTQYF,LLWNGPMAV,1
CAASGGGSQGNLIF,CASSGFTGFANEAF,LLWNGPMAV,1
CAVEDRGGSYIPTF,CASRTGRTEAFF,LLWNGPMAV,1
CAVMDSNYQLIW,CASRGLAGTSDTQYF,LLWNGPMAV,1
CAESNAGNNRKLIW,CASSGRSTDTQYF,LLWNGPMAV,1
CAGPRETSYDKVIF,CASSIRSSYEQYF,LLWNGPMAV,1
CALIEMYSGGGADGLTF,CASSFWAGGWTEAFF,LLWNGPMAV,1
CAVNSGGYQKVTF,CASSPGPYTLNTGELFF,LLWNGPMAV,1
CAGFTSGTYKYIF,CASSFGGGAGSPLHF,LLWNGPMAV,1
CAASGGSNYKLTF,CASSPDRGLNNEQF,LLWNGPMAV,1
CAVRDSNYQLIW,CAWIGLGGETQYF,LLWNGPMAV,1
CAFGGGGADGLTF,CASSYGYPAYEQYF,LLWNGPMAV,1
CAASNPSGGSYIPTF,CASSQGLGTDWNYGYTF,LLWNGPMAV,1
CGADRGGTASKLTF,CASSASGGSYNEQFF,LLWNGPMAV,1
CAASRNARLMF,CSVGEPGQSSYEQYF,LLWNGPMAV,1
CAVADSNYQLIW,CASIADREIYEQYF,LLWNGPMAV,1
CAVNPPQGSARQLTF,CASSETRANIQYF,LLWNGPMAV,1
CAAGRINAGNNRKLIW,CASSLNSVGTEAF,LLWNGPMAV,1
CAMIFNDYKLSF,CASSLWGGPFVGYTF,LLWNGPMAV,1
CAASEPGGGADGLTF,CASSLAQGYEQYF,LLWNGPMAV,1
CAVFYGNKLVF,CASSPTSGGYEQYF,LLWNGPMAV,1
CAVRDADYKLSF,CSATRGGRTDTQYF,LLWNGPMAV,1
CAVMDSNYQLIW,CASSYGNIQYF,LLWNGPMAV,1
CILEATKTSYDKVIF,CASGIRSSYERYF,LLWNGPMAV,1
CAESKESGGYQKVTF,CASSYPLLYSGANTGELFF,LLWNGPMAV,1
CAVSYDSNYQLIW,CASSETDGLFEAF,LLWNGPMAV,1
CAALNNYGQNFVF,CSAYRDSSYEQYF,LLWNGPMAV,1
CAVDPNTGNQFYF,CASRIPDRNEQFF,LLWNGPMAV,1
CAVRDAGNMLTF,CASSLDRVGTDTQYF,LLWNGPMAV,1
CALSEVRSRGSTLGRLYF,CASSQTSGTGREQFF,LLWNGPMAV,1
CVTTDSWGKLQF,CASSLADVGQYDTDTQYF,LLWNGPMAV,1
CAVSPDANRDDKIIF,CASSARDRGNGYTF,LLWNGPMAV,1
CAVIYGNQFYF,CASSPGQGPYEQYF,LLWNGPMAV,1
CAVVDSNYQLIW,CASSPRASGIFSEQFF,LLWNGPMAV,1
CALSGNTPLVF,CASHYGGSSYEQYF,LLWNGPMAV,1
CVVSDRGSTLGRLYF,CASSLRQGAGELF,LLWNGPMAV,1
CALSGNTPLVF,CASSGRAAGELFF,LLWNGPMAV,1
CALKAAGNKLTF,CASTAGTGGSGYTF,LLWNGPMAV,1
CAVSGYSTLTF,CASSSRDPGGEETQYF,LLWNGPMAV,1
CAWGGSNYQLIW,CASSLGGAYEQYF,LLWNGPMAV,1
CAGPSGTYKYIF,CASRALASGGEQFF,LLWNGPMAV,0
CAVAAGNDYKLS,CASSIRSQETQYF,LLWNGPMAV,0
CIHPPKTSYDKVIF,CASGGLSSYNEQFF,LLWNGPMAV,0
CAMREGTGRRALTF,CASSLEGQASSYEQYF,LLWNGPMAV,0
CAGVYGGSQGNLIF,CASSQALPYGQYF,LLWNGPMAV,0
CAGAPNTGNQFYF,CASSFDTRGGYEQYF,LLWNGPMAV,0
CAVGQGSTGNQFYF,CASSRYGGPSDNEQFF,LLWNGPMAV,0
CARNTGNQFYF,CASSLQGPHTDTQYF,LLWNGPMAV,0
CALTRDNYGQNFVF,CASSPQGINTEAFF,LLWNGPMAV,0
CAASKGGGSRLTF,CASSLRGLPYNSPLHF,LLWNGPMAV,0
CAVVASGGSYIPTF,CASSLGQGNTEAFF,LLWNGPMAV,0
CATDADDMRF,CASSDRTSGPHEQFF,LLWNGPMAV,0
CALRGGSTLGRLYF,CASSTYYGQSYGYTF,LLWNGPMAV,0
CAGPMKTSYDKVIF,CASSLASSSQAYEQYF,LLWNGPMAV,0
CAVDTGNQFYF,CASSYFGGSLSEQYF,LLWNGPMAV,0
CARGGGADGLTF,CASSLEAPTDTQYF,LLWNGPMAV,0
CAVNTDKLIF,CASSLGSVSTEAFF,LLWNGPMAV,0
CATGGVSSNYQLIW,CSVSLPVGETQYF,LLWNGPMAV,0
CILDNNNDMRFG,CASSFGAYSNQPQHF,LLWNGPMAV,0
CIVRPSLYNTDKLIF,CASSQQRGGADYEQYF,LLWNGPMAV,0
CALYNQGGKLIF,CASSSAYYGYTF,LLWNGPMAV,0
CIVSFXPGSARQLTF,CASSIHSGANNEQFF,LLWNGPMAV,0
CAVGRPLEYGNKLVF,CASSRGTGDNSPLHF,LLWNGPMAV,0
CAGGGSQGNLIF,CRVRQGAGNTEAFF,LLWNGPMAV,0
CASHGSSNTGKLIF,CASSFLGTGLNEQYF,LLWNGPMAV,0
CVGMDSSYKLIF,CASSPDSYNQPQHF,LLWNGPMAV,0
CAASYGNKLVF,CASSFPPYNEQFF,LLWNGPMAV,0
CAFTDMRF,CASSGYSVDTQYF,LLWNGPMAV,0
CVVNLGNMLTF,CASSIISTDTQYF,LLWNGPMAV,0
CAEDNNARLMF,CASSIRSSYEQYF,LLWNGPMAV,0
CALISGSARQLTF,CASSIRSSYEQYF,LLWNGPMAV,0
CLVVDGGATNKLIF,CASSLGGGGLFF,LLWNGPMAV,0
CAAPWGPNAGNNRKLIF,CASRPQGANEKLF,LLWNGPMAV,0
CIPMDSNYQLIW,CASSITFSDTQYF,LLWNGPMAV,0
CAENKGGGADGLTF,CASSRQPMNTEAFF,LLWNGPMAV,0
CALSEVGAGSYQLTF,CASSFEQIPYNEQFF,LLWNGPMAV,0
CAYRSASSWGDDKIIF,CASSASGNGYTF,LLWNGPMAV,0
CKAPLVF,CASSYSFLVIGDNTEAFF,LLWNGPMAV,0
CGTESPGGSQGNLIF,CASSLLIGANNEQYF,LLWNGPMAV,0
CAASYGQNFVF,CASSLAGTYEQYF,LLWNGPMAV,0
CAVMDSNYQLIW,CASSLAQTTPLNEQF,LLWNGPMAV,0
CAVLSSGGSYIPTL,CASSLAVQRPSGNTIYF,LLWNGPMAV,0
CAGHIRNEKLTF,CAWSVGSGSEQYF,LLWNGPMAV,0
CALRAPLTGRRALTF,CASSVDAGGYNEQFF,LLWNGPMAV,0
CAEMYSSASKIIF,CASSMRSTDTQYF,LLWNGPMAV,0
CIVIHLSDGQKLLF,CASSQGSGNEQFF,LLWNGPMAV,0
CAAIFTGNQFYF,CASSSRASYEQYF,LLWNGPMAV,0
CAVNNARLMF,CASSGGQGPLKELTYEQYF,LLWNGPMAV,0
CAEDQRLMF,CASSQGPAGGSALHF,LLWNGPMAV,0
CALVYSGGYQKVTF,CASSQGKDTQYF,LLWNGPMAV,0
CVVMAGAGSYQLTF,CASSQDLGAGTEAFF,LLWNGPMAV,0
CAVGWEDGTASKLTF,CASSQGGINTEAFF,LLWNGPMAV,0
CAEDNNARLMF,CASSLAENTQYF,LLWNGPMAV,0
CAVTSGDYKLSF,CASSYPSRTGTSRDEQFF,LLWNGPMAV,0
CAARHGSGNTGKLIF,CASSQRPVGQGLRNTEAFF,LLWNGPMAV,0
CVVSDRGSTLGRLYF,CASSLGGLAFTGELFF,LLWNGPMAV,0
CVVSDRGSTLGRLYF,CAWTLAGRDNGELFF,LLWNGPMAV,0
CALRGYFGNEKLTF,CATSRDFQVNQPQHF,LLWNGPMAV,0
CAATGSSNTGKLIF,CASSCQTGAACGYTF,LLWNGPMAV,0
CAALDSNYQLIW,CAISESSAQETQYF,LLWNGPMAV,0
CAVSSLSGSRLTF,CAMREVNTEAF,LLWNGPMAV,0
CAASLIQGAQKLVF,CASSQSPGGTQYF,LLWNGPMAV,0
CAVRANFGNEKLTF,CASSPRQGTETQYF,LLWNGPMAV,0
CALMNSGSARQLTF,CASTLLTSGTGELFF,LLWNGPMAV,0
CAASAVGNQGGKLIF,CASSRTGQGQETQYF,LLWNGPMAV,0
CVVAEARLMF,CASTTGGATGYTF,LLWNGPMAV,0
CAGVDSNYQLIW,CASSPGTGAYGYTF,LLWNGPMAV,0
CAASARSMDSNYQLIW,CASSFAGSPHEQFF,LLWNGPMAV,0
CALSESVGTGNQFYF,CASSQARLYQETQYF,LLWNGPMAV,0
CALKEPSGSRLTF,CSARAEGARDSPLHF,LLWNGPMAV,0
CAFMKWRGFTGGGNKLTF,CASRTGAANIYEQYF,LLWNGPMAV,0
CAGSGGYQKVTF,CASSGTSLGGELFF,LLWNGPMAV,0
CAVRRGAQKLVF,CASSFFSKKYNNEQF,LLWNGPMAV,0
CAVRDGDYKLSF,CASSLKNSPLHF,LLWNGPMAV,0
CALLSGNTGKLIF,CSVEAGTYEQFF,LLWNGPMAV,0
PGNTGFQKLVF,CASSFSGDTEAFF,LLWNGPMAV,0
CVVHQWGNLIF,CASSIGVYGYTF,LLWNGPMAV,0
CAGAIGSSNTGKLIF,CASSPFRDRGTGELF,LLWNGPMAV,0
CLVGHGSSNTGKLI,CASSLVGGSGISTDTQYF,LLWNGPMAV,0
CAGGGSQGNLIF,CASSYRTGRAQHF,LLWNGPMAV,0
CALSEALVTGGGNKLTF,CSARDQQRVDTQYF,LLWNGPMAV,0
CVVSDRGSTLGRLYF,CASSLSGQLDEQF,LLWNGPMAV,0
CAVNKSGGSNYKLTF,CASSPPGAGIANYGYTF,LLWNGPMAV,0
CAVMDSSYKLIF,CAWIPTERQTYGYTF,LLWNGPMAV,0
CALTPNNNARLMF,CASSLSTGPNEQYF,LLWNGPMAV,0
CIVRVSNDYKLSF,CASSIRSSYEQYF,LLWNGPMAV,0
CILDNNNDMRF,CASSVWTGHDEQFF,LLWNGPMAV,0
CAVGGSQGNLIF,CASSLTGGGHNSPLHF,LLWNGPMAV,0
CAVGAKEYGNKLVF,CASSLAEVHNEQFF,LLWNGPMAV,0
CAGTFGNEKLTF,CAISPGGEQFF,LLWNGPMAV,0
CAAVGGSNYKLTF,CASGLTSGLAGGRGNEQFF,LLWNGPMAV,0
CAGTNTGNQFYF,CASSQDPGLAGTGELFF,LLWNGPMAV,0
CAVGEDSSYKLIF,CASSDSSGYSGANVLTF,LLWNGPMAV,0
CAVKDSNYQLIW,CASSQRSTDTQYF,LLWNGPMAV,0
CAAQNAGGTSYGKLTF,CASSQDLRTGARGQYF,LLWNGPMAV,0
CAVNPPQGSARQLTF,CASSQETDIVFNOPQHF,LLWNGPMAV,0
CAGPLMNTGFQKLVF,CASSPRTSTDTQYF,LLWNGPMAV,0
CAVRDLNARLMF,CASSLAASNQPQHF,LLWNGPMAV,0
CAFTRGSTLGRLYF,CASSLEVGLSYEQYF,LLWNGPMAV,0
CAVRRAAGNKLTF,CAWSPEAGGPGELFF,LLWNGPMAV,0
CAGALGSSNTGKLIF,CASSDRYEQYF,LLWNGPMAV,0
CAVSSLYTGGFKTIF,CSARGDLLPEAFF,LLWNGPMAV,0
CAVRDSNYQLIW,CASSAGSYGYTF,LLWNGPMAV,0
CAARSGGSNYKLTF,CASSLAPGATNEKLFF,LLWNGPMAV,0
CAGLGGATNKLIF,CASSVAWDGNQPQHF,LLWNGPMAV,0
CAYRDINTNAGKSTF,CASSPVAGGAYNEQF,LLWNGPMAV,0
CGSADRGSTLGRLYF,CASSLSTDTQYF,LLWNGPMAV,0
CAVPNNARLMF,CATRIGWGTDTQYF,LLWNGPMAV,0
CVVRDMEYGNKLVF,CASSSPGQGFHEQYF,LLWNGPMAV,0
CVVSDRGNQFYF,CASSAQTGASYGYTF,LLWNGPMAV,0
CAVDPGGATNKLIF,CASSSGHYKQYF,LLWNGPMAV,0
CAYRSASGANSKLTF,CASSFNTGELF,LLWNGPMAV,0
CAMRVYNFNKFYF,CASSSVSGYTF,LLWNGPMAV,0
CAVTDNNAGNMLTF,CSVGGGGGYEQYF,LLWNGPMAV,0
CAGPRGTSYDKVIF,CASSKHQEGRTQPQHF,LLWNGPMAV,0
CAYRSARTSGSRLTF,CASSLGRDGYTF,LLWNGPMAV,0
CAGPEDGGSQGNLIF,CTSRLDPGFLEQYF,LLWNGPMAV,0
CAVRDVDSNYQLIW,CASSEGAPTYEQYF,LLWNGPMAV,0
CALYNTDKLIF,CASSVGDWAQGNTIYF,LLWNGPMAV,0
CAVSSNTGKLIF,CASSVLGGDTEAFF,LLWNGPMAV,0
CALGKKNTDKLIF,CSARIGVGNTIYF,LLWNGPMAV,0
CAATEGSGFKTIF,CASSVRSSYEQYF,LLWNGPMAV,0
CAVMDSNYQLIW,CSAREEGTQAWETQYF,LLWNGPMAV,0
CALSGWATDSWGKLQF,CASKVEGQKQETQYF,LLWNGPMAV,0
CAVRDGTGANNLFF,CASSPNGGSSYNEQFF,LLWNGPMAV,0
CAVMDSNYQLIW,CASTTEGGLIHEKLF,LLWNGPMAV,0
CAFMSHQGAQKLVF,CASSHDRDATEAF,LLWNGPMAV,0
CAVNAAGNDYKLSF,CASKGETQYF,LLWNGPMAV,0
CATLSGYSTLTF,CASSLDGRPHLEQYF,LLWNGPMAV,0
CILDNNNDMRF,CASRTSGDYEQYf,LLWNGPMAV,0
CAMRESVSSGSARQLT,CASTEGTVAPGTQYF,LLWNGPMAV,0
CAVMDSNYQLIW,CASGSYEQYF,LLWNGPMAV,0
CAYRSAYGNKLVF,CASSPVGPWDEKLF,LLWNGPMAV,0
CAVRSNDYKLSF,CSATRLEGDEQFF,LLWNGPMAV,0
CALSDAYNFNKFYF,CASSSSTEAF,LLWNGPMAV,0
CAGSGGSEKLVF,CASSIVYSTDTQYF,LLWNGPMAV,0
CAAPSGSARQLTF,CASSYLGGSGELF,LLWNGPMAV,0
CAVIDSNYQLIW,CASPTGGNTGELF,LLWNGPMAV,0
CAVEDPRARLMF,CASSPRQGGTGELF,LLWNGPMAV,0
CALRWQGAQKLVF,CAWSVPETGFNPDTQYF,LLWNGPMAV,0
CAEEHDRMYSGGGADGLTF,CASSRTTGADPGNTIYF,LLWNGPMAV,0
CALSGMNSGYSTLTF,CAISEMLIRGLANYGYPF,LLWNGPMAV,0
CASKAAGNKLTF*,CASSLGQVSVGNEQF,LLWNGPMAV,0
CALSGNAGGTSYGKLTF,CATAKEGLAYEQFF,LLWNGPMAV,0
CALDNYGQNFVF,CASSGLRRDRDTQYF,LLWNGPMAV,0
CAGAVGSSNTGKLIF,CASRPRRAEGDRELFF,LLWNGPMAV,0
CVVSDRGSTLGRLYF,CAISESGGRVDEQYF,LLWNGPMAV,0
CALLNSGGYQKVTF,CASSLEGGGHQPQHF,LLWNGPMAV,0
CAVGEGGGSEKLVF,CASKASGKSYNEQFF,LLWNGPMAV,0
CAVGGGADGLTF,CASSEGMGQPQHF,LLWNGPMAV,0
CAVRDSNYQLIW,CATSDLYAGRETQYF,LLWNGPMAV,0
CAFLNAGKSTF,CASSPRSNEQYF,LLWNGPMAV,0
CVVADRGSTLGRLYF,CASSQGLSSNEQF,LLWNGPMAV,0
CAEGGYNKLIF,CASSIGTVNRGPNTEAFF,LLWNGPMAV,0
CAVLAETSGSRLTF,CSVGPLNTEAF,LLWNGPMAV,0
CILRPVGEGGKLIF,CASSYRSTQPQHF,LLWNGPMAV,0
CAVSVVPNFGNEKLTF,CASSQGTINTGELFF,LLWNGPMAV,0
CVVSDRGSTLGRLYF,CASSLAPGATNEKLFF,LLWNGPMAV,0
CALVLNNAGNMLTF,CASSLAIGELFF,LLWNGPMAV,0
CLVVRGRTGFQKLVF,CASSYFGGSLSEQYF,LLWNGPMAV,0
CALGELTNTGGFKTIF,CASRRPG,LLWNGPMAV,0
CAMSAGGQNFVF,CASSLGYEQYF,LLWNGPMAV,0
CAVRDGRSTGGFKTIF,CASSESGAREILNEQFF,LLWNGPMAV,0
CVVNTGWNQAGTALIF,CASSDTPQPFSSGYTF,LLWNGPMAV,0
CAPSNSNSGYALNF,CASSQERWAEAFF,LLWNGPMAV,0
CAVMDSNYQLIW,CASTGGDTSYNEQFF,LLWNGPMAV,0
CAAEYGNKLVF,CASSYFDEKLFF,LLWNGPMAV,0
CAASAISGSGTYKYIF,CASSELASGVNEQFF,LLWNGPMAV,0
CAGGNSGYSTLTF,CASSLADLYSYEQYF,LLWNGPMAV,0
CASGGSQGNLIF,CASSPEPGSHEQYF,LLWNGPMAV,0
CTKKAAGNKLTF,CASSPQTQYQETQYF,LLWNGPMAV,0
CATDADQGAQKLVF,CASSQDEPAPYEQYF,LLWNGPMAV,0
CVVSFASGGSYIPTF,CASSQEGGGGYEQYF,LLWNGPMAV,0
CAINAGGTSYGKLTF,CASSSANYGYTF,LLWNGPMAV,0
CVVNMRYSGGGADGLTF,CSARDRDRSLATEAFF,LLWNGPMAV,0
CVVSEGNNNDMRF,CASSRDSSYEQYF,LLWNGPMAV,0
CAVRDREGKRSGYSTLTF,CASSVGSQETQYF,LLWNGPMAV,0
CALSELDTGFQKLVF,CASSSPGENYNEQFF,LLWNGPMAV,0
CLVMDTGRRALTF,CASSIRATGELFF,LLWNGPMAV,0
CAVRDGDYKLSF,CASRKEGSRLHL,LLWNGPMAV,0
CASYGGATNKLIF,CASSPGVFGVTQYF,LLWNGPMAV,0
CVVSDRGSTLGRLYF,CASSPLDTKQQFF,LLWNGPMAV,0
CAMRDAYGNNRLAF,CSVPSTVQETQYF,LLWNGPMAV,0
CAVMDSNYQLIW,CASSLLGEKAYEQYF,LLWNGPMAV,0
CILDNNNDMRF,CASSIYSNGEQYF,LLWNGPMAV,0
CAGAHTGNQFYF,CASSLGTGALEQYF,LLWNGPMAV,0
CAARVLGSQGNLIF,CASKDPGWFLAFF,LLWNGPMAV,0
CAVRGAAGNKLTF,CASSSGTSGSVETQYF,LLWNGPMAV,0
CILDNNNDMRF,CASSPTAHSGNTIYF,LLWNGPMAV,0
CALSRGSARQLTF,CSATLDRNYGYTF,LLWNGPMAV,0
CAMSLSNFGNEKLTF,CASSLDNTYEQYF,LLWNGPMAV,0
CGTSYGKLTF,CASIELSYSNQPQHF,LLWNGPMAV,0
CAVKEWGKLVF,CASSPGDEQFF,LLWNGPMAV,0
CAVSGNTPLVF,CSVEGEGGSYNEQFF,LLWNGPMAV,0
CAPYGGATNKLIF,CASSYYSNQPQHF,LLWNGPMAV,0
CAVRRYSNYQLIW,CASSQVGSTEAFF,LLWNGPMAV,0
CAASASGGTSYGKLTF,CAWSVGGGLETQYF,LLWNGPMAV,0
CVVTDRGSTLGRLYF,CASSPLAGGFNEQF,LLWNGPMAV,0
CALTPTGGGNKLTF,CASSLGPYEQYF,LLWNGPMAV,0
CVVSDRGSTLGRLYF,CASSYSGQGGTDTQYF,LLWNGPMAV,0
CAFMKPSTTSGTYKYIF,CASSSQETQYF,LLWNGPMAV,0
CAAIMGTASKLTF,CSARATPGSRDTLHF,LLWNGPMAV,0
CAASKPQGGATNKLIF,CASSHGTGQGYTF,LLWNGPMAV,0
CAEYGGATNKLIF,CASSPRTSGRSYEQYF,LLWNGPMAV,0
CAPMDSNYQLIW,CASSFWGLPHQETQYF,LLWNGPMAV,0
CAVNAGGTSYGKLTF,CASSVGGEAYEQYF,LLWNGPMAV,0
CAGGTSYGKLTF,CASSFPNQPQHF,LLWNGPMAV,0
CIVSGDNYGQNFVF,CASSLEGGGEQFF,LLWNGPMAV,0
CAVRDNTGFQKLVF,CASSSANYGYTF,LLWNGPMAV,0
CAVRDSNYQLIW,CASSQAVGTGETQYF,LLWNGPMAV,0
CAENGGGGSQGNLIF,CASNLQETQYF,LLWNGPMAV,0
CILPMYSGGGADGLTF,CARSHSPGGTQYF,LLWNGPMAV,0
CVVSDRGSTLGRLYF,CASAPARIWYNEQF,LLWNGPMAV,0
CALSK(T)GALNLTF,CASSQEGWDGRYEQYF,LLWNGPMAV,0
CVVRWITDKLIF,CSGGQGEGEQYF,LLWNGPMAV,0
CAGATGGSQGNLIFGKGT,CASTDTGDYGYTF,LLWNGPMAV,0
CAALNTDKLIF,CASSRLTSGSGYNEQFF,LLWNGPMAV,0
CAFMKVSSGTYKYIF,CVSSLAGTQETQYF,LLWNGPMAV,0
CALKNPGQTGANNLFF,CSARDRNNSPLHF,LLWNGPMAV,0
CALSEAGVPGANSKLTF,CASSQDRSLEQYF,LLWNGPMAV,0
CASSGLSSGGSYIPTF,CVSSVDKGGTDTQYF,LLWNGPMAV,0
CVVIPGAGSYQLTF,CASSPDRVADTQYF,LLWNGPMAV,0
CASSGGSYIPTF,CASSPSGVDQYF,LLWNGPMAV,0
CAVRDWYGGSQGNLIF,CASSLSTQPLGDEQFF,LLWNGPMAV,0
CAVDGADDKIIF,CASSRTSATGELF,LLWNGPMAV,0
CAYRSAITGTYKYIF,CASSPGVSVEQYF,LLWNGPMAV,0
CALDMRGSGGFKTIF,CASSFGPVEQYF,LLWNGPMAV,0
CILDNNNDMRF,CASSLAPDRNTEAFF,LLWNGPMAV,0
CAGGYNFNKFYF,CASALGGRGVQYF,LLWNGPMAV,0
CASEVGGYALNF,CASSSLGGYEQYF,LLWNGPMAV,0
CALSGFSGGYNKLIF,CASSQERGGKWAYEQYF,LLWNGPMAV,0
CAYLNTGNQFYF,CASSVGFGQGVGQPQHF,LLWNGPMAV,0
CAVRDGLRNAGNMLTF,CASSLNGGSSYNEQFF,LLWNGPMAV,0
CAVKDSNYQLIW,CASSKRQYRQETQYF,LLWNGPMAV,0
CALIADSGGSNYKLTF,CASTLTGLGQPQHF,LLWNGPMAV,0
CAVRPFSGNTPLVF,CASSLVTGGGEAFF,LLWNGPMAV,0
CVVSDRGSTLGRLYF,CSAYTGAHYEQYF,LLWNGPMAV,0
CVVNGGGYQKVTF,CASRNLGLNTEAF,LLWNGPMAV,0
CAESGGYQKTV,CASSQGTVDEQFF,LLWNGPMAV,0
CALSEYSSASKIIF,CASSPRTERGDTEAF,LLWNGPMAV,0
CIVRFGGGNQGGKLIF,CAGGRKRNTQYF,LLWNGPMAV,0
CAVLDSNYQLIW,CASSLEGQGAPGQPQHF,LLWNGPMAV,0
CLVGNGGATNKLIF,CSPGDGYTF,LLWNGPMAV,0
CAENTGYNAGNNRKLIW,CASSELASGTGEQFF,LLWNGPMAV,0
CAVPSGGYQKVTF,CASSSTGGGLQETQYF,LLWNGPMAV,0
CVVYRQTGANNLFF,CASSPGGFQETQYF,LLWNGPMAV,0
CAENGGGSTLGRLYF,CAWRGAQGYTF,LLWNGPMAV,0
CVVSAPPGVTGGGNKLTF,CASSLNAGQGGVYGYTF,LLWNGPMAV,0
CVVSGTSGTYKYIF,CASSLGPNTEAF,LLWNGPMAV,0
CAGGGSQGNLIF,CASSQSPGGYQF,LLWNGPMAV,0
CILDNNNDMRF,CASSLGGGNQPQHF,LLWNGPMAV,0
CAFITGNQFYF,CASRLGPGQPYERYF,LLWNGPMAV,0
CAVSETGGFKTIF,CSAMEAGAPGEQYF,LLWNGPMAV,0
CAVRDSNYQLIW,CASSPQGVVEQFF,LLWNGPMAV,0
CAGGGSSNTGKLIF,CASTGTDYGYTF,LLWNGPMAV,0
CAGFGNVLHC,CASSIRNSYNEQF,LLWNGPMAV,0
CAASGNGNMLTF,CASSSPGSNYGYTF,LLWNGPMAV,0
CAMREGTGRRALTF,CASSQDFQGGYEQYF,LLWNGPMAV,0
CAGQTDSNYQLIW,CASSQGMDTGELFF,LLWNGPMAV,0
CALGTDGLTF,CAWSSGLGNEKLFF,LLWNGPMAV,0
CAVNPPQGSARQLTF,CASSQSGQLDTQYF,LLWNGPMAV,0
CAVGAGGTSYGKLTF,CSAPGPGGTEAFF,LLWNGPMAV,0
CALSDIIQGAQKLVF,CASSYHRGLAGYEQYF,LLWNGPMAV,0
CAVNAGNTGKLIF,CASGGEFYGYTF,LLWNGPMAV,0
CALRVGYSGAGSYQLTF,CASSPLGRAEETQYF,LLWNGPMAV,0
CAVMDSNYQLIW,CASSVVGGGAANEQFF,LLWNGPMAV,0
CAMREGTTNKLIF,CASSLGLAGNSEQF,LLWNGPMAV,0
CAGTANNAGNMLTF,CSARDRVGNTIYF,LLWNGPMAV,0
CAVSVSSGGTSYGKLTF,CASSLAPGATNEKLFF,LLWNGPMAV,0
CGAVPEPHFEKLTF,CASSFASGGYNEQFF,LLWNGPMAV,0
CAVGGATNKLIF,CAWTSGGASEQYF,LLWNGPMAV,0
CVVSDLSNTDKLIF,CASSPGGLGGQYF,LLWNGPMAV,0
CAENVTGNQFYF,CASTLTGLGQPQHF,LLWNGPMAV,0
CAVKDSNYQLIW,CASSFDREVRGYTF,LLWNGPMAV,0
CAVLDSNYQLIW,CASSLSGGLWSYEQYF,LLWNGPMAV,0
CAGGGSQGNLIF,CASSIGYYGYTF,LLWNGPMAV,0
CILDNNNDMRF,CASSSHTGMNTEAFF,LLWNGPMAV,0
CAVRDSNYQLIW,CASSFTVGGQETQYF,LLWNGPMAV,0
CILDNNNDMRF,CASSDRRGSYNEQFF,LLWNGPMAV,0
CAGAPNTGNQFYF,CASSVAGGDEQFF,LLWNGPMAV,0
CALSDSNYQLIW,CSVDGADTQYF,LLWNGPMAV,0
CAGLSGSARQLTF,CAWSGAYEQYF,LLWNGPMAV,0
CAVPPGYQKVTF,CASSGTSLGGELFF,LLWNGPMAV,0
CAVTIGATQGGSEKLVF,CASSQFRGGRDGYTF,LLWNGPMAV,0
CILRRQGGSEKLVF,CASSIRSLDEQFF,LLWNGPMAV,0
CAASTIPGKLIF,CASRVVGHPQHF,LLWNGPMAV,0
CAGGGSQGNLIF,CASSQERGYNSPLHF,LLWNGPMAV,0
CAVVFGNEKLTF,CASSELGGGGGTDTQYF,LLWNGPMAV,0
CALSEAGTGGSYIPTF,CASSLATSGGGSDTQYF,LLWNGPMAV,0
CAASTGTYKYIF,CASSLGGNQPQHF,LLWNGPMAV,0
CLLG(A)G(L)(D)AKLTF,CASSVDKGGADEQF,LLWNGPMAV,0
CAVDSGSQGAQKLVF,CASSLAPGATNEKLFF,LLWNGPMAV,0
CVVSVPTRNNNARLMF,CASSYQGTGVTSGANVLTF,LLWNGPMAV,0
CAPYYGGSQGNLIF,CASSQPPGGTQYF,LLWNGPMAV,0
CAVRSGAGSYQLTF,CASSYGTVNSPLHF,LLWNGPMAV,0
CAVNPPQGSARQLTF,CASSPQETQYF,LLWNGPMAV,0
CAVMDSNYQLIW,CASSQDGGLYEQYF,LLWNGPMAV,0
CAFMKPPMDSNYQLIW,CASSLNSLWVAGGNNEQFF,LLWNGPMAV,0
CAVRDGDYKLSF,CASSPQGGWSTDTQYF,LLWNGPMAV,0
CAVSDDNDMRF,CSADIQGAIGETQYF,LLWNGPMAV,0
CAVKDSNYQLIW,CASEAGNTIY,LLWNGPMAV,0
CALRANNARLMF,CASSLHYTGENTEAFF,LLWNGPMAV,0
CAPMDSNYQLIW,CASSLTGSAEAFF,LLWNGPMAV,0
CAVMDSNYQLIW,CASSQAHEFRGNTIYF,LLWNGPMAV,0
CAVGGFQKLVF,CASSLGPNTGELFF,LLWNGPMAV,0
CAVWVGFGNVLHC,CASSFRRVTDTQYF,LLWNGPMAV,0
CAWDNAGNMLTF,CAWSDETGEGGYTQYF,LLWNGPMAV,0
CALSEPGTASKLTF,CASSVTVTDTQYF,LLWNGPMAV,0
CAFRMAGNMLTF,CASSYSDAGGYYEQYF,LLWNGPMAV,0
CAFMKPLTQGGSEKLVF,CASWTVSYNEQFF,LLWNGPMAV,0
CAASKGGKLIF,CSAPTTEVAGSTDTQYF,LLWNGPMAV,0
CAYGANDMRF,CASSPGTGFYEQYF,LLWNGPMAV,0
CAMRERSSASKIIF,CASSQETGVISEQYF,LLWNGPMAV,0
CAMDSSYKLIF,CASSPVLGSTEAFF,LLWNGPMAV,0
CAVTGKLIF,CSASRQSNQPQHF,LLWNGPMAV,0
CALGLPGSARQLTF,CSARDPTGLNRNNEQFF,LLWNGPMAV,0
CALSASNGGYQKVTF,CASSQSPGGTQYF,LLWNGPMAV,0
CAFKSRGGSEKLVF,CASSFVGGIDGYTF,LLWNGPMAV,0
CAVRDSNYQLIW,CASSPPTNTGELFF,LLWNGPMAV,0
CAVMDDKIIF,CASSGQTNTEAFF,LLWNGPMAV,0
CASLSGSARQLTF,CAWRGTDSFYEQYF,LLWNGPMAV,0
CAAMNYGGSQGNLIF,CASSLLPESGYTF,LLWNGPMAV,0
CVVSDRGSTLGRLYF,CASSDAGGGMAEAFF,LLWNGPMAV,0
CVVSDRGSTLGRLYF,CASSDTNTGELF,LLWNGPMAV,0
VLFRMLTF,CASSFERSGRYNEQFF,LLWNGPMAV,0
CAARGDTGKLIF,CASRAGTSNTGELF,LLWNGPMAV,0
CAVMDSNYQLIW,CASSYNQGPYDNNEQFF,LLWNGPMAV,0
CAASMIYNQGGKLIF,CASSQDTGQGVEQYF,LLWNGPMAV,0
CAASRGGYSTLTF,CGPSSYEQYF,LLWNGPMAV,0
CAAPAGGTSYGKLTF,CASSTRSTDTQYF,LLWNGPMAV,0
CAVRDSNYQLIW,CARSQYPAGTQYF,LLWNGPMAV,0
CALFLDGQKLLF,CAIRDRLNTEAFF,LLWNGPMAV,0
CIALMIYNQGGKLIF,CASSQESGGGYEQFF,LLWNGPMAV,0
CAVRDSSASKIIF,CASSINGGYNEQF,LLWNGPMAV,0
CAVFAGGTSYGKLTF,CASSLPQGEQYF,LLWNGPMAV,0
CAVKDSNYQLIW,CASSLDSNQPQHF,LLWNGPMAV,0
CAGLDSNYQLIW,CASSSYRGTYEQYF,LLWNGPMAV,0
CAGLPRRTNDYKLSF,CASSLSGDYGYTF,LLWNGPMAV,0
CAYRNLNAGGTSYGKLTF,CASSLGQGMTYNSPLHF,LLWNGPMAV,0
CASRTGATNKLIF,CASSTGNYGYTF,LLWNGPMAV,0
CAVSASIGFQKLVF,CAISEAGPGSANTEAFF,LLWNGPMAV,0
CAVGLGGANNLFF,CSARDPTGELFF,LLWNGPMAV,0
CVVNSDGQKLLF,CASSFEETQYF,LLWNGPMAV,0
CAVXGCGSARQLTF,CASTYGGLNEQYF,LLWNGPMAV,0
CAMREPNSGNTPLVF,CASSLAQGWGAFF,LLWNGPMAV,0
CAFAGTYKYIF,CSVEGQGGFNEQFF,LLWNGPMAV,0
CAASGVNYGGSQGNLIF,CASTPGELAGGGETQYF,LLWNGPMAV,0
CAASAGGGSQGNLIF,CASNWQGPYNEQFF,LLWNGPMAV,0
CAVRLLSSGSARQLTF,CASRFQGFTEAF,LLWNGPMAV,0
CAVIGEGGKLTF,CATSSASSYEQYF,LLWNGPMAV,0
CVVSDYGGATNKLIF,CAWSVPGTSGHQPQHF,LLWNGPMAV,0
CAVWTGTASKLTF,CASSSSSGEQFF,LLWNGPMAV,0
CAPRYNFNKFYF,CSARVGVGNTIYF,LLWNGPMAV,0
CAPLNTGFQKLVF,CASSLTGTASTYGYTF,LLWNGPMAV,0
CAGIGAGSYQLTF,CASSLASGGALYNEQFF,LLWNGPMAV,0
CALSVNSSNTGKLIF,CSVERLNTGELFF,LLWNGPMAV,0
CAVRRSAGNNRKLIW,CASKGPGGHGELFF,LLWNGPMAV,0
LFFRSNYQLIW,CASSLGGNQPQHF,LLWNGPMAV,0
CAGRSTGGGNKLTF,CASSGTGRLSTDTQYF,LLWNGPMAV,0
CATGVDSWGKLQF,CASSYSDNLNTEAFF,LLWNGPMAV,0
CAYSTGDMRF,CASSLAVRNNEQFF,LLWNGPMAV,0
CAGQVDNAGNMLTF,CASKTISGPGGVYEQYF,LLWNGPMAV,0
CAVNNARLMF,CASSGLAGGPFGMETQYF,LLWNGPMAV,0
CAVRDSNYQLIW,CASSEGAGGFGQPQHF,LLWNGPMAV,0
CAVRDKSTDKLIF,CATTVGVIGNQPQHF,LLWNGPMAV,0
CAGVDNDMRF,CATSVPSGRSYNEQF,LLWNGPMAV,0
CAVDVRGSRLTF,CASSLSNSLYGYTF,LLWNGPMAV,0
CVVFDRGSTLGRLYF,CASSSVNEQYF,LLWNGPMAV,0
CAAKKGASGGYNKLIF,CASSYPQGHYKAFF,LLWNGPMAV,0
CALSDRIGGNQFYF,CASSPQQTLGAF,LLWNGPMAV,0
CAVKGFNKFYF,CASSYRSSYEQYF,LLWNGPMAV,0
CAVNDMRF,CASSDSSVSEQFF,LLWNGPMAV,0
CGADTTGTASKLTF,CASSEDRGNSPLHF,LLWNGPMAV,0
CAGEGGGSQGNLIF,CASSRGQRSTDTQYF,LLWNGPMAV,0
CAVEDSNYQLIW,CASSPGGLEAFF,LLWNGPMAV,0
CAYSTNFGNQFYF,CASSLSLAGRERFF,LLWNGPMAV,0
CAVGPKAGGGNKLTF,CASSSQQNQPQHF,LLWNGPMAV,0
CILDNNNDMRF,CASSWDKTYEQYF,LLWNGPMAV,0
CAAFQGAQKLVF,CSGRLTGGNEQYF,LLWNGPMAV,0
CASLRNMLTF,CASSPRQGIETQYF,LLWNGPMAV,0
CAVRDSNYQLIW,CASSLSGAGGLTEQFF,LLWNGPMAV,0
CAGEGGGSQGNLIF,CASSQGQGLNGYTF,LLWNGPMAV,0
CAVKGGSEKLVF,CASSLIFPGELFF,LLWNGPMAV,0
CIVKKNTNAGKSTF,CASSLGGSSNQPQHF,LLWNGPMAV,0
CAVKTSYDKVIF,CASSHRDSGNTIYF,LLWNGPMAV,0
CAVKEDTDKLIF,CASSSRASYEQYF,LLWNGPMAV,0
CAATLSDNTNAGKSTF,CSGGRGEETQYF,LLWNGPMAV,0
CALSEVRSRGSTLGRLYF,CASYNFGQYGYTF,LLWNGPMAV,0
CAMRERVYNQGGKLIF,CASSQSPGGTQYF,LLWNGPMAV,0
CAVRDLNARLMF,CASSLGASSYNEQFF,LLWNGPMAV,0
CAMRELGGSNYKLTF,CSVGTGGTNEKLFF,LLWNGPMAV,0
CALVGPGGFKTIF,CASSLRQKETQYF,LLWNGPMAV,0
CAADRTGGGNKLTF,CASSVETTDYGYTF,LLWNGPMAV,0
CAVNIPPGGYKLSF,CRSYDGYGYTF,LLWNGPMAV,0
CAIEGGKLIF,CASRRGSTYNEQF,LLWNGPMAV,0
CIVGLSDYKLSF,CASSIRSSYEQYF,LLWNGPMAV,0
CALSTGGGNKLTF,CASRTSGGPADTQYF,LLWNGPMAV,0
CALSEAQGYSTLTF,CASSYTGGTTDTQYF,LLWNGPMAV,0
CGADRGGTASKLTF,CASRHNTQASHEQYF,LLWNGPMAV,0
CAGGGSQGNLIF,CASSFRAGEQFF,LLWNGPMAV,0
CVVTDRGSTLGRLYF,CASSSERTDGASGANVLTF,LLWNGPMAV,0
CAHTSSGNTPLVF,CASSPGLTEAFF,LLWNGPMAV,0
CVVANQAGTALIF,CASSYSIGALEAFF,LLWNGPMAV,0
CAASRNTGFQKLVF,CASSIAGGNEQFF,LLWNGPMAV,0
CAYGGDMRF,CASGGANYGYTF,LLWNGPMAV,0
CAVSGNRGSTLGRLYF,CASSLALGRQETQYF,LLWNGPMAV,0
CAVFNNARLMF,CASSGQEYGYTF,LLWNGPMAV,0
CAMREGMNRDDKIIF,CASSTRSTDTQYF,LLWNGPMAV,0
CALRGHAGNNRKLIW,CASQLSGGAVVETQYF,LLWNGPMAV,0
CAVKDSNYQLIW,CASSLNRGGTDTQYF,LLWNGPMAV,0
CAVSSKETSGSRLTF,CASSLGGNQPQHF,LLWNGPMAV,0
CAAFRNNNARLMF,CASSDRATQPQHF,LLWNGPMAV,0
CAVVDSNYQLIW,CASSPGTSYEQYF,LLWNGPMAV,0
CAAIPSVRSSASKIIF,CSARGEAITKELF,LLWNGPMAV,0
CAFKAAGNKLTF,CASSLRGTGSYEQYF,LLWNGPMAV,0
CAEMSGNNRLAF,CASSFLGGQEQFF,LLWNGPMAV,0
CLVGDVGKLIF,CASLTRDEQFF,LLWNGPMAV,0
CAVRDLNARLMF,CSAAYRDGASYGYTF,LLWNGPMAV,0
CAVGASGGGGNKLTF,CAWSVLPEAFF,LLWNGPMAV,0
CAVNADGQKLLF,CASSRALGVDNEQFF,LLWNGPMAV,0
CALLVSSNTGKLIF,CATGTGGNDYEQYF,LLWNGPMAV,0
CAYRSGDTGTASKLTF,CASRHEGGNNEQFF,LLWNGPMAV,0
CAIGGATNKLIF,CASSLGTSGTDEQF,LLWNGPMAV,0
CAVRDSNYQLIW,CATSTGWRTGTDTQYF,LLWNGPMAV,0
CAVWSDNARLMF,CASSPVAGATTDTQYF,LLWNGPMAV,0
CIVGPDKLIF,CASSLAPLAGRDDTQYF,LLWNGPMAV,0
CALSGNTPLVF,CASSFKGGPVSYNEQF,LLWNGPMAV,0
CAFGSQGNLIF,CASSGQTNTEAFF,LLWNGPMAV,0
CACNNAGGTSYGKLTF,CASSQAGVGGELFF,LLWNGPMAV,0
CIVARANAGGTSYGKLTF,CASSQDWGAEAFF,LLWNGPMAV,0
CALRDYKLSF,CASSTRSAYEQYF,LLWNGPMAV,0
CAMTGDGGSQGNLIF,CASSSVNEQYF,LLWNGPMAV,0
CAATGGYQKVTF,CASSFLGVHNEQFF,LLWNGPMAV,0
CALIPYSSASKIIF,CASSTRSTYEQYF,LLWNGPMAV,0
CAVSGGSYIPTF,CASSELRTGNYGYTF,LLWNGPMAV,0
CAGLRGGKLIF,CASSTYQGQQETQYF,LLWNGPMAV,0
CAYRSPPSSEKLVF,CASGGQGIPDTQYF,LLWNGPMAV,0
CAVSAVTGGFKTIF,CSARDRGWDEQFF,LLWNGPMAV,0
CALSEGAGNNRKLIW,CASSDQSQETQYF,LLWNGPMAV,0
CAHKAAGNKLTF,CASSALASGTDTQYF,LLWNGPMAV,0
CAVMDSNYQLIW,CASSTPREAQNIQYF,LLWNGPMAV,0
CALSDRRGSGTYKYIF,CASSLAQSRERY,LLWNGPMAV,0
CAVRDSNYQLIW,CASSIRSSYEQYF,LLWNGPMAV,0
CAGPSNTGKLIF,CASSYFRRLPGQVFYEQYF,LLWNGPMAV,0
CAVNSGYSTLTF,CASSLRTSGGTDTQYF,LLWNGPMAV,0
CAVRITGGGNKLTF,CASSQGQGGNQPQHF,LLWNGPMAV,0
CALIMDSNYQLIW,CASSFERTQYF,LLWNGPMAV,0
CAARDSNYQLIW,CASTYTSLAHNEQF,LLWNGPMAV,0
CAPLDSNYQLIW,CASSLGQKETQYF,LLWNGPMAV,0
CAGAPGSSNTGKLIF,CASSLRSSYEQYF,LLWNGPMAV,0
CAVGGGKLIF,CASSQEQLGGEQYF,LLWNGPMAV,0
CAEDNNARLMF,CSVVVGYEQYF,LLWNGPMAV,0
CVVTEYAGKSTF,CASRPTGGAGGTDTQYF,LLWNGPMAV,0
CAASARNNDMRF,CASSEGYGGGQYF,LLWNGPMAV,0
CAPGGWTGNMLTF,CASSFGSGEQFF,LLWNGPMAV,0
CAVDNNNDMRF,CATSPSLGTQYF,LLWNGPMAV,0
CAGPLGGGSQGNLIF,CASSPGTSGTGSYEQYF,LLWNGPMAV,0
CAMSPQGAQKLVF,CSVEDFYNEQSF,LLWNGPMAV,0
CATASNFNKFYF,CASSQRTGSSYEQYF,LLWNGPMAV,0
CAGGSGGGADGLTF,CASSWDRGTYEQYF,LLWNGPMAV,0
CILDNNNDMRF,CASSLSSGPYNEQFF,LLWNGPMAV,0
CAVREGGSYIPTF,CAWSLGDEQFF,LLWNGPMAV,0
CAVMDSNYQLIW,CASSLVDLVHGYTF,LLWNGPMAV,0
CAVNGKDTGRRALTF,CASSSGIGYEQYF,LLWNGPMAV,0
CAASKTGANNLFF,CASRGTGVHEQYF,LLWNGPMAV,0
CAVQNAGGTSYGKLTF,CASSSLNTEAF,LLWNGPMAV,0
CAVKDSNYQLIW,CASSQWERDPQYF,LLWNGPMAV,0
CAASVGGGSQGNLIF,CASSLFSSGQETQYF,LLWNGPMAV,0
CAFKAAGNKLTF,CSASGYTF,LLWNGPMAV,0
CAVPGSQGNLIF,CATSPRGGAVEQF,LLWNGPMAV,0
CVVSGKNTGFQKLVF,CASRALSSYEQYF,LLWNGPMAV,0
CAMREGMGGNQFYF,CASSMFVGQPQHF,LLWNGPMAV,0
CAASADYGQNFVF,CASSFRGEGHPDTQYF,LLWNGPMAV,0
CLVVPAENAGNMLTF,CASSFGGASEAFF,LLWNGPMAV,0
CAETNGGYQKVTF,CASSLEAISNYNEQFF,LLWNGPMAV,0
CAMREPFSGGYNKLIF,CASSLAGLADNEQF,LLWNGPMAV,0
CAGPMKTSYDKVIF,CASSQAGSNYGYTF,LLWNGPMAV,0
CAVVRWETSGSRLTF,CATSVPSANEQFF,LLWNGPMAV,0
CAVMDSSYKLIF,CASSVRTSGGTDTQYF,LLWNGPMAV,0
CAGAGSQGNLIF,CASSLAPGATNEKLFF,LLWNGPMAV,0
CATGGGNKLTF,CASSVSGGASNEQF,LLWNGPMAV,0
CAVRDSNYQLIW,CASSVDSEGRQMNTEAF,LLWNGPMAV,0
CAVADSSYKLIF,CASSDRSSYEQYF,LLWNGPMAV,0
CAVTPSNDMRF,CASSGENPGGTGELFF,LLWNGPMAV,0
CAVEDNAGNMLTF,CASRRGTSGTGELFF,LLWNGPMAV,0
CAAFQGAQKLVF,CASRNRDPNGYTF,LLWNGPMAV,0
CAVRDSNYQLIW,CASSPGTGKNIQYF,LLWNGPMAV,0
CANNDMRF,CASRSEETQYF,LLWNGPMAV,0
CAVRSGNNAGNMLTF,CSATLPHKNTDTQYF,LLWNGPMAV,0
CILDNNNDMRF,CASSEGQGGETQYF,LLWNGPMAV,0
CAEYSSASKIIF,CASSPPGLGGAYNEQF,LLWNGPMAV,0
CVVNIYDYKLSF,CASSSQGASEQFF,LLWNGPMAV,0
CAGLSGNTPLVF,CASRPRQGNLIDEQFF,LLWNGPMAV,0
CAGVPSNTGKLIF,CASSQAPRGWDEQYF,LLWNGPMAV,0
CAYISNFGNEKLTF,CASSYLAGEGYEQYF,LLWNGPMAV,0
CAVKDSNYQLIW,CASSIRPSYEQYF,LLWNGPMAV,0
CAVNQGGKLIF,CASTGSGAHNEQFF,LLWNGPMAV,0
CAARFDSGYALNF,CSVEGVRKTNTGELFF,LLWNGPMAV,0
CAMRTSYDKVIF,CASSEGDRPTDTQYF,LLWNGPMAV,0
CATGSNYQLIW,CAISGMGQRDNEQF,LLWNGPMAV,0
CAGRYAGNNRKLIW,CASSPDREGGDRGYNEQFF,LLWNGPMAV,0
CAASPRNAGNNRKLIW,CASSSGTGYEQYF,LLWNGPMAV,0
CAYRTLYDNFGNEKLTF,CASSQDSSGRVTGELF,LLWNGPMAV,0
CAVAPKAAGNKLTF,CASRPTITVPYSNQPQHF,LLWNGPMAV,0
CAVKGDYKLSF,CASSIRSSYEQYF,LLWNGPMAV,0
CARDDRKLIW,CASSLDGATYNEQFF,LLWNGPMAV,0
CAISGSARQLTF,CASSQGGDGYGYTF,LLWNGPMAV,0
CAGSHGGSQGNLIF,CASSQVPGSYEQYF,LLWNGPMAV,0
CALSQETSGSRLTF,CASSSGAGEANEQFF,LLWNGPMAV,0
CAGQLRGGSNYKLTF,CAWSAVGGGYTF,LLWNGPMAV,0
CAVLTGNQFYF,CASSIRASNEQFF,LLWNGPMAV,0
CATRFLTGGGNKLTF,CASSIRSAYEQYF,LLWNGPMAV,0
CAEGSSNTGKLIF,CASSPTGSGGGDEETQYF,LLWNGPMAV,0
CAVNTGGFKTIF,CASYNFGQYGYTf,LLWNGPMAV,0
CILRAYSGGSNYKLTF,CASSSLGEQFF,LLWNGPMAV,0
CIALMDSNYQLIW,CAISDPGDTQYF,LLWNGPMAV,0
CAFMIGAGGTSYGKLTF,CASSKLSGRGELF,LLWNGPMAV,0
CAEKYTGNQFYF,CASSSANYGYTF,LLWNGPMAV,0
CAHMDSNYQLIW,CASTSFGQGTNEQF,LLWNGPMAV,0
CAVGESNYQLIW,CASSPTTGKTEAF,LLWNGPMAV,0
CAERGSNYQLIW,CASSYSWPPETYEQYF,LLWNGPMAV,0
CVVSAITNDYKLSF,CATQGPGGGQKTQYF,LLWNGPMAV,0
CAVTWGGKLIF,CASSQERAGTSYEQYF,LLWNGPMAV,0
CAVNTDKLIF,CASSWLNTEAFF,LLWNGPMAV,0
CLLGGRVMDSNYQLIW,CASSQWGGNEQFF,LLWNGPMAV,0
CAPLDSNYQLIW,CASSFAGQESTDTQYF,LLWNGPMAV,0
CAYGTNAGGTSYGKLTF,CASSEGYGYTF,LLWNGPMAV,0
CALIGFWNSGGSNYKLTF,CASSYSYEQYF,LLWNGPMAV,0
CALSVGTGFQKLVF,CASSLATSGGGSDTQYF,LLWNGPMAV,0
CAVTTEYRNKLVF,CASSPIGGAGGEQFF,LLWNGPMAV,0
CAVSGGYQKVT,CASSQGARGPFF,LLWNGPMAV,0
CLVGDIQAGKSTF,CASSEESYLMNTEAFF,LLWNGPMAV,0
CAVRDLNARLMF,CASSIRSSYEQYF,LLWNGPMAV,0
CAVGTTGNQFYF,CATSGTAGETQYF,LLWNGPMAV,0
CAVSNSNYQLIW,CAGGRFGANVLTF,LLWNGPMAV,0
CAVALFPLRGAGSYQLTF,CASSQERQVSYEQYF,LLWNGPMAV,0
CACMDSNYQLIW,CAWRPAMVYEQYF,LLWNGPMAV,0
CAFTEYGNKLVF,CASSEISSGGPFLDTQYF,LLWNGPMAV,0
CAVRDSNYQLIW,CASSQSPGGMQYF,LLWNGPMAV,0
CAAMGNYGQNFVF,CASSCAGGPRDEQYF,LLWNGPMAV,0
CVVSNQAGTALIF,CASSLAGGTEAFF,LLWNGPMAV,0
CLVGDFKNAGKSTF,CASSYSTGQLQHF,LLWNGPMAV,0
CAASKGGGADGLTF,CAWSVSGGDEQYF,LLWNGPMAV,0
CAVNLAGTALIF,CATSGTGVPHYNEQF,LLWNGPMAV,0
CVVSPYYGNNRLAF,CASSLAEEAINEQFF,LLWNGPMAV,0
CAVDYNQGGKLIF,CASSDRTPYEQYF,LLWNGPMAV,0
CAGEGRYNFNKFYF,CSVVAPNHRTDTQYF,LLWNGPMAV,0
CAMSAFVRSEKLTF,CSGGLKADTQYF,LLWNGPMAV,0
CATDPNTGGFKTIF,CASSLAPGQGILNEQFF,LLWNGPMAV,0
CAFSXGNMLTF,CATSRDRLAGGIHEQYF,LLWNGPMAV,0
CAVSDSNYQLIW,CASSIRSSGELFF,LLWNGPMAV,0
CAVLDSNYQLIW,CASSVRSSYEQYF,LLWNGPMAV,0
CAVMDSNYQLIW,CASSVGVAEAFF,LLWNGPMAV,0
CVVRRDDKIIF,CASSSAASNQPQHF,LLWNGPMAV,0
CATDAAGSTLGRLYF,CASSLAPGATNEKLFF,LLWNGPMAV,0
CAVMDSSYKLIF,CASTATFGVTEAFF,LLWNGPMAV,0
CLVGPNDYKLSF,CASSDYSNQPQHF,LLWNGPMAV,0
CSRRAAGNKLTF*,CASSPNRGPPNEKLF,LLWNGPMAV,0
CAVNAAGSQGNLIF,CASGLVPEGLVYEQYF,LLWNGPMAV,0
CAVAPMEYGNKLVF,CASSATGGTDTQYF,LLWNGPMAV,0
CAVAYSGGGADGLTF,CASSGQGGTEAFF,LLWNGPMAV,0
CAVLPILTGGGNKLTF,CASSFGPGYEQYF,LLWNGPMAV,0
CALSEAYNNNDMRF,CASSLRLTLLNEQF,LLWNGPMAV,0
CALPLRNDYKLSF,CASSLFGSPGQPQHF,LLWNGPMAV,0
CALRVMNRDDKIIF,CASSYGGNSPLHF,LLWNGPMAV,0
CAPPRGSNYKLTF,CASSYRQENTEAF,LLWNGPMAV,0
CGSGGGNKLTF,CSGREDSTNEKLFF,LLWNGPMAV,0
CALSEAEINAGNMLTF,CASSLGHFEGNQPQHF,LLWNGPMAV,0
CAMRESISSGSARQLT,CSARDSTGNGYTF,LLWNGPMAV,0
CAERGNAGNMLTF,CSATSGTMDTQYF,LLWNGPMAV,0
CAERDQAGTALIF,CASSPRTLGTEAF,LLWNGPMAV,0
CAVPAEGGYNKLIF,CASSLRGEKNNYGYTF,LLWNGPMAV,0
CIVMSNNNDMRF,CASSYFGGSLSEQYF,LLWNGPMAV,0
CILDNNNDMRF,CASSPRTGGTEAF,LLWNGPMAV,0
CVVSGRYNQGGKLIF,CASSQGQGEINTGELFF,LLWNGPMAV,0
CATDYNTDKLIF,CASSLAVGDSPLHF,LLWNGPMAV,0
CAVKFSGGCNKLIF,CASSPPEGNTQYF,LLWNGPMAV,0
CIVRVYGNKLVF,CASSGGGGANSPLHF,LLWNGPMAV,0
CFLGSYGGATTKLIF,CASSRRSTDTQYF,LLWNGPMAV,0
CALRDRRSNYQLIW,CASSVSGVYNEQFF,LLWNGPMAV,0
CALMDSNYQLIW,CASSQSPGGTQYF,LLWNGPMAV,0
CIVLSNSGYALNF,CASSLGGNTEAFF,LLWNGPMAV,0
CAGMDSNYQLIW,CASTETGYGAFF,LLWNGPMAV,0
CAYGVYKLTF,CSAREGVEGYTF,LLWNGPMAV,0
CADDMNRDDKIIF,CSVEGFRTENNQPQHC,LLWNGPMAV,0
CAYSPGAGGTSYGKLTF,CASSLAVGEDGSPLHF,LLWNGPMAV,0
CALKGNNRLAF,CSVETGPGETQYF,LLWNGPMAV,0
CALSDRASNTGKLIF,CASSVKAGGNEQYF,LLWNGPMAV,0
CVGGRGTDSWGKFQF,CASSGRSGIEQYF,LLWNGPMAV,0
CAVEDNAGNMLTF,CSAFDRVYGYTF,LLWNGPMAV,0
CAVSTGRRALTF,CASGTSGGNEQFF,LLWNGPMAV,0
CAASKRGATNKLIF,CASSVWADPNEAF,LLWNGPMAV,0
CAGGGSQGNLIF,CASRVGPNYEQYF,LLWNGPMAV,0
CALGELPLMDSSYKLIF,CASRGDRGMDGYTF,LLWNGPMAV,0
CIVRVGGNAGNMLTF,CASSLGTGNNEKLF,LLWNGPMAV,0
CAVEDHGGSQGNLIF,CASSLYQNTNTQYF,LLWNGPMAV,0
CAVANFNKFYF,CASSWSGTASYNEQFF,LLWNGPMAV,0
CAATNFNKFYF,CASSLFNQETQYF,LLWNGPMAV,0
CAVRATNAGNMLTF,CASSQGSYGYTF,LLWNGPMAV,0
CAMREGLQTGNQFYF,CASSERASGHDTQYF,LLWNGPMAV,0
CAGGNNAGNMLTF,CASSLSPGYTEAFF,LLWNGPMAV,0
CAVMDSSYKLIF,CASSLAVIRTDTQYF,LLWNGPMAV,0
CAESGTTSGTYKYIF,CASSLSWGGFYNEQF,LLWNGPMAV,0
CILRDPYNTDKLIF,CASSVGPNEQF,LLWNGPMAV,0
CAFIPRAGSNYKLTF,CASSIGIQPQHF,LLWNGPMAV,0
CAVLDSNYQLIW,CASSLTGPGDQPQHF,LLWNGPMAV,0
CAFMKHANVDSNYQLIF,CASSLASGSTEAF,LLWNGPMAV,0
CALSGGGGGNKLTF,CASSPGTGGYGYTF,LLWNGPMAV,0
CAVLDSNYQLIW,CASSIVNEAFF,LLWNGPMAV,0
CVVSGFKTIF,CASRRDLMNTEAF,LLWNGPMAV,0
CVVNSNSGYALNF,CASSLAPLAGGPYEQYF,LLWNGPMAV,0
CAVMDSNYQLIW,CASSLTYEQYF,LLWNGPMAV,0
CAFMKDAGGTSYGKLTF,CSAPDRDTEAF,LLWNGPMAV,0
CILEAGTALIF,CASSWAGTGPTEAF,LLWNGPMAV,0
CALKNQGGKLIF,CASSQGRHTDTQYF,LLWNGPMAV,0
CATDGYSGAGSYQLTF,CSVEGRAAEQFF,LLWNGPMAV,0
CAVNNIRSSASKIIF,CAWSSGAGRDEQFF,LLWNGPMAV,0
CAGGGSQGNLIF,CASSFGVYEQYF,LLWNGPMAV,0
CAVGSPDYKLSF,CASSLNTEAF,LLWNGPMAV,0
CAVDETTDSWGKLQF,CASSVRSTGELFF,LLWNGPMAV,0
CAVMDSSYKLIF,CASSFPKDGSTYEQYF,LLWNGPMAV,0
CALYLYNNNDMRF,CAWSLPASYEQYF,LLWNGPMAV,0
CAVEVGNFNKFYF,CASSLYPLGLRSYEQYF,LLWNGPMAV,0
CAASKTYGQNFVF,CASSLTDTQYF,LLWNGPMAV,0
CLVGDGGFGNVLHC,CSARDRTSGSYEQYF,LLWNGPMAV,0
CAVPGWAGTASKLTF,CASSLSPRVHEQYF,LLWNGPMAV,0
CAPRDNYGQNFVF,CASSYTGTGSQPQHF,LLWNGPMAV,0
CAVMDSNYQLIW,CASSLVGQLETQYF,LLWNGPMAV,0
CAVMDSSYKLIF,CSVDAVLETQYF,LLWNGPMAV,0
CAVSGGKLIF,CASSPPGHLERSYNEQFF,LLWNGPMAV,0
CIVRVDDMRF,CASSESGAAYTGELFF,LLWNGPMAV,0
CAVRDIYSGAGSYQLTF,CASSYGGGYEQYF,LLWNGPMAV,0
CAVRGAQKLVF,CASSRTLNTEAFF,LLWNGPMAV,0
CAEIAGGYNKLIF,CASSYVTGTGSYGYTGF,LLWNGPMAV,0
CAVMDSNYQLIW,CASSQESLAGRGAYNEQFF,LLWNGPMAV,0
CAPRLDTGRRALTF,CASSSVNEQYF,LLWNGPMAV,0
CAVAGVISGTYKYIF,CASSFSETSTDTQYF,LLWNGPMAV,0
CALSAAGGSYIPTF,CASSSRSAIEQFF,LLWNGPMAV,0
CAVRDGDYKLSF,CASSDPYRGEPQHF,LLWNGPMAV,0
CIVRLRRSGGYQKVTF,CASSLSGFGNTIYF,LLWNGPMAV,0
CAYFRLGGATNKLIF,CASSGEQGDGYTF,LLWNGPMAV,0
CAVTAGSARQLTF,CASSSRDGQEQY,LLWNGPMAV,0
CAVKSYNNNDMRF,CASSVDRVADTQYF,LLWNGPMAV,0
CAVGAGTGANNLFF,CASSSAGGFGELF,LLWNGPMAV,0
CAVRDSNYQLIW,CASSQETGATNTEAF,LLWNGPMAV,0
CVVSGRGYQKVTF,CASSSDPGQGVVETQYF,LLWNGPMAV,0
CAVRDISVSGGYQKVTF,CATSDLKVHSGNYGYTF,LLWNGPMAV,0
CAYRRSGAGSYQLTF,CASSSHDLAGVKSEQF,LLWNGPMAV,0
CAVRGSWGKFQF,CASSLPAGLQIGELFF,LLWNGPMAV,0
CAVPVEGGYNKLIF,CASSSAYYGYTF,LLWNGPMAV,0
CAVSASDYKLSF,CASSLSTDTQYF,LLWNGPMAV,0
CAVRDSNYQLIW,CASSLEFLTDRSYEQYF,LLWNGPMAV,0
CAASLTGTASKLTF,CASSFRGEAFF,LLWNGPMAV,0
CAMSPTGGSNYKLTF,CASSIRSSYEQYF,LLWNGPMAV,0
CAAEIGFGNVLHC,CASSLGGSYEQYF,LLWNGPMAV,0
CAGPVHQAGTALIF,CASSSQGLGNYGYTF,LLWNGPMAV,0
CIAGGGAQKLVF,CALGELPIKAAGNKLTF,LLWNGPMAV,0
CVVSDKEWGGGADGLTF,CASSYFGGSLSEQYF,LLWNGPMAV,0
CADYYGQNFVF,CASSYSRQGSHEQYF,LLWNGPMAV,0
CALKLLQGAQKLVF,CSARDLGLAGDTDTQYF,LLWNGPMAV,0
CIVRSKNTGGFKTIF,CASSLEQLVRSETQYF,LLWNGPMAV,0
CAVSSGGGSEKLVF,CASSPFRGGLGYGYTF,LLWNGPMAV,0
CAVKDSNYQLIW,CAWRQGQGFEAFF,LLWNGPMAV,0
CILPLAGGTSYGKLTF,CASSQAPLASGGYTF,LLWNGPMAV,0
CAMGGSARQLTF,CASSPMTDSTDTQYF,LLWNGPMAV,0
CAMSAGTGGFKTIF,CASSPYHTNEQFF,LLWNGPMAV,0
CAVINTGGFKTIF,CASSQSPGGTQYF,LLWNGPMAV,0
CAFRDAGNMLTL,CASSGAGGGSPDTQYF,LLWNGPMAV,0
CAVRDSNYQLIW,CASSFLQVTEAF,LLWNGPMAV,0
CVVSDRGSTLGRLYF,CASARDEQYF,LLWNGPMAV,0
CGTQGTSGSRLTF,CATSRGTGAGEQYF,LLWNGPMAV,0
CAVNADGQKLLF,CSARGQQGAHEQYF,LLWNGPMAV,0
CALSGNTPLVF,CASSEQQGYSGELF,LLWNGPMAV,0
CAETRSRDYKLSF,CATSDQGGTEDEQF,LLWNGPMAV,0
CATDALTSGTYKYIF,CASSLARGLGEGEKLFF,LLWNGPMAV,0
CAAAPNDYKLSF,CSVRGGGDNSPLHF,LLWNGPMAV,0
CAAGGENYGQNFVF,CASSLDRGNTIYF,LLWNGPMAV,0
CAIMDSNYQLIW,CASSLVKLGIALIETQYF,LLWNGPMAV,0
CAVNRANTGNQFYF,CASSLRASPRTEAFF,LLWNGPMAV,0
CAVMDSSYKLIF,CASSNLAETYTQYF,LLWNGPMAV,0
CAVSGYGNMLTF,CASSGAGGWTEAF,LLWNGPMAV,0
CVVGRTVGGNDMRF,CASRWGQLTNYGYF,LLWNGPMAV,0
CVAMDSNYQLIW,CSARDSTGNGYTF,LLWNGPMAV,0
CALWGLYSSASKIIF,CASSLAYSGSWETQYF,LLWNGPMAV,0
CAVMDSNYQLIW,CASSLAPGATNEKLFF,LLWNGPMAV,0
CARMPGGTSYGKLTF,CASSLDPVYRSTEAFF,LLWNGPMAV,0
CAVRDGDYKLSF,CASSSLGPPGEQY,LLWNGPMAV,0
CAMREGTGRRALTF,CSARNRDTYYNEQFF,LLWNGPMAV,0
CAASRGPSSASKIIF,CASSSYLQDRGTGELFF,LLWNGPMAV,0
CAVLDSNYQLIW,CASSLFGATDTQYF,LLWNGPMAV,0
CAFTAAGNKLTF,CASSSANYGYTF,LLWNGPMAV,0
CIVRVGPNNNAGNMLTF,CASSLGGNQPQHF,LLWNGPMAV,0
CAVMDSNYQLIW,CASRPNEGPYEQYF,LLWNGPMAV,0
CAPVNAGNMLTF,CASSLGGEQFF,LLWNGPMAV,0
CATLGDNDMRF,CASSLAGTPTDTQYF,LLWNGPMAV,0
CAMKDNDMRF,CASNSGGAYNEQFF,LLWNGPMAV,0
CAMREVFNDYKLSF,CASSRDRHNQPQHF,LLWNGPMAV,0
CALRGGYSTLTF,CASSLGGYEQYF,LLWNGPMAV,0
CAGIPDAGGTSYGKLTF,CASSQDRLDYGYTF,LLWNGPMAV,0
CAVRDRGRDDKIIF,CASTGGGYGYTF,LLWNGPMAV,0
CAVNSDGQKLLF,CASSLIGEGTTEDEQFF,LLWNGPMAV,0
CAGGNNARLMF,CATSDLGAGTSGTGELF,LLWNGPMAV,0
CAASKEGGADGLTF,CAWSGPAGLLQYF,LLWNGPMAV,0
CAVTPSNTGKLIF,CASSLESFATDTQYF,LLWNGPMAV,0
CAYRSLVRNNNNDMRF,CASSLNRDHNQPQHF,LLWNGPMAV,0
CAVRDSNYQLIW,CASSASGGAGNEQFF,LLWNGPMAV,0
CALFTGGGNKLTF,CASYVGLNTEAFF,LLWNGPMAV,0
CASMDSNYQLIW,CASSYLREYEQF,LLWNGPMAV,0
CAVRDSNYQLIW,CASSLDGGNTGELF,LLWNGPMAV,0
CAGAGGGSEGNLIF,CASSSGTSGVGEQFF,LLWNGPMAV,0
CAISMDTGRRALTF,CASSPDRAITEAFF,LLWNGPMAV,0
CAYRRPLLFSSGSARQLTF,CASSSSGGAGDTQYF,LLWNGPMAV,0
CAAQGSQGNLIF,CSVVSPTDYGYTF,LLWNGPMAV,0
CAYRSVPDMRF,CASSLGGPFNEQFF,LLWNGPMAV,0
CAAIPDTGNQFYF,CASSYTGLAKNNEQFF,LLWNGPMAV,0
CAGQLAGGSQGNLIF,CASSVAGGAYEQYF,LLWNGPMAV,0
CATDDYGQNFVF,CSAYPGPNYGEQYF,LLWNGPMAV,0
CAMRDPRSKIIF,CASSSLGTGGSRETQYF,LLWNGPMAV,0
CVVSDRGSTLGRLYF,CASSQDGTGGSPLHF,LLWNGPMAV,0
CAGNQGAQKLVF,CASSLEGYTEAFF,LLWNGPMAV,0
CIVRVEGTGGGNKLTF,CASSLTDTQYF,LLWNGPMAV,0
CAVSYGGSQGNLIF,CASSAGDRTYEQYF,LLWNGPMAV,0
CAVISTGKSTF,CASSSVNEQYF,LLWNGPMAV,0
CVVSLDTGRRALTF,CASSLGRDPDTQYF,LLWNGPMAV,0
CAVRDSNYQLIW,CASSWTGDSNQPQHF,LLWNGPMAV,0
CAVRDRDYKLSF,CASSSGGSSYNEQF,LLWNGPMAV,0
CAVRVVPLSGGYNKLIF,CATQGPGGGQKTQYF,LLWNGPMAV,0
CAGPSKAAGNKLTF,CASSLVGGPADTQYF,LLWNGPMAV,0
CAVGEYNFNKFYF,CASSTGNYGYTF,LLWNGPMAV,0
CAVSIGFGNVLHC,CASSIGLYGYTF,LLWNGPMAV,0
CAVVGNRDDKIIF,CASSPRASGGDEQFF,LLWNGPMAV,0
CVVSDRGSTLGRLYF,CASSSSSGDEQYF,LLWNGPMAV,0
CAVEGGSEKLVF,CASSLNTEAFF,LLWNGPMAV,0
CAVGNTGTASKLTF,CAWSHSGGYEQYF,LLWNGPMAV,0
CAVSGYSTLTF,CATTLGLAGDEQYF,LLWNGPMAV,0
CAAKDDKIIF,CASSVEGTGVSPLHF,LLWNGPMAV,0
CAVHTPYGQNFVF,CASSYGGGSPQYF,LLWNGPMAV,0
CASRSNFGNEKLTF,CSARDRTGNGYTF,LLWNGPMAV,0
CAVQSSYSSASKIIF,CASSLRAGEVEQFF,LLWNGPMAV,0
CAVRDSNYQLIW,CASSLETGVATEAFF,LLWNGPMAV,0
CAGNNARLMF,CASSLRSAYEQYF,LLWNGPMAV,0
CAGQLTGTASKLTF,CASSLTDPYEQYS,LLWNGPMAV,0
CAASIXNNDMRF,CASSPQTPSLSGNTIYF,LLWNGPMAV,0
CAVRTSYDKVIF,CASSVGQAAEAF,LLWNGPMAV,0
CAVSGGNQFYF,CASSSSQADEQYF,LLWNGPMAV,0
CAVNGATDSWGKLQF,CASSLTDTQYF,LLWNGPMAV,0
CATDGGGANSKLTF,CASSRLTSGGSDTQYF,LLWNGPMAV,0
CAVEDSNYQLIW,CASSEWARGSGELFF,LLWNGPMAV,0
CGTYNQGGKLIF,CASRAGTSGTGELFF,LLWNGPMAV,0
CVVSDRGSTLGRLYF,CASSSLGTRSPLHF,LLWNGPMAV,0
CAFMKHSGGGADGLTF,CASSQGLAGTENEQFF,LLWNGPMAV,0
CAVKWGRDSSYKLIF,CASSSSYEQYF,LLWNGPMAV,0
CARRNADNMLTF,CASSQWPGHQPQHF,LLWNGPMAV,0
CAGPLGGGSQGNLIF,CASSLTGGAGTEAFF,LLWNGPMAV,0
CAYRSAYGNKLVF,CASSLGTILHF,LLWNGPMAV,0
CILDNNNDMRF,CASSLGVRPDTQYF,LLWNGPMAV,0
CAVMDSNYQLIW,CAISESYEQYF,LLWNGPMAV,0
CAYRSASDRTSGSRLTF,CSVVAGGADTQYF,LLWNGPMAV,0
CVVSAPPGVTGGGNKLTF,CASGLGSSPMFNEQF,LLWNGPMAV,0
CAARRAGKSTF,CASSLVGQLDEQYF,LLWNGPMAV,0
CAVSVATGRRALTF,CSAWWGAEQYF,LLWNGPMAV,0
CAVNLRLTF,CASSLGQGGSYEQYF,LLWNGPMAV,0
CAFNWITSYDKVIF,CASSRRDYRCETQYF,LLWNGPMAV,0
CAVSAVMDSSYKLIF,CASSNLPGTVEAFF,LLWNGPMAV,0
CASMDSNYQLIW,CASRLIGGGTEAF,LLWNGPMAV,0
CAASPTSNTGKLIF,CASSLSSGDYYGYTF,LLWNGPMAV,0
CILDNNNDMRF,CSARDGTGNGYTF,LLWNGPMAV,0
CAVKDSTLTF,CASSIAPTDTQYF,LLWNGPMAV,0
CAVQIPGGGSNYKLTF,CASSLASETQYF,LLWNGPMAV,0
CALSGPNYGQNFVF,CASSRRDSNTEAFF,LLWNGPMAV,0
CAASRGGSQGNLIF,CASSPWTGIPDNSPLHF,LLWNGPMAV,0
CADGPDYKLSF,CASSVAGGDEQF,LLWNGPMAV,0
CAVLDSNYQLIW,CASSLQGLGQPQHF,LLWNGPMAV,0
CAVNTDKLIF,CASSLVTEAFF,LLWNGPMAV,0
CAVMDSNYQLIW,CASSLNTEAF,LLWNGPMAV,0
CAVNRLVF,CASRYQGLGQPQHF,LLWNGPMAV,0
CAFKAAGNKLTF*,CASSTTRESGSPLHF,LLWNGPMAV,0
CAFRTAGNKLTF,CASSYYSSNYGYTF,LLWNGPMAV,0
CVVSDRGSTLGRLYF,CASRRQGRDNEQF,LLWNGPMAV,0
CAEIYSGAGSYQLTF,CASSLERSRRPYEAFF,LLWNGPMAV,0
CAVSGSYNTDKLIF,CASRIQETQYF,LLWNGPMAV,0
CAEGDRNKLVF,CASSPSGSGTGTYEQYF,LLWNGPMAV,0
CAGNDYKLSF,CASSLQTGATFNYGYTF,LLWNGPMAV,0
CAGQTDSWGKLQF,CASILGLTTYNEQFF,LLWNGPMAV,0
CAVRAYNTDKLIF,CSARDGKGNGYTF,LLWNGPMAV,0
CAEDNNARLMF,CASSLVAGGGETQYF,LLWNGPMAV,0
CAVRDSNYQLIW,CAIGEGTEAF,LLWNGPMAV,0
CALSSPTYNNNDMRF,CASSYLDGSTNSPLHF,LLWNGPMAV,0
CAVSSGAGSYQLTF,CASSTINTNSPLHF,LLWNGPMAV,0
CAMREGTGGFKTIF,CASSPWRGPFQETQYF,LLWNGPMAV,0
CAGGRTGGTSYGKLTF,CASSLAPGATNEKLF,LLWNGPMAV,0
CIAHGGGGADGLTF,CASSIRSSYEQYF,LLWNGPMAV,0
CAGQLLPTSGTYKYIF,CASSPGTGTYNEQFF,LLWNGPMAV,0
CVVNGNTGGFKTIF,CASSSVNEQYF,LLWNGPMAV,0
CAVADSNYQLIW,CASSLGQSANYGYTF,LLWNGPMAV,0
CVVSGGNSGNTPLVF,CASSASGKGVTGELFF,LLWNGPMAV,0
CAGPTGGSYIPTF,CSVEDRRGPFYGYTF,LLWNGPMAV,0
CLVGPDTGRRALTF,CASSQGEGYEQYF,LLWNGPMAV,0
CAASRTYKYIF,CSVEREGGYTF,LLWNGPMAV,0
CAGVDSNYQLIW,CASSLAPGATNEKLFF,LLWNGPMAV,0
CAVSDTGTYKYIF,CASSQDGAGGITDTQYF,LLWNGPMAV,0
CALSNVAGGTSYGKLTF,CASSMRSGNTIYF,LLWNGPMAV,0
CAVSDTGFQKLVF,CSATPRYRGYEQYF,LLWNGPMAV,0
CALAGWEYGNKLVF,CASSLLAPRGNEQFF,LLWNGPMAV,0
CAVSVDRGSTLGRLYF,CSVTGTGLFDEQYF,LLWNGPMAV,0
CIVRVAPGIQGAQKLVF,CASSQAGLAAYNEQF,LLWNGPMAV,0
CLVARFSGGYNKLIF,CASRTIDSSYNEQFF,LLWNGPMAV,0
CAGQTGNTGKLIF,CASSFDAGMNTEAFF,LLWNGPMAV,0
CAAFRNNNARLMF,CASSETGATNYGYTGF,LLWNGPMAV,0
CAVSVSGNTGKLIF,CASSFLGDEQFF,LLWNGPMAV,0
CAVSEGLAGGTSYGKLTF,CASSLLAGGMDEQFF,LLWNGPMAV,0
CALSASSGSARQLTF,CASSIPGAGVGEQFF,LLWNGPMAV,0
CAFMKLMNRDDKIIF,CASSPPSGADTQYF,LLWNGPMAV,0
CAVSDEVIF,CASQSSGRYNEQFF,LLWNGPMAV,0
CAVRDSNYQLIW,CASGQSPGGTQYF,LLWNGPMAV,0
CAVMDSNYQLIW,CASSLDDGANYGYTF,LLWNGPMAV,0
CAGNYGGSQGNLIF,CASSLETSGWGQYF,LLWNGPMAV,0
CALSVTGTASKLTF,CASSLGAYNSPLHF,LLWNGPMAV,0
CAVRDSNYQLIW,CASSGDTDTQYF,LLWNGPMAV,0
CAMRESGSEKLVF,CASSLMTGRETQYF,LLWNGPMAV,0
CAVLDSNYQLIW,CASSLSWGYEQYF,LLWNGPMAV,0
CAVKDSNYQLIW,CASSFYGYSNQPQHF,LLWNGPMAV,0
CLVALNTGGFKTIF,CASSPGQTNYGYT,LLWNGPMAV,0
CVVSDRGSTLGRLYF,CASSLGPGPGGYTF,LLWNGPMAV,0
CAAPRDYGQNFVF,CSGGALGQDFGGYTF,LLWNGPMAV,0
CAVKNAWSGGSNYKLTF,CASSPPGLGEQYF,LLWNGPMAV,0
CAVRDSNYQLIW,CSARDRTGNGYTF,LLWNGPMAV,0
CAASSYTDKLIF,CASSQDPGGTDTQYF,LLWNGPMAV,0
CVVRGGYNKLIF,CASSRDSSYEQYF,LLWNGPMAV,0
CAVRDTGNTGKLIF,CASELSGNTIYF,LLWNGPMAV,0
CAVRDGDYKLSF,CASSLVRNYEQYF,LLWNGPMAV,0
CVVNYGGGSQGNLIF,CASSGAAGTSAYNEQFF,LLWNGPMAV,0
CAGAGSQGNLIF,CASSYFGGSLSEQYF,LLWNGPMAV,0
CAVNKPGFGNEKLTF,CASSLMGLAGVPGELF,LLWNGPMAV,0
CAAIRGGGSYIPTF,CASSEWAGGGTDTQYF,LLWNGPMAV,0
CAEGDSWGKLQF,CASSLSTDTQYF,LLWNGPMAV,0
CALSGPGANNLFF,CSATSRRGGREQYF,LLWNGPMAV,0
CAASKGGGSRLTF,CSAREGLAGVLYEQYF,LLWNGPMAV,0
CATRGSNYKLTF,CASREGSYNEQFF,LLWNGPMAV,0
CLVGDIQAGKSTF,CSVRTGLTIEAFF,LLWNGPMAV,0
VQGGSEKLVF,CASSQVAGANTGELFF,LLWNGPMAV,0
CASMDSNYQLIW,CASSYSTGGTDTQYF,LLWNGPMAV,0
CAPYTGGGNKLTF,CSATGQNYEQYF,LLWNGPMAV,0
CAVVDSNYQLIW,CASSYGDLYTGELF,LLWNGPMAV,0
CVVAHWGSQGNLIF,CASSSNRAGELFF,LLWNGPMAV,0
CAFMTYSGTYKYIF,CASSSSGDNQPQHF,LLWNGPMAV,0
CALYGGSQGNLIF,CASSAYNEQFF,LLWNGPMAV,0
CAVPSGGSYIPTF,CSARNPGSGYTF,LLWNGPMAV,0
CAYGANNLFF,CASRTDRTTNYGYTF,LLWNGPMAV,0
CALSEATQGGSEKLVF,CASTLNWGYALEAFF,LLWNGPMAV,0
CAMREGTGRRALTF,CASSIYSGGYNEQFF,LLWNGPMAV,0
CAVRDQGSGNTGKLIF,CSATEARSSYEQYF,LLWNGPMAV,0
CALNYNNDMRF,CASSPQTDTDTQYF,LLWNGPMAV,0
CAYRRQYGNKLVF,CASSSGHYTDTQYF,LLWNGPMAV,0
CAYRDYNTDKLIF,CASSQDTKGANTEAFF,LLWNGPMAV,0
CAVGSLTTDSWGKLQF,CASSLSYEQYF,LLWNGPMAV,0
CAASALGNTPLVF,CSALYYEQYF,LLWNGPMAV,0
CVVSDRGSTLGRLYF,CASSIRSTDTQYF,LLWNGPMAV,0
CAVGAKEYGNKLVF,CASSPVPGLAVLEQYF,LLWNGPMAV,0
CAGGGSQGNLIF,CSAPSLLNTEAF,LLWNGPMAV,0
CARENQGGKLIF,CASSPLRGPADRTGTEAFF,LLWNGPMAV,0
CAGQGNTNAGKSTF,CASSLGRGNEQFF,LLWNGPMAV,0
CAVNSDKLIF,CASSQGSYGYTF,LLWNGPMAV,0
CALTINNDMRF,CASSLGPNTEAF,LLWNGPMAV,0
CIVRAGTYSNYQLIW,CASTHAGRPYEQFF,LLWNGPMAV,0
CVVSLQTGANNLFF,CSAREEGTQAWETQYF,LLWNGPMAV,0
CAVSDSNYQLIW,CASSWWLNTEAFF,LLWNGPMAV,0
CAGLGDSGGSNYKLTF,CASSDLIETQYF,LLWNGPMAV,0
CALSGVWGNKLVF,CASSEASGGADTQYF,LLWNGPMAV,0
CAVGNSGGYQKVTF,CASEPSGMTYNEQFF,LLWNGPMAV,0
CAASRGYGNNRLAF,CASSLEALGGATDTQYF,LLWNGPMAV,0
CAPYGGATNKLIF,CASSQDRMDRAGEQYF,LLWNGPMAV,0
CAVQNAGGTSYGKLTF,CASSKHQEGRTQPHHF,LLWNGPMAV,0
CVPGARQLTF,CASSLTDTQYF,LLWNGPMAV,0
CAGYRGSTLGRLYF,CASSLGTDYEQYF,LLWNGPMAV,0
CALDILTGGGNKLTF,CASSHRASGGDTQYF,LLWNGPMAV,0
CATDPNTGGFKTIF,CASSLGVGGETQYF,LLWNGPMAV,0
CGTLVDSGGGADGLTF,CASSIDRGTVYGYTF,LLWNGPMAV,0
CATDASDSWGKLQF,CASSKLASGDEQFF,LLWNGPMAV,0
CAARRGTASKLTF,CSVEDAGGTYEQYF,LLWNGPMAV,0
CALPLRNDYKLSF,CASMTGL,LLWNGPMAV,0
CAVMDSNYQLIW,CASSFRGQNTEAF,LLWNGPMAV,0
CAVRSSGTYKYIF,CASSFNGPNTEAF,LLWNGPMAV,0
CLVASLGSARQLTF,CASSLGSTSYEQYF,LLWNGPMAV,0
CAMREVPRGASKLTF,CASSQVSGGAFSTDTQYF,LLWNGPMAV,0
CAMRTNTGNQFYF,CASSFGTDQPQHF,LLWNGPMAV,0
CALTLNQGAQKLVF,CASSQGTSRDRNQPQHF,LLWNGPMAV,0
CAASKGSNYQLIW,CASSLDHLAGVNNEQF,LLWNGPMAV,0
CAVTGDDKIIF,CASSPLRGPADRTGTEAFF,LLWNGPMAV,0
CALSEPNTGNQFYF,CASSEGTSTFREQFF,LLWNGPMAV,0
CAVRTYNYGQNFVF,CASSFTSRGTGELFF,LLWNGPMAV,0
CIVRPRTGGTSYGKLTF,CASSLEGTGLTDTQYF,LLWNGPMAV,0
CAVRSPGGGYNKLIF,CASSPGTISYEQYF,LLWNGPMAV,0
CALGELSGTGGFKTIF,CSVTGYGYTF,LLWNGPMAV,0
CALKAAGNKLTF,CASSPSGGSYGYTF,LLWNGPMAV,0
CAGASPGGSNYKLTF,CAWSVSVYYGYTF,LLWNGPMAV,0
CALSGVGGQFYF,CASSLAPGATNEKLFF,LLWNGPMAV,0
CAHKGAGNKLTF,CASSELTSGGDEQFF,LLWNGPMAV,0
CVVRKSSGDKLTF,CASSYATGIPDTQYF,LLWNGPMAV,0
CAPIQGGSEKLVF,CASSFATTKNIQYF,LLWNGPMAV,0
CAVRVLYNFNKFYF,CASSLGGGMVGYTF,LLWNGPMAV,0
CAVSDSNYQLIW,CVGRKGRDGYPF,LLWNGPMAV,0
CAAMDSNYQLIW,CASSLVLGLAQGYNEQFF,LLWNGPMAV,0
CAMREQEDSNYQLIW,CASSNRASEKLFF,LLWNGPMAV,0
CAGASSNTGKLIF,CASSYRANTEAFF,LLWNGPMAV,0
CATDLYGNNRLAF,CSVPSDMSKKTQYF,LLWNGPMAV,0
CAVSDVTSGSARQLTF,CASSMFVGQPQHF,LLWNGPMAV,0
CALSVSGNSGGYQKVTF,CASSQRGADTEAF,LLWNGPMAV,0
CAGQGGNQFYF,CSARDGNREWLHF,LLWNGPMAV,0
CAAPYSGGGADGLTF,CASSLGAGSYEQYF,LLWNGPMAV,0
CAVREGSGGSYIPTF,CASSLGTGVVEQYF,LLWNGPMAV,0
CALSVGTGGFKTIF,CASSLAPGATNEKLFF,LLWNGPMAV,0
CAVSSDKIIF,CASSLGPNTEAF,LLWNGPMAV,0
CAVRDGDYKLSF,CALTGGDYGYTF,LLWNGPMAV,0
CALDGVRSASKIIF,CASTAGQTTNFNEQF,LLWNGPMAV,0
CAVRDGGATNKLIF,CASSSPNTEAF,LLWNGPMAV,0
CAFLDSNYQLIW,CASSLAGADGYTF,LLWNGPMAV,0
CAYRENNDMRF,CASSASDYGYTF,LLWNGPMAV,0
CAVNADGQKLLF,CSARDRVGNTIYF,LLWNGPMAV,0
CAVGGLSGANSKLTF,CASRGTGGQPQHF,LLWNGPMAV,0
CILRDGNGANNLFF,CASSLAVRGLSGDPF,LLWNGPMAV,0
CAGLGDSGGSNYKLTF,CSVIGDWNTEAF,LLWNGPMAV,0
CALIHNYGQNFVF,CASTPSPSRPPLF,LLWNGPMAV,0
CAVAPGSGGYQKVTF,CASSLVPAFYGYTF,LLWNGPMAV,0
CAASIRNNDMRF,CASSPALTGGLIEQYF,LLWNGPMAV,0
CIVRGLTDFNKFYF,CASSFSTGYADGYTF,LLWNGPMAV,0
CAVSDIGSSNTGKLIF,CASSFGSYNEQFF,LLWNGPMAV,0
CAVSGAGSYQLTF,CASSYLNTIYF,LLWNGPMAV,0
CAVSVDKIIF,CSAELQETQYF,LLWNGPMAV,0
CAXGGCNDMRF,CASGLRGPYERNF,LLWNGPMAV,0
CAWGGYQKVTF,CATDHGGTDEAFF,LLWNGPMAV,0
CAVRDSNYQLIW,CASSGQGGYT,LLWNGPMAV,0
CVVSDRGSTLGRLYF,CASSLTDTQYF,LLWNGPMAV,0
CAVVYGNQFYF,CSATPSGPNTGELFF,LLWNGPMAV,0
CVVSGGNSGNTPLVF,CASSGQGAYGYTF,LLWNGPMAV,0
CALRGGGSQGNLIF,CASSLGGLGQPQHF,LLWNGPMAV,0
CAAKRRGNNNDMRF,CASSWSGGGARDTQYF,LLWNGPMAV,0
CVVSDRGSTLGRLYF,CASSYGQGTGELF,LLWNGPMAV,0
CAASINSGNTPLVF,CASSYFGGSLSEQYF,LLWNGPMAV,0
CVVNNYGQNFVF,CASSEEPHEKLF,LLWNGPMAV,0
CAVGAQRGGATNKLIF,CAIRLYQGGYYTF,LLWNGPMAV,0
CAVNVYNQGGKLIF,CASSLRQKETQYF,LLWNGPMAV,0
CAGAGANNLFF,CASSIRSSYEQYF,LLWNGPMAV,0
CAVMDSNYQLIW,CASSFGQGQPQHF,LLWNGPMAV,0
CAVRASYGNNRLAF,CASSARTSGSDEQYF,LLWNGPMAV,0
CAGMDSNYQLIW,CASSDDRRAFF,LLWNGPMAV,0
CAVQVLYGGSQGNLIF,CSVTGERGTDTQYF,LLWNGPMAV,0
CAVTPGSNYKLTF,CASSGLSTTDTQYF,LLWNGPMAV,0
CIVRDQNNDMRF,CASSQGRVAAPEAF,LLWNGPMAV,0
CAEFLSNDYKLSF,CASSPRAGTGNSPLHF,LLWNGPMAV,0
CAVTVDDMRF,CSVPSRGYAGELFF,LLWNGPMAV,0
CAVTAGGTSYGKLTF,CASSLDSLAGNEQFF,LLWNGPMAV,0
CVVSDGNTGFQKLVF,CASSLKIGELFF,LLWNGPMAV,0
CALSEEADNNDMRF,CASSSGSFYEQYF,LLWNGPMAV,0
CASSNDYKLSF,CSARDRVGNTIYF,LLWNGPMAV,0
CAAQGMRF,CASSLSPTSGLSYEQYF,LLWNGPMAV,0
CAFMSNAGGTSYGKLTF,CASSPSYEQYF,LLWNGPMAV,0
CVVGPGANNLFF,CASSVGTGYEQYF,LLWNGPMAV,0
CIVGTNSGGSNYKLTF,CASSELASGINEQFF,LLWNGPMAV,0
CAFMDSNYQLIW,CSARDWGDGGTGELFF,LLWNGPMAV,0
CAAMDSNYQLIW,CASSRPLNQPQHF,LLWNGPMAV,0
CAVMDSNYQLIW,CASSLLPKVQPQHF,LLWNGPMAV,0
CAVNAGGGSQGNLIF,CSARGWVSNNRETQYF,LLWNGPMAV,0
CAVKSNYQLIW,CASSQAGQGNSPLHF,LLWNGPMAV,0
CAVNRGTGRRALTF,CASSPGASGVYEQYF,LLWNGPMAV,0
CAASDRGGGADGLTF,CASSQDIWGSTDTQYF,LLWNGPMAV,0
CAARAFGNEKLTF,CASNSPGQSYYEQYF,LLWNGPMAV,0
CAGGGSQGNLIF,CASSPPEEDTQYF,LLWNGPMAV,0
CILCGGTSYGKLTF,CASSQDSPGAYEQYF,LLWNGPMAV,0
CALQTGANNLFF,CAISETGGGQPQHF,LLWNGPMAV,0
CAVRDLNARLMF,CASSPITNTGELFF,LLWNGPMAV,0
CAVSGANNLFF,CASSLTSAAGELF,LLWNGPMAV,0
CALSEAGTGGSYIPTF,CASSPEGTGSYEQYF,LLWNGPMAV,0
CAGGGSQGNLIF,CASSPTSSTTSYEQYF,LLWNGPMAV,0
CAVRDSNYQLIW,CASSESEQGYTGELF,LLWNGPMAV,0
CAVSEQGAQKLVF,CSVEGFRTENNQPQHL,LLWNGPMAV,0
CILDNNNDMRF,CASSWTGANYGYTF,LLWNGPMAV,0
CILDNNNDMRF,CSARDSLAGAYEQYF,LLWNGPMAV,0
CAGRDGGSQGNLIF,CASSPGTGGTDTQYF,LLWNGPMAV,0
CAASKGSWGKLQF,CASSIRSAYEQYF,LLWNGPMAV,0
CAVGAWDSGGSNYKLTF,CASSQDGVYSNQPQHF,LLWNGPMAV,0
CILDNNNDMRF,CASSIISVDGYTF,LLWNGPMAV,0
CVGKDSNYQLIW,CSVEVRFQGAYGYTF,LLWNGPMAV,0
CAVRYYFGNEKLTF,CASSYPTGGDQPQHF,LLWNGPMAV,0
CATDAVSGTGGTSYGKLTF,CASSWETETEAFF,LLWNGPMAV,0
CVVSDRGSTLGRLYF,CASSLLTGHEQF,LLWNGPMAV,0
CAVSPLDGYNKLIF,CASSLIRPPDTQYF,LLWNGPMAV,0
CAMTPPGGSQGNLIF,CASSQQVNEQF,LLWNGPMAV,0
CAVTGSLASGGSYIPTF,CASSQGFTSSYEQYF,LLWNGPMAV,0
CALSGIKAAGNKLTF,CASSVGEGFDIQYF,LLWNGPMAV,0
CAVVDSNYQLIW,CASSESGRGDTQYF,LLWNGPMAV,0
CAVNSGGYQKVTF,CAPLKGSSYEQYF,LLWNGPMAV,0
CALRDRQGAQKLVF,CAWSRGAAEQFF,LLWNGPMAV,0
CIVRVLFNKFYF,CASSPRDFSPTDTQYf,LLWNGPMAV,0
CVVSDRGSTLGRLYF,CSASSPDREADGYTF,LLWNGPMAV,0
CAVSGNGGGTSYGKLTF,CASSLFTGGSGNTIYF,LLWNGPMAV,0
CAVANYGNNRLAF,CSARREANYGYTF,LLWNGPMAV,0
CALNGGTSYGKLTF,CASSMFVGQPQHF,LLWNGPMAV,0
CVVNVGGSQGNLIF,CASSPEGRAGLYNEQFF,LLWNGPMAV,0
CAAMDSNYQLIW,CASSLKEAGFPYEQYF,LLWNGPMAV,0
CATGFSGAGSYQLTF,CASRLAGGGGEQFF,LLWNGPMAV,0
CAAVKAAGNKLTF,CASSLGVGSDTQYF,LLWNGPMAV,0
CVVSLHTGGFKTIF,CASSFEEGLLLNEKLFF,LLWNGPMAV,0
CAESPNSGYALNF,CASSYFGGSLSEQYF,LLWNGPMAV,0
CAATVGSARQLTF,CASSPARNTEAFF,LLWNGPMAV,0
CAVSKGAHTDKLIF,CASSSANYGYTF,LLWNGPMAV,0
CAVTRTGYALNF,CASSGSSTGMNTGELFF,LLWNGPMAV,0
CALSEVRSRGSTLGRLYF,CASSALASGGDEQFF,LLWNGPMAV,0
CAAVASKIIF,CSVEGPAGGPYEQYF,LLWNGPMAV,0
CAAINRDDKIIF,CASSGGTADTQYF,LLWNGPMAV,0
CAAENPARQLTF,CATSTFAGELFF,LLWNGPMAV,0
CALGNAGNMLTF,CSAEDPGAPPDTQYF,LLWNGPMAV,0
CALTPTGGGNKLTF,CASSPGQGETQYF,LLWNGPMAV,0
CAVAPFQGAQKLVF,CASSQDWGNEQFF,LLWNGPMAV,0
CADPARDTGRRALTF,CASSLAGQPNNEQF,LLWNGPMAV,0
CAGQPPNFGNEKLTF,CASSLGPNRGAEQYF,LLWNGPMAV,0
CAVTDSNYQLIW,CASAMTGEGYGYTF,LLWNGPMAV,0
CAVRDGDYKLSF,CASSDIYEQYF,LLWNGPMAV,0
CAYRSAYGNKLVF,CASSIRSSYEQYF,LLWNGPMAV,0
CAVRSNTDKLIF,CASSSSRTGFIYNEQFF,LLWNGPMAV,0
CALNTDKLIF,CASTPGTVLPDTQYF,LLWNGPMAV,0
CAVIDSNYQLIW,CSVGAGGTNEKLFF,LLWNGPMAV,0
CAVKGNTPLVF,CASSSVNEQYF,LLWNGPMAV,0
CAANPSGNTPLVF,CASSLSPLNEQFF,LLWNGPMAV,0
CAASKGGGADGLTF,CASSSGQGYEQYF,LLWNGPMAV,0
CAMREFMESNYQLIW,CSVSLGPAGPPF,LLWNGPMAV,0
CAMRDLNSGYSTLTF,CASSIRSSYEQYF,LLWNGPMAV,0
CATMDSNYQLIW,CASSGRSTDTQYF,LLWNGPMAV,0
CAVRDGHYQLIW,CASSLVANEQF,LLWNGPMAV,0
CAMREGGRTGGSYIPTF,CASSIRSTDTQYF,LLWNGPMAV,0
CAECGGNNDMRF,CASSIMGLAGGYNEQFF,LLWNGPMAV,0
CAAMDSNYQLIW,CATSRDGAISGRLYF,LLWNGPMAV,0
CAEKNTDKLIF,CASSQAGEQYF,LLWNGPMAV,0
CALSESGDYKLSF,CASSPRQGKEQF,LLWNGPMAV,0
CAGANNLFF,CASSLGGNQPQHF,LLWNGPMAV,0
CAVRTTDSWGKLQF,CASSFEETQYF,LLWNGPMAV,0
CAVDRDSSYKLIF,CASSTGTSNTGELF,LLWNGPMAV,0
CAVMDSNYQLIW,CASSLFGRGNEQFF,LLWNGPMAV,0
CAAMDSNYQLIW,CASSLDSYNEQFF,LLWNGPMAV,0
CAVTDDKIIF,CSVVPPSSYEQYF,LLWNGPMAV,0
CVVSDRGSTLGRLYF,CSALPGIYNEQFF,LLWNGPMAV,0
CAVRDGDYKLSF,CASSSSSGRTTDTQYF,LLWNGPMAV,0
CAMRESVSGYNKLI,CASRLWFWALEAF,LLWNGPMAV,0
CAVIYNFNKFYF,CASLPGTGTEAF,LLWNGPMAV,0
CAGRTPDGGSQGNLIF,CASSLTTGTGSYGYTF,LLWNGPMAV,0
CAASREFNDMRF,CASSSRARGNQPQHF,LLWNGPMAV,0
CAVTDSNYQLIW,CASSQNIEQF,LLWNGPMAV,0
CAGAYGGSQGNLIF,CASSQTVAYEQYF,LLWNGPMAV,0
CARYGGAANKLIF,CSAIPQGTPYNEQFF,LLWNGPMAV,0
CASALNNAGNMLTF,CASSVF,LLWNGPMAV,0
CVVSDRGSTLGRLYF,CASSQGGVGQPQHF,LLWNGPMAV,0
CAMMGGNTGKLIF,CSARIPTSGGPETQYF,LLWNGPMAV,0
CALSDQLTGANNLFF,CASSLYSATGELF,LLWNGPMAV,0
CAFMAWNTGNQFYF,CASSFSDTNSPLHF,LLWNGPMAV,0
CILRPAGNMLTF,CASSDLAVSYNEQFF,LLWNGPMAV,0
CAAISYNTDKLIF,CASSYRGVEQYF,LLWNGPMAV,0
CAASESGGSNYKLTF,CASSTGNYGYTF,LLWNGPMAV,0
CILSNNNDMRF,CASSQRDGPYEQYF,LLWNGPMAV,0
CAVEDQGSGYALNF,CASSGFSNQPQHF,LLWNGPMAV,0
CAASAIGGADGLTF,CASSLAPGATNEKLFF,LLWNGPMAV,0
CALSEVRSRGSTLGRLYF,CASSDNDWRLQYF,LLWNGPMAV,0
CVVSDRGSTLGRLYF,CASSSPRESTDTQYF,LLWNGPMAV,0
CAVKDSNYQLIW,CASSLVDSGLYEQYF,LLWNGPMAV,0
CAEIPNYGGSQGNLIF,CASSVRSTDTQYF,LLWNGPMAV,0
CAQLQTSGSRLTF,CASSSQTGQMSF,LLWNGPMAV,0
CARTYNQGGKLIF,CASSRPTGNTEAFF,LLWNGPMAV,0
CAMRGIIQGAQKLVF,CASVPYGYEQYF,LLWNGPMAV,0
CAATDNARLMF,CATALRLGELFF,LLWNGPMAV,0
CAVMDSNYQLIW,CSARHPGVSTDTQYF,LLWNGPMAV,0
CGADPEGDDKIIF,CSVGTGGTNEKLF,LLWNGPMAV,0
CAFSRYSTLTF,CATSRVPSSYNEQFF,LLWNGPMAV,0
CALRFNSSYKLIF,CASSLAPGATNEKLFF,LLWNGPMAV,0
CAVMDSSYKLIF,CASSQLAGVVTQYF,LLWNGPMAV,0
CAVMDSNYQLIW,CASSSANYGYTF,LLWNGPMAV,0
CAMQDSNYQLIW,CASSSRTDLLTQYF,LLWNGPMAV,0
CVVSDRGSTLGRLYF,CASSSFGTDTQYF,LLWNGPMAV,0
CAVEDHNARLMF,CASSALASGGDEQFF,LLWNGPMAV,0
CGGNKLVF,CASSLAPGATNEKLFF,LLWNGPMAV,0
CAVDSPEDFGNEKLTF,CASSLFSIGEQFF,LLWNGPMAV,0
CIVRGTGNQFYF,CASSETGGTYEQYF,LLWNGPMAV,0
CAVNNSNYQLIW,RASSPPGETQYF,LLWNGPMAV,0
CVVSRRTTGANNLFF,CASSESFPASGGSTDTQYF,LLWNGPMAV,0
CALSEAPGAAGNKLTF,CASSPRQGPVEKLFF,LLWNGPMAV,0
CAARLNNARLMF,CASGAQHTEAFF,LLWNGPMAV,0
CAFVGDNAGKSTF,CASSKTSASYEQYF,LLWNGPMAV,0
CAVGQNQGGKLIF,CAISESNRGYEQYF,LLWNGPMAV,0
CALATGGFKTIF,CSVQGGFSQYF,LLWNGPMAV,0
CAVDVETSGSRLTF,CASRGTSLANKIQYF,LLWNGPMAV,0
CAASARTGGFKTIF,CASSLAPGATSEKLF,LLWNGPMAV,0
CAVMDSNYQLIW,CASSPWGQTASSYNEQYF,LLWNGPMAV,0
CAYTDKLIF,CASSPGDEQFF,LLWNGPMAV,0
CAVRDNDYKLSF,CASSFVTSGGHGTDTQYF,LLWNGPMAV,0
CAMREGGDSSYKLIF,CSVVAGGADTQYF,LLWNGPMAV,0
CAGPNQAGTALIF,CASNPGTSNEQF,LLWNGPMAV,0
CAVNGGGTSYGKLTF,CAWSWSSTDTQYF,LLWNGPMAV,0
CAVKDSNYQLIW,CASSSRDRGAYEQYF,LLWNGPMAV,0
CAFQNAGNMLTF,CASSQGLGSYEQYF,LLWNGPMAV,0
CAFCDGNQFYF,CASSQHYTGENTEAFF,LLWNGPMAV,0
CAFMKHGWDNYGQNFVF,CASSSGSTSYNEQF,LLWNGPMAV,0
CLVVGGDKFYF,CSVDEGSDTQYF,LLWNGPMAV,0
CAVMDSNYQLIW,CASSQRTSGTIYNEQFF,LLWNGPMAV,0
CALSEAGTGGSYIPTF,CASSLVSGSPTGELF,LLWNGPMAV,0
CAVRDSNYQLIW,CASSPYSGPGPQHF,LLWNGPMAV,0
CAASMDNAGNMLTF,CASSQDTGGVAEQYF,LLWNGPMAV,0
CAFHTGGFKTIF,CAISETTGINEQFF,LLWNGPMAV,0
CAGPTSGTYKYIF,CVVSLNNAGNMLTF,LLWNGPMAV,0
CAGFRSGTYKYIF,CASSLLGLPGSEQYF,LLWNGPMAV,0
CATGPSNAGGTSYGKLTF,CASSLEAEGTQYF,LLWNGPMAV,0
CAVGATGQGGSEKLVF,CASSLSLPAGGRETQYF,LLWNGPMAV,0
CAAVEGGSEKLVF,CATWDSGNIQYF,LLWNGPMAV,0
CAVMSGDYKLSF,CASSRLAGLADTQYF,LLWNGPMAV,0
CAGQTQGGSEKLVF,CAISVQGASYTF,LLWNGPMAV,0
CAVVRGGADGLTF,CASSPLRGPADRTGTEAFF,LLWNGPMAV,0
CAVGLETSGSRLTF,CASSVGLPYEQYF,LLWNGPMAV,0
CIVRGTGRRALTF,CASSSVNEQYF,LLWNGPMAV,0
CAGGQAGGGNKLTF,CASSYYPGRGNEQF,LLWNGPMAV,0
CAGGGGATNKLIF,CSAKPPRGIYNEQF,LLWNGPMAV,0
CAASKGGSEKLVF,CASSSASNEQFF,LLWNGPMAV,0
CAASMSGGSEKLVF,CASSQATAGTGELFF,LLWNGPMAV,0
CILSNNNDMRF,CASSFRSTDTQYF,LLWNGPMAV,0
CAVRDTARNNNARLMF,CASSLASDTQYF,LLWNGPMAV,0
CVVSDRGSTLGRLYF,CASSFGTGHTGELF,LLWNGPMAV,0
CAAAASNDMRF,CASTNRGSEQYF,LLWNGPMAV,0
CASMDSNYQLIW,CASSVRSSYEQYF,LLWNGPMAV,0
CAVMDSNYQLIW,CASSYFGGSLSEQYF,LLWNGPMAV,0
CLVGSTTDSWGKLQF,CASSPDLFGSTEAF,LLWNGPMAV,0
CAECDDGNNRLAF,CASSPRLGSYEQYF,LLWNGPMAV,0
CLVGVGEAGNNRKLIW,CASSQVGTGSINEQFF,LLWNGPMAV,0
CALSEAYNYGQNFVF,CASSEALVLEQFF,LLWNGPMAV,0
CAVMDSNYQLIW,CASSLDGPGVYEQYF,LLWNGPMAV,0
CAVGAVQAGNNRKLIW,CASSLSSDEHGYTF,LLWNGPMAV,0
CAGRDSSYKLIF,CASSRYRQYNQPQHF,LLWNGPMAV,0
CLVGGELTGGGNKLTF,CSARDSTGNGYTF,LLWNGPMAV,0
CATAIISNFGNEKLTF,CASSGVMGLNQPQHF,LLWNGPMAV,0
CAVNAYNTDKLIF,CASSLRGYEQYF,LLWNGPMAV,0
CAGEGLADSWGKLQF,CASSRSGTGFLEQYF,LLWNGPMAV,0
CAVRGSNFGNEKLTF,CASSLATSGGGSDTQYF,LLWNGPMAV,0
CAVMDSNYQLIW,CASGTGGSGANVLTF,LLWNGPMAV,0
CAGQLGGGSQGNLIF,CSVGTGGTNEKLFF,LLWNGPMAV,0
CAATSNTGKLIF,CSARDRVGNTIYF,LLWNGPMAV,0
CAVMDSNYQLIW,CASSQRGHASYEQYF,LLWNGPMAV,0
CAVRDSNYQLIW,CASSEKASGGDTQYF,LLWNGPMAV,0
CAASEVQGAQKLVF,CASSGAGLVVRQFF,LLWNGPMAV,0
CAVTRVGDDKIIF,CASSQGLAGHSYEQYF,LLWNGPMAV,0
CAVSNQAGTALIF,CASSPTAEAFF,LLWNGPMAV,0
CAVEDSNYQLIW,CSADPGLGGTDTQYF,LLWNGPMAV,0
CAMRESVSGANNLF,CASSFYNSPLHF,LLWNGPMAV,0
CAVMDSNYQLIW,CSATHRLAGQIYNEQFF,LLWNGPMAV,0
CAASLNDMRF,CASSLTEGGNSPLHF,LLWNGPMAV,0
CAYRDFGNEKLTF,CAGRASTGSGNTIYF,LLWNGPMAV,0
CILDNNNDMRF,CASSRTSGGFYNEQEF,LLWNGPMAV,0
CAYRLGGSEKLVF,CASSIDRGPLNQPQHF,LLWNGPMAV,0
CAMREAGAGNKLTF,CASSGQGTDTQYF,LLWNGPMAV,0
CAVTINTNAGKSTF,CASSFGLAGVEDTQYF,LLWNGPMAV,0
CVVSGTYKYIF,CASSLVPSGSTDTQYF,LLWNGPMAV,0
CAGLEATDSWGKLQF,CASSPLSGNEQFF,LLWNGPMAV,0
CALVNPPGGYSTLTF,CSARDRDRAMNTEAFF,LLWNGPMAV,0
CAAFTSGNTPLVF,CASSLLGHPSGELF,LLWNGPMAV,0
CAVIPDSNYQLIW,CASSSVNEQYF,LLWNGPMAV,0
CAVRDSNYQLIW,CASDGGQKSGEQYF,LLWNGPMAV,0
CALSGALNNAGNMLTF,CASSLNRNYGTTVSYEQYF,LLWNGPMAV,0
CAFMSHQGAQKLVF,CASSERASGTDEQYF,LLWNGPMAV,0
CILRDMEYGNKLVF,CASSLIGVSSYNEQF,LLWNGPMAV,0
CAVQASFQKLVF,CASDEKLFF,LLWNGPMAV,0
CATVDILTGGGNKLTF,CASSQGQLGNTIYF,LLWNGPMAV,0
CVVSDRGSTLGRLYF,CASSSLERGWETQYF,LLWNGPMAV,0
CAENILGGYQKVTF,CSVRTGGLGANVLTF,LLWNGPMAV,0
CAASKGGSQGNLIF,CSVRTNEFYEQYF,LLWNGPMAV,0
CALKNPGQTGANNLFF,CASSIGGQRYNEQFF,LLWNGPMAV,0
CAEKPQGNDMRF,CASSLGGNQPQHF,LLWNGPMAV,0
CGAAVFNNAGNMLTF,CASSLVAGSGEQFF,LLWNGPMAV,0
CAVSNDYKLSF,CASSVRSSYEQYF,LLWNGPMAV,0
CAVNDYKLSF,CASSQDGVQHF,LLWNGPMAV,0
CAVPNSGNTPLVF,CASSANLGGGDYEQYF,LLWNGPMAV,0
CAENPTGGGNKLTF,CASSYGSNYGYTF,LLWNGPMAV,0
CAVRDRTGFQKLVF,CASSRWGQGTRGYTF,LLWNGPMAV,0
CAASRLNQAGTALIF,CASSRIYTDTQYF,LLWNGPMAV,0
CAVSVAGYSSASKIIF,CASSYSTNTEAF,LLWNGPMAV,0
CAVRDSNYQLIW,CASSQVSRSFDEQYF,LLWNGPMAV,0
CIVRVGSLGGQNFVF,CASSQGEGTEAFF,LLWNGPMAV,0
CAFMKPLGSGNTGKLIF,CASSIVDRGGETQYF,LLWNGPMAV,0
CAASESNFGNEKLTF,CASSSTGPGNSPLHF,LLWNGPMAV,0
CAVSPPGTYKYIF,CASSVALQGVHTQYF,LLWNGPMAV,0
CAVEENRDDKIIF,CSYAAGVNEQFF,LLWNGPMAV,0
CAALDSNYQLIW,CASSYPAWGGYTGELF,LLWNGPMAV,0
CALRENRDDKIIF,CASSFQGYTEAFF,LLWNGPMAV,0
