CARNTGNQF,CACSLRSQGTDTQYF,NLVPMVATV,1
CAGNTGNQFYFG,CASSAWDRSSGANVLTF,NLVPMVATV,1
CAYPYNNNDMRF,CASSELGGAGTGELF,NLVPMVATV,1
CAFPYNNNDMRF,CASSETGATNYGYTGF,NLVPMVATV,1
CAEYTGTASKLTF,CASSFLQVTEAF,NLVPMVATV,1
CARQDGNQFYF,CASSFQGYTEAF,NLVPMVATV,1
CILLGTGANNLFF,CASSFQTGASYGYTF,NLVPMVATV,1
CARNTGNQFYF,CASSLAPGATNEKLF,NLVPMVATV,1
CAMNTGNQF,CASSLEGYTEAF,NLVPMVATV,1
CAPYTGTASKLTF,CASSLEGYTEAF,NLVPMVATV,1
CAGPMKTSYDKVIF,CASSLFVGGPGNEQF,NLVPMVATV,1
CARNTGNQFYF,CASSLQTGATFNYGYTF,NLVPMVATV,1
CAEYTGTASKLTF,CASSPKLQGAWAEKLF,NLVPMVATV,1
CARNTGNQFYF,CASSPPAGSYNEQF,NLVPMVATV,1
CARNTGNQFYF,CASSPQTGTIYGYTGF,NLVPMVATV,1
CILSPNNDMRFG,CASSPVAGGAYNEQF,NLVPMVATV,1
CAKNTGNQFYF,CASSPVTGGIYGYTGF,NLVPMVATV,1
CAVRIDYKLSF,CASSPWTGTLNTEAF,NLVPMVATV,1
CAERLQTGANNLFF,CASSQDPFAVLNTEAF,NLVPMVATV,1
CAVYGTASKLTF,CASSSAFYGYTF,NLVPMVATV,1
CAGPRQTSYDKVIF,CASSSAHYGYTF,NLVPMVATV,1
CAVDIETSGSRLTF,CASSSANYGYTF,NLVPMVATV,1
CAVYFGNVLHCG,CASSSANYGYTF,NLVPMVATV,1
CAGPRKTSYDKVIF,CASSSANYGYTF,NLVPMVATV,1
CAEISPSGGSYIPTF,CASSVGLPYEQYF,NLVPMVATV,1
CAFIAGNQFYF,CASSYQTGAGGYGYTGF,NLVPMVATV,1
CAARSNFGNEKLTF,CASSYSTGAGETQYF,NLVPMVATV,1
CARNTGNQF,CASSYVTGTGSYGYTGF,NLVPMVATV,1
CATKNTGNQFYF,CASTGTSGALYNEQF,NLVPMVATV,1
CAGPEKTSYDKVIF,CATSDLKVHSGNYGYTF,NLVPMVATV,1
CAVAFGNQFYF,CAWSSRDSMTDTQYF,NLVPMVATV,1
CAMRVPRAQGGSEKLVF,CAWSSRGQMTDTQYF,NLVPMVATV,1
CILDNNNDMRFG,CAWSVSDLAKNIQYF,NLVPMVATV,1
CAGPMKTSYDKVIF,CSAFSGAAFVTDTQYF,NLVPMVATV,1
CAGPMKTSYDKVIF,CASASANYGYTF,NLVPMVATV,1
CAGPRETSYDKVIF,CASASANYGYTF,NLVPMVATV,1
CAGSGTASKLTF,CASGEGGELFF,NLVPMVATV,1
CAVRQDYQLIW,CASGPGTSATDTQYF,NLVPMVATV,1
CAVRQGYQLIW,CASGPGTSATDTQYF,NLVPMVATV,1
CAVREDNAGNMLTF,CASGPLLLMTNEQFF,NLVPMVATV,1
CAVVDQAGTALIF,CASSAGGGSYNEQFF,NLVPMVATV,1
CAVRDNQAGTALIF,CASSAGSGSGYNEQFF,NLVPMVATV,1
CARNTGNQFYF,CASSAQTGASYGYTF,NLVPMVATV,1
CAVRDSNYQLIW,CASSDAENTEAFF,NLVPMVATV,1
CALSDAYNFNKFYF,CASSDDRVRYGYTF,NLVPMVATV,1
CAASDSNYQLIW,CASSEESGRAAEQYF,NLVPMVATV,1
CAVRPGYSSASKIIF,CASSETSGRSPYEQYF,NLVPMVATV,1
CAENNSGDSSYKLIF,CASSFAHLSYNEQFF,NLVPMVATV,1
CAEIPNYGGSQGNLIF,CASSFIGGVDGYTF,NLVPMVATV,1
CAVRATDSSYKLIF,CASSFPKDGSTYEQYF,NLVPMVATV,1
CAASESGGSNYKLTF,CASSGRWTAYNEQFF,NLVPMVATV,1
CAIDTGGFKTIF,CASSGTDSNQPQHF,NLVPMVATV,1
CAGQASQGNLIF,CASSIQALLTF,NLVPMVATV,1
CAVRNNNARLMF,CASSIVNEAFF,NLVPMVATV,1
CAVRDSNYQLIW,CASSKGEVTEAFF,NLVPMVATV,1
CAFPYNNNDMRF,CASSLEGYTEAFF,NLVPMVATV,1
CVVSENYGGSQGNLIF,CASSLPPGRGYTEAFF,NLVPMVATV,1
CAVAFGNQFYF,CASSMTSGALYNEQFF,NLVPMVATV,1
CAVRVLMEYGNKLVF,CASSPGLASPYSYNEQFF,NLVPMVATV,1
CARNTGNQFYF,CASSPSTGVTFYGYTF,NLVPMVATV,1
CILSNNNDMRF,CASSPSTGVTFYGYTF,NLVPMVATV,1
CAETRSRDYKLSF,CASSQEEGPGNQPQHF,NLVPMVATV,1
CALSDVGMNRDDKIIF,CASSQGLGREGASEQFF,NLVPMVATV,1
CAGPRETSYDKVIF,CASSSAYYGYTF,NLVPMVATV,1
CAGDNNARLMF,CASSSDPSGGGYNEQFF,NLVPMVATV,1
CATDAPSNYQLIW,CASSSSGRDYEQYF,NLVPMVATV,1
CAVTPPPSYDKVIF,CASSSVSGYTF,NLVPMVATV,1
CAVNAAGNDYKLSF,CASSTRTGQETQYF,NLVPMVATV,1
CALSGDDYKLSF,CASSVASGRAHEQYF,NLVPMVATV,1
CAVRSWSTDKLIF,CASSVEGTSGRSYNEQFF,NLVPMVATV,1
CAASGGNNNDMRF,CASSVTPSSYNEQFF,NLVPMVATV,1
CAVRNNNARLMF,CASSVVNEAFF,NLVPMVATV,1
CARNTGNQFYF,CASSWKTGTGGTGYTF,NLVPMVATV,1
CAVRDNFITGGFKTIF,CASSYFDEKLFF,NLVPMVATV,1
CAVRDNSITGGFKTIF,CASSYFDEKLFF,NLVPMVATV,1
CARNTGNQFYF,CASSYQTGTGVYGYTF,NLVPMVATV,1
CAFELILGAQKLVF,CASSYSWTGSNYGYTF,NLVPMVATV,1
CVVSRRTTGANNLFF,CASSYTLASYEQYF,NLVPMVATV,1
CAAPGAGSYQLTF,CASTLWSATNEKLFF,NLVPMVATV,1
CAVADTGNQFYF,CATAITSTQYF,NLVPMVATV,1
CAGKTSYDKVIF,CATEQGMHEQYF,NLVPMVATV,1
CAEIQASGGSYIPTF,CATGRGGKIGEQYF,NLVPMVATV,1
CAEIQASGGSYIPTF,CATGRGGMIGEQYF,NLVPMVATV,1
CAATDNARLMF,CATSRDLAEVNTEAFF,NLVPMVATV,1
CAHLGGSSNTGKLIF,CAVNGGSNYGYTF,NLVPMVATV,1
CAETPGPSYDKVIF,CAWSISDLAKNIQYF,NLVPMVATV,1
CARNTGNQFYF,CAWSISDLAKNIQYF,NLVPMVATV,1
CILSNNNDMRF,CAWSISDLAKNIQYF,NLVPMVATV,1
CILSNNNDMRF,CAWSVSDVANTEAFF,NLVPMVATV,1
CILSNNNDMRF,CSAPPAGEYSNQPQHF,NLVPMVATV,1
CAVSGSYNTDKLIF,CSARDGLAGHYEQYF,NLVPMVATV,1
CAVSGSYNTDKLIF,CSARDGLTGHYEQYF,NLVPMVATV,1
CILSNNNDMRF,CSARDPSGLAGGLAETQYF,NLVPMVATV,1
CAVEDYGQNFVF,CSARDRNTQGPETQYF,NLVPMVATV,1
CAEITGGGNKLTF,CSATDVTKGQLISGYTF,NLVPMVATV,1
CVVSAGSIVSGGYNKLIF,CAIRDKMNTEAFF,NLVPMVATV,1
CAVRDQEGNTPLVF,CAISAGTGVRNEQYF,NLVPMVATV,1
CILPLAGGTSYGKLTF,CAISESYEQYF,NLVPMVATV,1
CALSDGYSGGGADGLTF,CASRPDGRETQYF,NLVPMVATV,1
CAARTRGSTLGRLYF,CASSSANYGYTF,NLVPMVATV,1
CAVRDLNARLMF,CASSSVNEQYF,NLVPMVATV,1
CAVRDQEGNTPLVF,CASSSVNEQYF,NLVPMVATV,1
CAVSNNNDMRF,CASSVVERAFF,NLVPMVATV,1
CAMREVFNDYKLSF,CASSVVERAFF,NLVPMVATV,1
CAVRDISARLMF,CASSVVERAFF,NLVPMVATV,1
CAVNSGYSTLTF,CASSPGQGGDEQYF,NLVPMVATV,1
CVVSEWAAGNKLTF,CASSQEQGDIQYF,NLVPMVATV,1
CAGAGSEGSGAGSYQLTF,CATSRPTVGSRLRDGYTF,NLVPMVATV,1
CAASINRMDNDMRF,CSAFDREGVDGYTF,NLVPMVATV,1
CALSEAGGYSTLTF,CSAKVEGYEQYF,NLVPMVATV,1
CAHYYGNNRLAF,CSAPPDSLNTEAFF,NLVPMVATV,1
CGADPEGDDKIIF,CSARAEGARDSPLHF,NLVPMVATV,1
CIVRVGAAGNKLTF,CSARDVPGTTLGGELFF,NLVPMVATV,1
CAVRDQEGNTPLVF,CSAREEGTQAWETQYF,NLVPMVATV,1
CAVRDLNARLMF,CSAREEGTQAWETQYF,NLVPMVATV,1
CVVNDGQNFVF,CSARRTGSTYNEQFF,NLVPMVATV,1
CAVKGAGSYQLTF,CSARYGSTCEQYF,NLVPMVATV,1
CAVRFLTDSWGKLQF,CSATTESNQPQHF,NLVPMVATV,1
CALSGEGGSEKLVF,CASSETGFGNQPQHF,NLVPMVATV,1
CALSGQGGSEKLVF,CASSQTGFGNQPQHF,NLVPMVATV,1
CILIPTGTYKYIF,CASSLEGFTEAFF,NLVPMVATV,1
CAVRDQEGNTPLVF,CASMGGSNEQFF,NLVPMVATV,1
CALSEGVFNDYKLSF,CASSPRQSNQPQHF,NLVPMVATV,1
CAVMTTDSWGKLQF,CASSTPGAKLGDTGELFF,NLVPMVATV,1
CAVDKDGGATNKLIF,CSDGQAFF,NLVPMVATV,1
CILPLAGGTSYGKLTF,CSVEYRDNEQFF,NLVPMVATV,1
CVVSARNTGNQFYF,CSVGLAGSYNEQFF,NLVPMVATV,1
CILPLAGGTSYGKLTF,CAWSVADTQYF,NLVPMVATV,1
CALSDRNQGGKLIF,CASSQGKDTQYF,NLVPMVATV,1
CAVRFLTDSWGKLQF,CASSQRMGLSETQYF,NLVPMVATV,1
CAASRSNSGYALNF,CASSQDISRGQTLFGNSPLHF,NLVPMVATV,1
CALSEANQAGTALIF,CASSQERGGKWAYEQYF,NLVPMVATV,1
CAGRNNNARLMF,CASSLVGSGGEQYF,NLVPMVATV,1
CAGQLWTGTASKLTF,CASSLGRGIYEQYF,NLVPMVATV,1
CAVRDYGSGGYNKLIF,CASSSRTSGINEQFF,NLVPMVATV,1
CAVSEGVVWDLYGGSQGNLIF,CASREDGTEAFF,NLVPMVATV,1
CAVRDSNYQLIW,CASSDRETYEQYF,NLVPMVATV,1
CAVMDSNYQLIW,CASSYSSSTGELFF,NLVPMVATV,1
CAVRGRSNYGGSQGNLI,CASRDTSGTAYEQYF,NLVPMVATV,1
CAVRDQEGNTPLVF,CASSYSRSDGHLGNTIYF,NLVPMVATV,1
CAVEQGFNKFYF,CASSRLGDGDSNQPQHF,NLVPMVATV,1
CAVTYSGAGSYQLTF,CASSFLQGNQPQHF,NLVPMVATV,1
CVVVAYSGAGSYQLTF,CASSLTGTTYGGYTF,NLVPMVATV,1
CATWNSWGKFQF,CASSSETTSPLHF,NLVPMVATV,1
CILDNNNDMRF,CASSLAPGATNEKLFF,NLVPMVATV,1
CIRDNNNDMRF,CASSLAPGATNEKLFF,NLVPMVATV,1
CIKDNNNDMRF,CASSLAPGTTNEKLFF,NLVPMVATV,1
CAVRGQTGFQKLVF,CASSYFRDRVGDQPQHF,NLVPMVATV,1
CAPGNTGKLIF,CASSLGRDLNQPQHF,NLVPMVATV,1
CAVRRAGNDMRF,CASSGTNSPLHF,NLVPMVATV,1
CASPTGNQFYF,CASSFTLGTGGVEQYF,NLVPMVATV,1
CAEIPSNDYKLSF,CSARGQDIYEQYF,NLVPMVATV,1
CASGSQGNLIF,CASGLTGFMDEQYF,NLVPMVATV,1
CAGLTTDSWGKFQF,CASSVDAGGYNEQFF,NLVPMVATV,1
CATYLTGNQFYF,CASSQALPYEQYF,NLVPMVATV,1
CAVCNFNKFYF,CASSITLGTGGVEQYF,NLVPMVATV,1
CASGNNARLMF,CASSEDHTGFYEQYF,NLVPMVATV,1
CAFITGNQFYF,CASSQTQLWETQYF,NLVPMVATV,1
CARNTGNQFYF,CASSPQTGVGNYGYTF,NLVPMVATV,1
CILDNNNDMRF,CASSLAPGTTNEKLFF,NLVPMVATV,1
CATNTGNQFYF,CASSPTTRTRYYGYTF,NLVPMVATV,1
CAVNYGNMLTF,CASSYATEVAGETQYF,NLVPMVATV,1
CILSNNNDMRF,CAWSISDSSRVEAFF,NLVPMVATV,1
CAAPRETSYDKVIF,CASSSANYGYTF,NLVPMVATV,1
CAGPTKTSYDKVIF,CASSSANYGYTF,NLVPMVATV,1
CAVFYGNKLVF,CASSYATGIPDTQYF,NLVPMVATV,1
CADYYGQNFVF,CASSFQGYTEAFF,NLVPMVATV,1
CAGPMKTSYDKVIF,CASSSANYGYTF,NLVPMVATV,1
CARNTGNQFYF,CASSYSTGTAYGYTF,NLVPMVATV,1
CAVRDSNYQLIW,CASSDLRAGELFF,NLVPMVATV,1
CAMSEGGGGNKLTF,CAWSAVGGGYGYTF,NLVPMVATV,1
CAMSLSNFGNEKLTF,CSVEALTGEETQYF,NLVPMVATV,1
CAMSAGTGKLIF,CASSLGVNTIYF,NLVPMVATV,1
CAVRDSNYQLIW,CASSYSGPAAGQETQYF,NLVPMVATV,1
CVVSDRGSTLGRLYF,CASSPGQGGTDTQYF,NLVPMVATV,1
CAVLDSNYQLIW,CASTPTVAHSYNEQFF,NLVPMVATV,1
CAAQGMRF,CASSDSSRGVPYEQF,NLVPMVATV,1
CASSPGNMLTF,CASSAKTSGGSDTQYF,NLVPMVATV,1
CAVHNTDKLIF,CASSLVVLAYGTDTQYF,NLVPMVATV,1
CAGRTSGSRLTF,CASSVALQGVHTQYF,NLVPMVATV,1
CALGELGAPGTYKYIF,CASSFGQAEKLF,NLVPMVATV,1
CAYMDSNYQLIW,CASSQVAGVYEQFF,NLVPMVATV,1
CAANSGNTPLVF,CASSQVSGDEAFF,NLVPMVATV,1
CAYRSPPSSEKLVF,CASSIGLYGYTF,NLVPMVATV,1
CGTPDQGSSNTGKLIF,CASSLDSGFLEQYF,NLVPMVATV,1
CAVQGGGSQGNLIF,CASSLASSGPGETQYF,NLVPMVATV,1
CALSDGYSGGGADGLTF,CASSYRDSYEQYF,NLVPMVATV,1
CIVRFGGGNQGGKLIF,CAWSDRGLVDTQYF,NLVPMVATV,1
CIVRVPTDSWGKLQF,CASSAGTVDTIYF,NLVPMVATV,1
CAMHRDDKIIF,CASSQEDRYEQYF,NLVPMVATV,1
CAVSLLNSGYSTLTF,CSARDPSQGGYEQYF,NLVPMVATV,1
CAEKRDNARLMF,CASSQGSGLAGYEQYF,NLVPMVATV,1
CAVLRSNDYKLSF,CSAPYRVEGRIVNEQYF,NLVPMVATV,1
CAVRDSNYQLIW,CASSSLRDYRPGQFF,NLVPMVATV,1
CVVSDRGSTLGRLYF,CASSPGPLYEQYF,NLVPMVATV,1
CAVSNLMDTGRRALTF,CASPRQSPLHF,NLVPMVATV,1
CVVTYTNAGKSTF,CASSLELGWATNEKLFF,NLVPMVATV,1
CAFMDSGGGADGLTF,CASSRLYGNTGELFF,NLVPMVATV,1
CAPLPNGNNRLAF,CASSEGQGAFGNTIYF,NLVPMVATV,1
CAVTDSNYQLIW,CATSRDRLQGARNEQFF,NLVPMVATV,1
CAEGGGADGLTF,CASSPRETRTDTQYF,NLVPMVATV,1
CAVGALTTGTASKLTF,CASSLAGVGEQFF,NLVPMVATV,1
CATDWDTGRRALTF,CASSIRSSYEQYF,NLVPMVATV,1
CAVWWTSGSRLTF,CASSLGGNEQFF,NLVPMVATV,1
CAATGSSNTGKLIF,CASSLGQGYYGYTF,NLVPMVATV,1
CARITGGGNKLTF,CASSRGTRGRSETQYF,NLVPMVATV,1
CAENESTGTASKLTF,CASSVDKGGTDTQYF,NLVPMVATV,1
CAAENPARQLTF,CASSQGGYNEQF,NLVPMVATV,1
CAVMDSNYQLIW,CASSLEYVGGGSNTDTQYF,NLVPMVATV,1
CAGRSNYGQNFVF,CASSDGTDQETQYF,NLVPMVATV,1
CAVTLTGGGNKLTF,CASTAGGFGEQFF,NLVPMVATV,1
CAGAGGGSQGNLIF,CASSQDGSADNEKLFF,NLVPMVATV,1
CAMRDAYGNNRLAF,CAANRGGYGYTF,NLVPMVATV,1
CAMREVFNDYKLSF,CASSLGQGDFGETQYF,NLVPMVATV,1
CAMSLRSYTGNQFYF,CATNTGGYTEAFF,NLVPMVATV,1
CAASATGGTSYGKLTF,CASSIRSSYEQYF,NLVPMVATV,1
CAATGTASKLTF,CASSLWGAGELFF,NLVPMVATV,1
CIRDNNNDMRF,CAISEPGTSTDTQYF,NLVPMVATV,1
CAAPTDSWGKFQF,CASSSGTSGSSYEQYF,NLVPMVATV,1
CAVRTQIIF,CASSLSGDYGYTF,NLVPMVATV,1
CAGFGVYARLMF,CASSPDREGTDTQYF,NLVPMVATV,1
CGADRGGTASKLTF,CASSWGGDTGELF,NLVPMVATV,1
CAVRDGDYKLSF,CASSGGQGNTEAFF,NLVPMVATV,1
CALSTGNQFYF,CASSQQQGPSGYTF,NLVPMVATV,1
CATDRAGTYKYIF,CASSPGTDTQYF,NLVPMVATV,1
CAASRNAGGTSYGKLTF,CASSQSPGGEQYF,NLVPMVATV,1
CAVRDSNYQLIW,CASSLAAGANEQF,NLVPMVATV,1
CALSGISSGSARQLTF,CSVVGQGHEQFF,NLVPMVATV,1
CAVEHRGAGNMLTF,CASSLTSFTSYEQYF,NLVPMVATV,1
CAASNGGSGNTGKLIF,CASSDSHTEAFF,NLVPMVATV,1
CALKAAGNKLTF,CASSLSEQGRGYTF,NLVPMVATV,1
CLVGGYNNNDMRF,CASSLGGEETQYF,NLVPMVATV,1
CVVSDRGSTLGRLYF,CASRRDPASYNEQFF,NLVPMVATV,1
CAANTGGFKTIF,CASSHASNEQFF,NLVPMVATV,1
CATVRGGATNKLIF,CASSHRGSGNTIYF,NLVPMVATV,1
CAATSYGQNFVF,CASSGRSTDTQYF,NLVPMVATV,1
CALARSNDYKLSF,CASRPQGREETQYF,NLVPMVATV,1
CVVRGGSGGGADGLTF,CSAPSGGALYNEQF,NLVPMVATV,1
CAVDIATFGNEKLTF,CASSLGPPSEQYF,NLVPMVATV,1
CAVGDDKIIF,CSARGQAITEKRFF,NLVPMVATV,1
CVVSDRGSTLGRLYF,CASSQDTKGANTEAFF,NLVPMVATV,1
CAGLNSDGQKLLF,CASSQVLRGVYGYTF,NLVPMVATV,1
CAEDNNARLMF,CASSFGQGKNIQYF,NLVPMVATV,1
CAFMKPGDSNYQLIW,CASTITGELFF,NLVPMVATV,1
CEAGGADGLTF,CASSQEGPPGRNYEQYF,NLVPMVATV,1
CAVRDSNYQLIW,CASSQDRVDTQYF,NLVPMVATV,1
CALCPRARLMF,CASSQDYNEQFF,NLVPMVATV,1
CATDYTGGFKTIF,CSVEDPGSNTEAF,NLVPMVATV,1
CAGSAAGNKLTF,CATRDSQSSYEQYF,NLVPMVATV,1
CAENIGGNTPLVF,CASSERDRTTNEKLFF,NLVPMVATV,1
CVVNSRNQGGKLIF,CASSLEGAADTQYF,NLVPMVATV,1
CALSEAGTRGSTLGRLYF,CASSMFVGQPQHF,NLVPMVATV,1
CAVEYNFNKFYF,CASSRVGTTYEQYF,NLVPMVATV,1
CAEDSRLMF,CASSPGPTGELFF,NLVPMVATV,1
CVVSGGFQKLVF,CASAPDRGPQETQYF,NLVPMVATV,1
CIVRTYNTDKLIF,CASSIRSSYEQYF,NLVPMVATV,1
CAGGVMRNNDMRF,CASSASGTGGEQYF,NLVPMVATV,1
CAMRGIATARQLTF,CSATSRDSALEQYF,NLVPMVATV,1
PDQGGQKLVF,CASSPRSAGELF,NLVPMVATV,1
CVVSPITGGGNKLTF,CRARGQAITEKLFF,NLVPMVATV,1
CAGGGSQGNLIF,CSARTGPADTQYF,NLVPMVATV,1
CASGDSGGYQKVTF,CASSRDRDLNQPQHF,NLVPMVATV,1
CIVRLSDQTGANNLFF,CASSPYPGEQYF,NLVPMVATV,1
CLVGDGNQAGTALIF,CAWDYNRGGYTF,NLVPMVATV,1
CAVSDSNYQLIW,CASSLEQLVRSETQYF,NLVPMVATV,1
CAYAYNTDKLIF,CASSLSGDYGYTF,NLVPMVATV,1
CIPYNQGGKLIF,CATGRGGMIGEQYF,NLVPMVATV,1
CAYRSAYGNKLVF,CASSQEVMTALQPDYGYTF,NLVPMVATV,1
CAYRTQKLVF,CASSIRSAYEQYF,NLVPMVATV,1
CATEGSARQLTF,CASSLNWDTEAFF,NLVPMVATV,1
CLVDGNNARLMF,CASSLEQFLSGPAETQYF,NLVPMVATV,1
CAVLDSNYQLIW,CASSLALQETQYF,NLVPMVATV,1
CAVLLYGNKLVF,CSARGQDIYEQYF,NLVPMVATV,1
CAASKSYGKLTF,CASSSAGGRDEQFF,NLVPMVATV,1
CAFIPTSGAGSYQLTF,CASSESGTANEQFF,NLVPMVATV,1
CILTFGNEKLTF,CASSFMETQYF,NLVPMVATV,1
CAVRDSNYQLIW,CAIRGEGNTEAFF,NLVPMVATV,1
CAENGSSGTGNQFYF,CAWSVLGGAVETQYF,NLVPMVATV,1
CARGSTLGRLYF,CASSIRSTGELF,NLVPMVATV,1
CALSGNTPLVF,CSVLPPDRGLNQPQHF,NLVPMVATV,1
CAGVRWGKLQF,CAWSRGAVEQYF,NLVPMVATV,1
CALTQNSGGSNYKLTF,CASTRDRTKNEQFF,NLVPMVATV,1
CALFHGSSNTGKLIF,CATSTGDSNQPQHF,NLVPMVATV,1
CAVMDSNYQLIW,CASSEGASGLGEQYF,NLVPMVATV,1
CAVVDSNYQLIW,CAWKASGNTIYF,NLVPMVATV,1
CAVGAKTNAGKSTF,CASSEDHTGFYEQYF,NLVPMVATV,1
CAFMKPQYTSGTYKYIF,CASSYFGGSLSEQYF,NLVPMVATV,1
CAVRENEKLTF,CASSTAFDSSNQPQHF,NLVPMVATV,1
CASSDSRGTEAFF,CASSGQGAYEQYF,NLVPMVATV,1
CAFGSGNTGKLIF,CAKKTSLLGPGANYGYTF,NLVPMVATV,1
CAAERGNNARLMF,CASSSLIRGLGNQPQHF,NLVPMVATV,1
CAGRKTGANNLFF,CASSQEGRRDTQYF,NLVPMVATV,1
YSLNTGFQKLVF,CSARGGPGEVGNTIYF,NLVPMVATV,1
CLVGPNDYKLSF,CSAARTGGNEKLFF,NLVPMVATV,1
CALRGTIQGAQKLVF,CASSQSPGGTQYF,NLVPMVATV,1
CAMGGSGGSQGNLIF,CASRTGTSGGFPNTGELFF,NLVPMVATV,1
CAVDNNNDMRF,CASMGTTYNEQFF,NLVPMVATV,1
CAGGGSQGNLIF,CASSIRSSYGQYF,NLVPMVATV,1
CPFYNQGGKLIF,CASSGQGGTYEQYF,NLVPMVATV,1
CATASFTDKLIF,CASSYYDPSVNTGELF,NLVPMVATV,1
CAMREALSGSARQLTF,CASELVTGELF,NLVPMVATV,1
CVVSDRGSTLGRLYF,CASSQTSAGVTYNEQFF,NLVPMVATV,1
CAVGSATNKLIF,CASSSSTDTQYF,NLVPMVATV,1
CAGPGSSGYSTLTF,CASSIRSSYEQYF,NLVPMVATV,1
CALSEEGNTDKLIF,CASSLTDPYEQNF,NLVPMVATV,1
CAGMDSNYQLIW,CASRLAGGPGDTQYF,NLVPMVATV,1
CVVSDGRGGSYIPTF,CASSFKGQPYTGELFF,NLVPMVATV,1
CAGDNGGNNRKLIW,CARSPNGGSSYNEQFF,NLVPMVATV,1
CAFPGGSQGNLIF,CASALGSGGAYEQFF,NLVPMVATV,1
CAGALGSSNTGKLIF,CASSLGPNTEAF,NLVPMVATV,1
CAAFRSNDYKLSF,CASSRRTSGTYEQYF,NLVPMVATV,1
CAGPMKTSYDKVIF,CASSLVGDRDGYTF,NLVPMVATV,1
CVVSDRGSTLGRLYF,CSVGTGGTNEKLF,NLVPMVATV,1
CAVRCFGNEKLTF,CASHEGAGGYGELFF,NLVPMVATV,1
CAVPPEGGYNKLIF,CASSHRQMNYNEQF,NLVPMVATV,1
CAFRAYNTDKLIF,CASSLVDPTGFGLETQYF,NLVPMVATV,1
CAYRSASDRTSGSRLTF,CAISELGYEQYF,NLVPMVATV,1
CALDNDYKLSF,CASSPDRGNQPQHF,NLVPMVATV,1
CALKDTGNQFYF,CASSIRPSYERYF,NLVPMVATV,1
CAVREGVGSARQLTF,CASRPDRGGNQPQHF,NLVPMVATV,1
CAVRDSNYQLIW,CASSFEWSYEQYF,NLVPMVATV,1
CAVRMNTGFQKLVF,CASSTRSSYEQYF,NLVPMVATV,1
CAGMDSNYQLIW,CASSVVGLSGELFF,NLVPMVATV,1
CALSEALETSGSRLTF,CASSKQTGTIGGYTF,NLVPMVATV,1
CVVRVLYSGGGADGLTF,CASSLEVGGGLETQYF,NLVPMVATV,1
CAGAFGSSNTGKLIF,CASSFLGTGLNEQYF,NLVPMVATV,1
CAVIDSNYQLIW,CASSPGTGEGYEQYF,NLVPMVATV,1
CAFKAAGNKLTF,CASSQDLTGTGADEQYF,NLVPMVATV,1
CAMPREDNYGQNFVF,CASSLGQGQPQHF,NLVPMVATV,1
CAARVLGSQGNLIF,CARDTIGNGYTF,NLVPMVATV,1
CAASGGSNYKLTF,CSAKSRVYGYTF,NLVPMVATV,1
CALVNNAGNMLTF,CASSPGPGAGYGYTF,NLVPMVATV,1
CARNTGNQFYF,CASSLAVGDSPLHF,NLVPMVATV,1
CAARHGQNFVF,CASSQSPGGTQYF,NLVPMVATV,1
CAMRGGLYNFNKFYF,CASSLLPGRNTEAFF,NLVPMVATV,1
CAVTPRNNNARLMF,CASSLGQAYEQYF,NLVPMVATV,1
CAVRQSWGKLQF,CASSFQGLGSPLHF,NLVPMVATV,1
CAVHYGQNFVF,CASSGGRRAFF,NLVPMVATV,1
CASLTQGGSEKLVF,CASSEESYLMNTEAFF,NLVPMVATV,1
CAVRDNDYKLSF,CASSHWDRVGETQYF,NLVPMVATV,1
CAGASGSSNTGKLIF,CASSIRSTGELFF,NLVPMVATV,1
CAHGQNFVF,CASSFPPAGTGELFF,NLVPMVATV,1
CIVSAQAGNMLTF,CASSSLERGWETQYF,NLVPMVATV,1
CAASGGSNYKLTF,CASSPSPSGDDEKLFF,NLVPMVATV,1
CAGASTGGDSGNTGKLIF,CASSSANYGYTF,NLVPMVATV,1
CILDNNNDMRF,CASSLTGVDGYTF,NLVPMVATV,1
CIVGFSGAGSYQLTF,CAISATGGDYGYTF,NLVPMVATV,1
CASGDDKIIF,CAWSGRDRVENQPQHF,NLVPMVATV,1
CAVVYSGGGADGLTF,CASSQSPGGTQYF,NLVPMVATV,1
CAASGGGADGLTF,CASSQLTGGVHEQYF,NLVPMVATV,1
CAVRDGDYKLSF,CSASLYGRGQPQHF,NLVPMVATV,1
CAVSPAGNVLHC,CASSQVVVGYGYTF,NLVPMVATV,1
CAVMDSSYKLIF,CASSSGTSGVGEQFF,NLVPMVATV,1
CAVSSNDYKLSF,CASSADGYSGNTIYF,NLVPMVATV,1
CALMRSTGNQFYF,CASSLAGGGGTDTQYF,NLVPMVATV,1
CAEAPMLAGGTSYGKLTF,CASSQSRGSGNTIYF,NLVPMVATV,1
CAASGWGMNSGYSTLTF,CSVLLGQGGETQYF,NLVPMVATV,1
CAADRTGGGNKLTF,CSVGAGGTNEKLFF,NLVPMVATV,1
CILRDAPGGTSYGKLTF,CASSIRSSYEQYF,NLVPMVATV,1
CAASGGYQKVTF,CASDSGSGQPQHF,NLVPMVATV,1
CAVRSNTGGFKTIF,CAISAGTSSGANVLTF,NLVPMVATV,1
CAVVDSNYQLIW,CASRLGPEAF,NLVPMVATV,1
CAVVKAGTASKLTF,CSPPKDLPYKRNF,NLVPMVATV,1
CAPRNNNARLMF,CASSEAARGNSPLHF,NLVPMVATV,1
CAWDPLDSNYQLIW,CATSPSRQGIITGNTIYF,NLVPMVATV,1
CAVLDSNYQLIW,CASSLAPGATNEKLFF,NLVPMVATV,1
CAMRESGGKLIF,CACRPRALYGYTF,NLVPMVATV,1
CAASAIGGADGLTF,CASSIRSSYEQYF,NLVPMVATV,1
CALVNNAGNMLTF,CASSVRQGVTYEQYF,NLVPMVATV,1
CARPLRDDKIIF,CASSYGQGYEQYF,NLVPMVATV,1
CAATYGSSNTGKLIF,CAGRHLLEAFF,NLVPMVATV,1
CAYGGSQGNLIF,CASSLEFLAGVQETQYF,NLVPMVATV,1
CAVGADARLMF,CASSGQGEVLNIQYF,NLVPMVATV,1
CAASKTSYDKVIF,CASSRLAGGTGELF,NLVPMVATV,1
CAGGVYGNNRLAF,CASSPHSGGDPRNEQFF,NLVPMVATV,1
CAGPLQGTYKYIF,CASSLAYEQYF,NLVPMVATV,1
CIVMNRDDKIIF,CASSLAGSHNEQF,NLVPMVATV,1
CAVTFKSGANNLFF,CASSIRSSYEQYF,NLVPMVATV,1
CVVRGGKLTF,CAWSGGTSRRTQYF,NLVPMVATV,1
CAASSSNTGKLIF,CASSARGYDEQFF,NLVPMVATV,1
CAVRDSNYQLIW,CASSKLTSGGYEQYF,NLVPMVATV,1
CALNRGSTLGRLYF,CASSQGGGGTDTQYF,NLVPMVATV,1
CAVRRGNARLMF,CASSLAGPNQETQYF,NLVPMVATV,1
CIGSNGNMLTF,RASSPRTGGEQYF,NLVPMVATV,1
CAVRDSNYQLIW,CASSGRAAGELFF,NLVPMVATV,1
CAVTGDKLIF,CASSLGPNTEAF,NLVPMVATV,1
CAFAYLPFRDDKIIF,CATSEAASSWTGELF,NLVPMVATV,1
CVVNSNNDMRF,CASSLAPDRVEGQPQHF,NLVPMVATV,1
CAVRVLMEYGNKLVF,CASSRLAGGFDEQFF,NLVPMVATV,1
CAVTSARLMF,CASSQGRQETQYF,NLVPMVATV,1
CAVNVQGGSEKLVF,CAWSGSWDGYTF,NLVPMVATV,1
CAALNTDKLIF,CAWSGLSGSYNEQF,NLVPMVATV,1
CAVRGRSNYGGSQGNLI,CASSSAGEYNEQF,NLVPMVATV,1
CAPWGSARQLTF,CASSPDGGSYNEQFF,NLVPMVATV,1
CAFMTLKYNFNKFYF,CASSPGQGQEQY,NLVPMVATV,1
CAMIFNDYKLSF,CASSPRTGLNTEAFF,NLVPMVATV,1
CVVPGWGYQKVTF,CASSSLGGAGTGELF,NLVPMVATV,1
CAFMKHVGTASKLTF,CSAMAGGLRIYNEQF,NLVPMVATV,1
CALSEANTGGFKTIF,CASSFGLNQPQHF,NLVPMVATV,1
CAVRDRDYKLSF,CASSSTGGVYGYTF,NLVPMVATV,1
CAGALYNFNKFYF,CASSQDLSGYEQYF,NLVPMVATV,1
CALGELLRGGSNYKLTF,CASSLGGQDANQPQHF,NLVPMVATV,1
CALSGNTPLVF,CASSSVLSYEQYF,NLVPMVATV,1
CAGGGNGGSQGNLIF,CASSGPRSAEQYF,NLVPMVATV,1
CAAGGSQGNLIF,CASSWDNGGYTF,NLVPMVATV,1
CVVSDRGSTLGRLYF,CASSPSSGHPNYGYTF,NLVPMVATV,0
CAVQDSNYQLIW,CAWNKGIAGYTF,NLVPMVATV,0
CIVRVYGGATNKLIF,CASSLDSYNEKLF,NLVPMVATV,0
CLVGDRSASGGSYIPTF,CASSEYTGTNTEAFF,NLVPMVATV,0
CAGSWGKLQF,CASRTGTGGHEQFF,NLVPMVATV,0
CAVLSSGNTGKLIF,CASSPDFQETQYF,NLVPMVATV,0
CAASGGSSNTGKLIF,CASSSVNEQYF,NLVPMVATV,0
CAVRDSVAGRRALTF,CASSLVVPQLPTYEQFF,NLVPMVATV,0
CISELYNFNKFYF,CASSQAGGRDEAFF,NLVPMVATV,0
CALSGGTGRRALTF,CASDPDSLIHNTGELFF,NLVPMVATV,0
CALXGNYQLIW,CASSPRSTDTQYF,NLVPMVATV,0
CAVMDSNYQLIW,CASRLGPGQPYEQYF,NLVPMVATV,0
CALTLGAGNMLTF,CASSNLPGTVEAFF,NLVPMVATV,0
CAMSASGGSYIPTF,CASSPLLTTSAPDTQYF,NLVPMVATV,0
CAVSDPANAGKSTF,CASFRGHEQF,NLVPMVATV,0
CAARDDKIIF,CASGPLLLMTNEQFF,NLVPMVATV,0
CASGGGNTGKLIF,CASSTTGIYEQYF,NLVPMVATV,0
CAVEGADGLTF,CSAREEGTQAWETQYF,NLVPMVATV,0
CVVSADSWGKLQF,CASSQDHGTGGYNEQFF,NLVPMVATV,0
CALSEAGTGGSYIPTF,CASRTRPAYERDF,NLVPMVATV,0
CAVSPSSGNTPLVF,CASSRSSYEQYF,NLVPMVATV,0
CAVRPGNQFYF,CASSHSGYEQFF,NLVPMVATV,0
CAGRDWNSGNTPLVF,CASSTRSSSPQHFT,NLVPMVATV,0
CAVRGSNTGKLIF,CASSDSKTYNEQFF,NLVPMVATV,0
CATFSGGYNKLIF,CASNSLTGELFF,NLVPMVATV,0
CAVSADSGGSNYKLTF,CASSLSGVAYGYTF,NLVPMVATV,0
CAVGMDSSYKLIF,CAWSDIWENYNSPLHF,NLVPMVATV,0
CAVSRNTDKLIF,CASSLRLIENEQFF,NLVPMVATV,0
CATSPPLTQGGSEKLVF,CSARDNLQARYGYTF,NLVPMVATV,0
CAGAGSQGNLIF,CSARNRASYNSPLHF,NLVPMVATV,0
CIVRTNSGGSNYKLTF,CASSLAAEAFF,NLVPMVATV,0
CIRNNAGNMLTF,CASSLRSTDTQYF,NLVPMVATV,0
CAVMDSNYQLIW,CASSSHYRGPYEQYF,NLVPMVATV,0
CAFLSPFGNEKLTF,CASSSRTGAQETQYF,NLVPMVATV,0
CAVLDSNYQLIW,CASSRGGWETQYF,NLVPMVATV,0
CAANHGSGNTGKLIF,CASSQLPSGTPTGEF,NLVPMVATV,0
CALSGRLSYNQGGKLIF,CASSPNTDTQYF,NLVPMVATV,0
CIVRVFQGAQKLVF,CASSFALGGHGYTF,NLVPMVATV,0
CAVRGSSNYQLIW,CASSFEAGAGYNEQFF,NLVPMVATV,0
CALSEGQSFQKLVF,CASSYLAGSGNEQYF,NLVPMVATV,0
CAGAGGGSQGNLIFGKGT,CASSLPYQPQHF,NLVPMVATV,0
CALSDGNSGGYQKVTF,CSVLAGGGYEQYF,NLVPMVATV,0
CALNNAGNMLTF,CASSFSSGRPYNEQFF,NLVPMVATV,0
CAVSFMDSNYQLIW,CSVVLQGGAGELFF,NLVPMVATV,0
CAVNNQAGTALIF,CASSQDLYGVAGEDNEQFF,NLVPMVATV,0
CLVGPGVKAAGNKLTF,CSAFQDSSYNEQFF,NLVPMVATV,0
CAVMDSNYQLIW,CASSQTGNQPQHF,NLVPMVATV,0
CAEIAWETSGSRLTF,CASSIRSSYEQYF,NLVPMVATV,0
CAFNPDFGNEKLTF,CASSSRASYEQYF,NLVPMVATV,0
CIVRVEGTGGGNKLTF,CASSVDQGTEAFF,NLVPMVATV,0
CAGQLGGTSYGKLTF,CASSRDSTGELFF,NLVPMVATV,0
CAFTDNNARLMF,CASGHGMGASTSGYT,NLVPMVATV,0
CALTNTGRRALTF,CASSADGMNTEAF,NLVPMVATV,0
CATAQTGANNLFF,CSVVEGANEQYF,NLVPMVATV,0
CAVSSGAGSYQLTF,CASREKGYDEQF,NLVPMVATV,0
CAVDNNNDMRF,CASRSKGAFYGYTF,NLVPMVATV,0
CGADPLIYNQGGKLIF,CASSQGTSGTTGELF,NLVPMVATV,0
CAEKREDNQAGTALIF,CASKAGGTGELFF,NLVPMVATV,0
CAVGGATNKLIF,CSARDKAGEGYNEQFF,NLVPMVATV,0
CAVSVGPDKLIF,CASSETSGRSPYEQYF,NLVPMVATV,0
CVVTPQDGQKLLF,CASSPRDSQETQYF,NLVPMVATV,0
CAVLDSNYQLIW,CASSQLGQGNTGELFF,NLVPMVATV,0
CAVNEDKIIF,CSATGNRGADTQYF,NLVPMVATV,0
CASSGLSSGGSYIPTF,CASSSRSGEKLF,NLVPMVATV,0
CLVGGELTGGGNKLTF,CSASNQESYGYTF,NLVPMVATV,0
CAASATGGSYIPTF,CASSLAGTSYYNEQFF,NLVPMVATV,0
CAVNAPDTDKLIF,CASSLVLSSPTYEQYF,NLVPMVATV,0
CAVRDDNYGQNFVF,CASSLWGQGGYEQYF,NLVPMVATV,0
CAVADTGNQFYF,CASTVGGITEAFF,NLVPMVATV,0
CALLVGVGGFKTIF,CASSLYGGGDQPQHF,NLVPMVATV,0
CAASAQGGTSYGKLTF,CASSKGEVTEAFF,NLVPMVATV,0
CAVTDSNYQLIW,CASSPIDRAGGPYEQYF,NLVPMVATV,0
CIVVSGGYQKVTF,CASSPVAGVYEQYF,NLVPMVATV,0
CVVSDRGSTLGRLYF,CASSSSGTGAYEQYF,NLVPMVATV,0
CAPSGGKLIF,CSARRLAGVDNEQFF,NLVPMVATV,0
CAYSTNAGGTSYGKLTF,CASSPITGSTEAFF,NLVPMVATV,0
CAVKGNTPLVF,CSVEENGNYGYTF,NLVPMVATV,0
CAIKGDKLIF,CASSITSLGELF,NLVPMVATV,0
CVVSDRGSTLGRLYF,CASSPTTGASYGYTF,NLVPMVATV,0
CAVGQAGTALIF,CASSLGGTGELFF,NLVPMVATV,0
CALSFHTGNQFYF,CASSYGTGSSEQYF,NLVPMVATV,0
CILDNNNDMRF,CASSSLRVETQYF,NLVPMVATV,0
CAGGRGSTLGRLYF,CASSWDSSYEQYF,NLVPMVATV,0
CAGQNINMNRDDKIIF,CASTQEPGELFF,NLVPMVATV,0
CAVKDSNYQLIW,CASSKSYREVLEQYF,NLVPMVATV,0
CATDRDDYKLSF,CASSYSPGTGNTIYF,NLVPMVATV,0
CAVRDSGNTPLVF,CASSFGQAWYEQYF,NLVPMVATV,0
CAMREGTGRRALTF,CASSISVSQPQHF,NLVPMVATV,0
CAEKRAGTGANNLFF,CASSEGWEPYEQYF,NLVPMVATV,0
CILDNNNDMRF,CSVEGLYEQYF,NLVPMVATV,0
CAFGDYKLSF,CSVDFGQGRYPDTQYF,NLVPMVATV,0
CAVSGSARQLTF,CASSLAPGATNEKLF,NLVPMVATV,0
CAVQGEARLMF,CASGLEALWTGELFF,NLVPMVATV,0
CAVKDARLMF,CATAITSTQYF,NLVPMVATV,0
CAVEHNTDKLIF,CSVAGVVSREQYF,NLVPMVATV,0
CAYTLVGNEKLTF,CATSGVTGELF,NLVPMVATV,0
CVVHDMRF,CASSLTDTQYF,NLVPMVATV,0
CAMRGETSGSRLTF,CASSFMQGDSPLHF,NLVPMVATV,0
CAVAPGYALNF,CASSLTYGEYEQYF,NLVPMVATV,0
CALSGTSGSRLTF,CASTHSGLGAYEQYF,NLVPMVATV,0
CAYRSAMDSNYQLIW,CASSQGTTDTQYF,NLVPMVATV,0
CAAAGANNLFF,CASSLSAAKLETQYF,NLVPMVATV,0
CALTQGGSEKLVF,CASSIVRGLYNEQFF,NLVPMVATV,0
CLVGMGSGTYKYIF,CASSGGRRAF,NLVPMVATV,0
CALSGPMYGNKLVF,CASSQAAGSTEAF,NLVPMVATV,0
CAVPNSGYSTLTF,CSARIGVGNTIYF,NLVPMVATV,0
CAGDSGYALN,CASSYTLDSLYGYTF,NLVPMVATV,0
CIVRLAVAGNTGKLIF,CASSGLTAAGDYDSPLHF,NLVPMVATV,0
CALNNAGNMLTF,CASSLNGAQKETQYF,NLVPMVATV,0
CVGRNTGFQKLVF,CASSYSPGNEQYF,NLVPMVATV,0
CAVRDGNYQLIW,CASSLARSGPGSYEQYF,NLVPMVATV,0
CALVRNAGNNRKLIW,CASSAGTAYNEQFF,NLVPMVATV,0
CAASARWFSGAGSYQLTF,CASSTRSGDTQYF,NLVPMVATV,0
CAVGGDGGSQGNLIF,CASSGEGVGQPQHF,NLVPMVATV,0
CALSDPWGYGKLTF,CASSLRDGGLNYGYTF,NLVPMVATV,0
CAGRADYKLSF,CASSTYSTDTQYF,NLVPMVATV,0
CALSGNTPLVF,CAISPMATANEQF,NLVPMVATV,0
CAFKAAGNKLTF,CASKGGANEQF,NLVPMVATV,0
CALTRAGGGNKLTF,CASSTLSGNYNEQFF,NLVPMVATV,0
CALSEQRGGADGLTF,CASSAYDTDTQYF,NLVPMVATV,0
CVVRGQYNNNDMRF,CASSSGRGNTIYF,NLVPMVATV,0
CGTAHMIYNQGGKLIF,CASSLGGNQPQHF,NLVPMVATV,0
CARGNNNAGNMLTF,CASSFGGWETQYF,NLVPMVATV,0
CAVRDGGGFQKLVF,CASSLMGVRDTEAF,NLVPMVATV,0
CIVSSGNTGKLIF,CASSFLTGARSKNIQYf,NLVPMVATV,0
CVVSDRGSTLGRLYF,CATSREFGGLKGEQF,NLVPMVATV,0
CALSEARGSDGQKLLF,CASSGGTGAYEQYF,NLVPMVATV,0
CAGTSYDKVIF,CASSPVTGGIYGYTGF,NLVPMVATV,0
CACRTGANSKLTF,CASSYGTGSSEQYF,NLVPMVATV,0
CAMREAGGFKTIF,CASSLGVTGAYNEQFF,NLVPMVATV,0
CAAFRNNNARLMF,CASSVDGGGTEAFF,NLVPMVATV,0
CAVYTGGFKTIF,CASSPGQGSPLHF,NLVPMVATV,0
CAVMDSNYQLIW,CASSSLGQGAPEAF,NLVPMVATV,0
CAVMDSNYQLIW,CASSLLGGSLYEQYF,NLVPMVATV,0
CVVSDRGSTLGRLYF,CASSLGQGGSYEQYF,NLVPMVATV,0
CALTTGANNLFF,CASSSGSPGSYGYTF,NLVPMVATV,0
CAVLSSYDKVIF,CATDPGEGNTIYF,NLVPMVATV,0
CATVGIQGAQKLVF,CASSQGQLGNTLYF,NLVPMVATV,0
CALSLQTGANNLFF,CASSHGAEAFF,NLVPMVATV,0
CAFRGSQGNLIF,CAWSNQPQHF,NLVPMVATV,0
CATVGIQGAQKLVF,CAPRRGPTNEKLFF,NLVPMVATV,0
CAASINSGNTPLVF,CASSVVGAADTQYF,NLVPMVATV,0
CAGPRETSYDKVIF,CASSIRSAYEQFF,NLVPMVATV,0
CAVRDSNYQLIW,CASTPGATTGELFF,NLVPMVATV,0
CAANYGGSQGNLIF,CASSQGQLGNTIYF,NLVPMVATV,0
CAVLHSGGGADGLTF,CSVEAVGDGIYNEQFF,NLVPMVATV,0
CASYSGGGADGLTF,CASSWAPHYEQYF,NLVPMVATV,0
CVVSDRGSTLGRLYF,CASSAGTVSYEQYF,NLVPMVATV,0
CAVKNPSGGSYIPTF,CASSSEFGDTAYNEQF,NLVPMVATV,0
CAASKKAAGNKLTF,CASSVASGGYTDTQYF,NLVPMVATV,0
CAVRYMNRDDKIIF,CSARPRVFRALETQYF,NLVPMVATV,0
CAVKSQAGTALIF,CASSQLGNQPQHF,NLVPMVATV,0
CAMRAIMDSNYQLIW,CASSMERTGSDTGELF,NLVPMVATV,0
CAVSLNTGTASKLTF,CASLFAGELFF,NLVPMVATV,0
CAVRGGNDMRF,CASSPRSAYEQYF,NLVPMVATV,0
CAGAGSEGSGAGSYQLTF,CASSRRMNTEAF,NLVPMVATV,0
CVVNGMNDMRF,CASSLHETGMNTEAFF,NLVPMVATV,0
CAVSGSQGNLIF,CSVTGGSLHLYNEQFF,NLVPMVATV,0
CIVRVSGSARQLTF,CASSLSEMTGVNEQF,NLVPMVATV,0
CVVSDRGSTLGRLYF,CASKPTGGTEAFF,NLVPMVATV,0
CALNPIQGAQKLVF,CASLQGGQETQYF,NLVPMVATV,0
CAMTPPGGSQGNLIF,CSAGGAAAQETQYF,NLVPMVATV,0
CAFMIDNNNDMRF,CASSSVNEQYF,NLVPMVATV,0
CAPSDSNYQLIW,CASSPPIPGTADTIYF,NLVPMVATV,0
CAVRAATDSWGKLQF,CASSLWTGGSEAF,NLVPMVATV,0
CAGMDSNYQLIW,CASSVEQGISEAFF,NLVPMVATV,0
CALTPDYKLSF,CASSIYSNTEAF,NLVPMVATV,0
CAASPPESGGYNKLIF,CASSIFASGNTQYF,NLVPMVATV,0
CVVSPDRGSTLGRLYF,CASSQASHTGELFF,NLVPMVATV,0
CAVEDDKIIF,CASSQAQGLGYTF,NLVPMVATV,0
CAPRGNQFYF,CASSSWTGWYEQYF,NLVPMVATV,0
CAVRDDKIIF,CATSVTGGETQYF,NLVPMVATV,0
CAVRDSNYQLIW,CASLGAQNNEQF,NLVPMVATV,0
CAGAAGSSNTGKLIF,CASSDGGISGYTF,NLVPMVATV,0
CAVRDLNARLMF,CASSLGQGAYEQYF,NLVPMVATV,0
CILSRGAQKLVF,CASSVADNPYNEQFF,NLVPMVATV,0
CAVVDSNYQLIW,CASSAGTGKTQYF,NLVPMVATV,0
CAGFGGYQKVTF,CASKGMASGGLRGTGELFF,NLVPMVATV,0
CAVSDGAGTALIF,CASSPSPNTEAF,NLVPMVATV,0
CAGMDSNYQLIW,CASSFHRVMNTEAFF,NLVPMVATV,0
CAESGDSNYQLIW,CASSRLAGGFDEQFF,NLVPMVATV,0
CAMREGTGRRALTF,CASSYVASGSSNYGYTF,NLVPMVATV,0
CAFMKWRGFTGGGNKLTF,CASSSNIIRGSSYEQYF,NLVPMVATV,0
CAMFYSGNTGKLIF,CASSQSPGGTRYF,NLVPMVATV,0
CAVSVLSGNTPLVF,CASSYATGIPDTQYF,NLVPMVATV,0
CALRLGTGGFKTIF,CASSYHQGRGYTF,NLVPMVATV,0
CAASKGSWGKLQF,CATSPDRGGADEKLFF,NLVPMVATV,0
CAVLDSNYQLIW,CSARDRDSSDTQYF,NLVPMVATV,0
CAVADSNYQLIW,CASSIRSSYEQYF,NLVPMVATV,0
CAVMDSNYQLIW,CASSPFRDRGTGELF,NLVPMVATV,0
CAAMDSNYQLIW,CASSQLRLNTEAF,NLVPMVATV,0
CAGLKAAGNKLTF,CASSYQTGNEQFF,NLVPMVATV,0
CAERLQTGANNLFF,CASSSDRQETQYF,NLVPMVATV,0
CAASLNDMRF,CASSSSRESYNEQFF,NLVPMVATV,0
CAVNQPDYKLSF,CSASLAGDTGELFF,NLVPMVATV,0
CAVVWYNNNDMRF,CASSVRSTDTQYF,NLVPMVATV,0
CAPTGNAGNMLTF,CASRSVRGNTEAF,NLVPMVATV,0
CAATNDMRF,CASSQEYDSGGSPLHF,NLVPMVATV,0
CAVSDDKIIF,CASSPRTSGNEQFF,NLVPMVATV,0
CAFTTDSWGKLQF,CASSQDRAGLYEQYF,NLVPMVATV,0
CAGESGNTGKLIF,CASSLGYGTEAFF,NLVPMVATV,0
CAVMDSNYQLIW,CASSERTSGVGEQFF,NLVPMVATV,0
CALRPRVQGAQKLVF,CASSLGGNQPQHF,NLVPMVATV,0
CAMREGTGRRALTF,CASSLVGSYEQYF,NLVPMVATV,0
CALDIPEAGNMLTF,CSVVIRGSEAFF,NLVPMVATV,0
CAASNASGGSYIPTF,CASSAGGTDTQYF,NLVPMVATV,0
CAASANSGTYKYIF,CASSTRSAYEQYF,NLVPMVATV,0
CAVRDSNYQLIW,CASSQISDNYNEQF,NLVPMVATV,0
CALGGTSYGKLTF,CASSPTGSYGYTF,NLVPMVATV,0
CAADSNARLMF,CASSLAGGQETQYF,NLVPMVATV,0
CAMPWKAAGNKLTF,CASSLATDGYTF,NLVPMVATV,0
CVVRFPFNDYKLSF,CASSLSDVSWNTEAF,NLVPMVATV,0
CAVRASGTYKYIF,CASSLGGNQPQHF,NLVPMVATV,0
CILDNNNDMRF,CASTRTSGDSYEQYF,NLVPMVATV,0
CALSPGGSYIPTF,CASTDSYGYTF,NLVPMVATV,0
CAAAYRF,CASSGRDTSTDTQYF,NLVPMVATV,0
CAGVDSNYQLIW,CASSLTETGVTEAF,NLVPMVATV,0
CAVRVNTNAGKSTF,CASSSANYGYTF,NLVPMVATV,0
CVVSDRGSTLGRLYF,CSARDSTGSNQPQHF,NLVPMVATV,0
CAVRTDSWGKLQF,CSVEGLAFQETQYF,NLVPMVATV,0
CAVGNTGKLIF,CASSLAPGATNEKLFF,NLVPMVATV,0
CAVTTDSWGKLQF,CASTPGQALNEQYF,NLVPMVATV,0
CAVLTGGFKTIF,CSARGQAITEQLFF,NLVPMVATV,0
CVVSDRGSTLGRLYF,CATSSASSYEQYF,NLVPMVATV,0
CAENRKTSYDKVIF,CSARLGVGNTIYF,NLVPMVATV,0
CAVAFGNQFYF,CASSHGQGGQETQYF,NLVPMVATV,0
CAVRDSSYQLIW,CAISGGSGDNEQF,NLVPMVATV,0
CAETGQGGGADGLTF,CASSVRSTDTQYF,NLVPMVATV,0
CLHNAGNMLTF,CASSIRSSYEQYF,NLVPMVATV,0
CAENIKGLTGGGNKLTF,CASSGLAANEQFF,NLVPMVATV,0
CALSEGTTSGTYKYIF,CASSFEGLLSTDTQYF,NLVPMVATV,0
CAVGFTSGTYKYIF,CASSIGASTDTQYF,NLVPMVATV,0
CIVSSVGSNYQLIW,CAWSVGFLTDTQYF,NLVPMVATV,0
CAETPYSSASKIIF,CASSFRAGYNEQYF,NLVPMVATV,0
CALSGSSVGAAGNKLTF,CASSLTENTEAFF,NLVPMVATV,0
CALEAQKLVF,CASSPQGFSYEQYF,NLVPMVATV,0
CAGAPSSSNTGKLIF,CASSLAPGATNEKLFF,NLVPMVATV,0
CALLQGGSEKLVF,CASSLPETSGGLDEQF,NLVPMVATV,0
CAYRSVRVDNQFYF,CASGQPQHF,NLVPMVATV,0
CAYRSPPSSEKLVF,CASSPGGTEAFF,NLVPMVATV,0
CAWGSARQLTF,CSTGSGEGYEQYF,NLVPMVATV,0
CAENGNQGGKLIF,CASTASYGYTF,NLVPMVATV,0
CAVPNSGYSTLTF,CASSSQVPTDTQYF,NLVPMVATV,0
CAGQLSSQGNLIF,CASSSSTDTQYF,NLVPMVATV,0
CAETGDSNYQLIW,CASSPTGGIYEQYF,NLVPMVATV,0
CSFSDGQKLLF,CASSQSPGGEQFF,NLVPMVATV,0
CAVQAPSETSGSRLTF,CASSRLAGGLGEQFF,NLVPMVATV,0
CAVEDSNYQLIW,CASIDRGRANIQYF,NLVPMVATV,0
CAENMGGGSQGNLIF,CASSEDRLARTEAFF,NLVPMVATV,0
CVALGGLNTGFQKLVF,CASSQGVLTEAFF,NLVPMVATV,0
CAVNSDGQKLLF,CASSVGLAKNIQYF,NLVPMVATV,0
CAVRDEDYQLIW,CASREENTGELF,NLVPMVATV,0
CATDGRTHKYIF,CASSRGGRGLTDTQYF,NLVPMVATV,0
CALRQAGNMLTF,CASSRATGELF,NLVPMVATV,0
CAVITGGGNKLTF,CASSLSLAGIPDTQYF,NLVPMVATV,0
CVVSGDNGGSQGNLIF,CASSIGWSGYTF,NLVPMVATV,0
CAASGYSTLTF,CASSPRGSGGLYQETQYF,NLVPMVATV,0
CALSENTGFQKLVF,CASSHIGSTGELFF,NLVPMVATV,0
CALSGNTPLVF,CASSSPGQGYGYTF,NLVPMVATV,0
CAGAGGGSQGNLIF,CASSLYSGGGQPQHF,NLVPMVATV,0
CAVRPLNTGTASKLTF,CASSQETIAKNIQYF,NLVPMVATV,0
CAMREGQDARLMF,CASSPPTLGQNYEQYF,NLVPMVATV,0
CAVGDSNYQLIW,CASSSVSGGAFNEQFF,NLVPMVATV,0
CALSDHNAGNMLTF,CAWKPGRDEQFF,NLVPMVATV,0
CAMGETGGPKTIF,CSSSLRGSNQPQHF,NLVPMVATV,0
CAVSDLYAGGTSYGKLTF,CSARAASGSVQETQYF,NLVPMVATV,0
CAGDLVIYGGSQGNLIF,CASSTSLGGGARQYF,NLVPMVATV,0
CAVRDSNYQLIW,CASSLARGTQYF,NLVPMVATV,0
CAYRSAESGNTPLVF,CASSLGGSYEQYF,NLVPMVATV,0
CALSPMDSSYKLIF,CATTTGTESSNQPQHF,NLVPMVATV,0
CALSVSRGYSTLTF,CASSTRAADTQYF,NLVPMVATV,0
CAMREGRDDKIIF,CAWSRGAVEQFL,NLVPMVATV,0
CAVYSNSGYALNF,CASSREPNPNYGYTF,NLVPMVATV,0
CVVSDRGSTLGRLYF,CAWSVSGAALYEQYF,NLVPMVATV,0
CALMNSGGYQKVTF,CASSQERGGKWAYEQYF,NLVPMVATV,0
CAVLDSNYQLIW,CASSPYQTGLDGYTF,NLVPMVATV,0
CAMRESVSGVNNLFFI,CASSIRSSYEQYF,NLVPMVATV,0
CAVADSNYQLIW,CASSTKGQGASETQYF,NLVPMVATV,0
CTYGSSNTGKLIF,CASSPTGGGTGELF,NLVPMVATV,0
CAASDNFNKFYF,CASTYTSLAHNEQF,NLVPMVATV,0
CAVIPMDSSYKLIF,CASRKLAGDLDEQYF,NLVPMVATV,0
CAASEGGGSQGNLIF,CSARGTTNEQYF,NLVPMVATV,0
CAVTNDKIIF,CASSDRQTGAVSFRETQYF,NLVPMVATV,0
CAVRGIIQGAQKLVF,CASDGGGNTEAFF,NLVPMVATV,0
CVVSDRGSTLGRLYF,CASSRTVYEQYF,NLVPMVATV,0
CAFMNGARLMF,CASGTLNSNQPQHF,NLVPMVATV,0
CASGIQGAQKLVF,CASSSPQRATDTQYF,NLVPMVATV,0
CAMRTGADSSYKLIF,CASSFSMAWDQPQHF,NLVPMVATV,0
CATASRLGNMLTF,CASSLSGSYYNEQFF,NLVPMVATV,0
CALPANAGGTSYGKLTF,CASSPGVLGNTIYF,NLVPMVATV,0
CVVKRNRDDKIIF,CASSPRAYNEQFF,NLVPMVATV,0
CAVGAWNNNARLMF,CASKGTGDGEQYF,NLVPMVATV,0
CAVGGSNARLMF,CASSQSMGGTQYF,NLVPMVATV,0
CALKNVGDSARQLTF,CASREKRDEQYF,NLVPMVATV,0
CATEDYNTDKLIF,CASSIRSSYEQYF,NLVPMVATV,0
CVVTDRGSTLGRLYF,CASSLQGPHEQYF,NLVPMVATV,0
CALSVLNQGGKLIF,CSAIPTGNYEQYF,NLVPMVATV,0
CAGGGSQGNLIF,CASSPTGEETQYF,NLVPMVATV,0
CAMREGTGRRALTF,CSVEATRADTQYF,NLVPMVATV,0
CATSLLGFGNVLHC,CASSQDWSSFGSYNEQFF,NLVPMVATV,0
CAVMDSSYKLIF,CASSPTSSTPSYAQYF,NLVPMVATV,0
CAVPTDSWGKLQF,CASSSLGGKNYGYTF,NLVPMVATV,0
CAFMKIMNRDDKIIF,CATSSHAGETQYF,NLVPMVATV,0
CVVSDRGSTLGRLYF,CASSQVAGRQKYF,NLVPMVATV,0
CAGAGSQGNLIF,CSVGTGGTNEKLFF,NLVPMVATV,0
CAVEAYGQNFVF,CASSLLGSNQPQHF,NLVPMVATV,0
CAVAASGSARQLTF,CASRDAVNSYEQYF,NLVPMVATV,0
CRCSGYSTLTF,CASSPAFSRHYEQCF,NLVPMVATV,0
CASESTGAQKLVF,CASRDRLVSYEQYF,NLVPMVATV,0
CAFINNNARLMF,CASSLSTDTQYF,NLVPMVATV,0
CVVSHYGGSQGNLIF,CASSPGYEQYF,NLVPMVATV,0
CAVSSNTGKLIF,CASSYSSSTGELFF,NLVPMVATV,0
CLVGGPPGAGSYQLTF,CASGGGSVGQGVFDGYTF,NLVPMVATV,0
CAVNNNDMRF,CASSETGFGNQPQHF,NLVPMVATV,0
CAGAGGGSQGNLIF,CASSAGTGGYEQYF,NLVPMVATV,0
CALLGTTYSNYQLIW,CASSLWVGGSSGANVLTF,NLVPMVATV,0
CAASIMAGNQFYF,CASSLGMFDQPQHF,NLVPMVATV,0
CAGQAAGNKLTF,CASSQSMGGTQYF,NLVPMVATV,0
CAVGDRTTSGTYKYIF,CASSVTGRWVPLHF,NLVPMVATV,0
CAVFEMEYGNKLVF,CASSQRTSGSDEQYF,NLVPMVATV,0
CAVRDMLTGANNLFF,CASSLEGGGYEQYF,NLVPMVATV,0
CAYLNTGNQFYF,CACRPRALYGYTF,NLVPMVATV,0
CALKADTGFQKLVF,CASSLFGYRQETQYF,NLVPMVATV,0
CAVMDSSYKLIF,CSARSWDRSELMGYTF,NLVPMVATV,0
CAGRSTGNQFYF,CATSSFPRLEWDEQF,NLVPMVATV,0
CILDNNNDMRF,CASSLPGDEQFF,NLVPMVATV,0
CAVRDSNYQLIW,CASSRLTSGGRNEQFF,NLVPMVATV,0
CAAMGDSSYKLIF,CASSAPRETQYF,NLVPMVATV,0
CAFMKGAGGTSYGKLTF,CASSYRGTGELF,NLVPMVATV,0
CAVMDSNYQLIW,CASSLGQNTEAFF,NLVPMVATV,0
CANYGGATNKLIF,CASSLGFSYEQYF,NLVPMVATV,0
CAASKGSARQLTF,CASSLDPGSSGANVLTF,NLVPMVATV,0
CAVGRDGNQFYF,CASSLSGQETDTQYF,NLVPMVATV,0
CALSDQSGGSYIPTF,CASGEDVGSEQYF,NLVPMVATV,0
CALSEMSTVSQGGSEKLVF,CASSARASGGDEQFF,NLVPMVATV,0
CALSESGGYNKLIF,CAWSVSSYNEQF,NLVPMVATV,0
CAVQASQGGSEKLVF,CAAYSFGRGGGTEAFF,NLVPMVATV,0
CATSGTYKYIF,CASSHGMGASTSGYT,NLVPMVATV,0
CIVRVAYYQLIW,CASSDLAGGTDTQYF,NLVPMVATV,0
CALTYTGTASKLTF,CASSLYGRGDQPQHF,NLVPMVATV,0
CALSEAGTGGSYIPTF,CASSLRWGDGGKLF,NLVPMVATV,0
CAEDLNARLMF,CASSSETELLYYGYTF,NLVPMVATV,0
CAFSGYALNF,CASSIRSSYEQYF,NLVPMVATV,0
CAVPVQGAQKLVF,CASSLSTDTQYF,NLVPMVATV,0
CAVRDSASGGGADGLTF,CASSRRTSGTYEQYF,NLVPMVATV,0
CAFSMEYGNKLVF,CASSLSVLSSPLHF,NLVPMVATV,0
CALSGNTPLVF,CASSYSMWTTYEQYF,NLVPMVATV,0
CAVNGGWGKLQF,CATTPDGDDTQYF,NLVPMVATV,0
CLVGVMEYGNKLVF,CASSLEENTEAF,NLVPMVATV,0
CALSGQNSGNTPLVF,CASSLIEGNQPQHF,NLVPMVATV,0
CAPKNTGNQFYF,CASSLGWGYEQYF,NLVPMVATV,0
CALPLRNDYKLSF,CASSRPDRGLYNEQF,NLVPMVATV,0
CAGINNNDMRF,CASSLSTDTQYF,NLVPMVATV,0
CVVSDRGSTLGRLYF,CASSGRDTSTDTQYF,NLVPMVATV,0
CVVSDRGSTLGRLYF,CASSPQTGTIYGYTGF,NLVPMVATV,0
CVVNNGNDYKLSF,CASSRRSSDEQYF,NLVPMVATV,0
CAAPSGNTPLVF,CASSPGQLLTF,NLVPMVATV,0
CAVQNAGGTSYGKLTF,CSARVGVGNTIYF,NLVPMVATV,0
CAVRDSNYQLIW,CASSDQGLGTEAF,NLVPMVATV,0
CAVMDSNYQLIW,CASSLYGSPDQPQHF,NLVPMVATV,0
CALVNYGGATNKLIF,CASSPRTTAEAFF,NLVPMVATV,0
CAVSDRAAGNKLTF,CSARTAVNTEAF,NLVPMVATV,0
CALSEVRSRGSTLGRLYF,CASSTGGNTEAFF,NLVPMVATV,0
CADPKGASGGSYIPTF,CASSIQTGNSPLHF,NLVPMVATV,0
CAVLDSNYQLIW,CASSVAGGDEQFF,NLVPMVATV,0
CAVLDSNYQLIW,CASSQDLTSEAFF,NLVPMVATV,0
CAGAAGSSNTGKLIF,CASSQDSSGGLGEQFF,NLVPMVATV,0
CAVRAGTALIF,CASSQDGLGGSYNEQFF,NLVPMVATV,0
CAFMKLGSGNTGKLIF,CASSIRSSYEQYF,NLVPMVATV,0
CAVGDAGGATNKLIF,CASSLVGGLVGGYTF,NLVPMVATV,0
CAVRDSNYQLIW,CASSPKTGESYEQYF,NLVPMVATV,0
CAVRDIGGTALIF,CASSLATSGGGSDTQYF,NLVPMVATV,0
CVVSDRGSTLGRLYF,CASSIAPGNEQYF,NLVPMVATV,0
CAEIQGAQKLVF,CASVGPGYTGELFF,NLVPMVATV,0
CVVSDRGSTLGRLYF,CASSQVQGTSGGEQYF,NLVPMVATV,0
CAAPRETSYDKVIF,CSAVRLASSYNEQFF,NLVPMVATV,0
CAARKMRGSYIPTF,CASSMIQGADTQYF,NLVPMVATV,0
CALRNAGNMLTF,CASSLARALLYQETQYF,NLVPMVATV,0
CAVIEAAGNKLTF,CASSLTEAGNQPHHF,NLVPMVATV,0
CAVLDSNYQLIW,CASQLYSGGDQPQHF,NLVPMVATV,0
CIRPLIRGANNLFF,CASRPPPAGQKETQYF,NLVPMVATV,0
CATVPDYKLSF,CSDGTGDGYTF,NLVPMVATV,0
CAVMDSNYQLIW,CASSVVGGGAADTQYF,NLVPMVATV,0
CAVKGAGSYQLTF,CASRSPDTGELF,NLVPMVATV,0
CAVSGSGTYKYIF,CASSQDRQGWNEQYF,NLVPMVATV,0
CVVNSLSGGYNKLIF,CASSSGRVYEQYF,NLVPMVATV,0
CVVSDRGSTLGRLYF,CASSIDPPGLADNEQF,NLVPMVATV,0
CAMRRSGGYNKLIF,CASSPTWSPYEQYF,NLVPMVATV,0
CALQTGANNLFF,CASSLEAISNYNEQFF,NLVPMVATV,0
CAMSERNKARLMF,CASSQSRGLAVSGELF,NLVPMVATV,0
CAVKTYLNYGGSQGNLIF,CSVVRDLWEPAFF,NLVPMVATV,0
CAVRDARLMF,CASSLQGNYGYTF,NLVPMVATV,0
CVVSDRGSTLGRLYF,CASSSQTGPYSNQPQHF,NLVPMVATV,0
CAVNSNSGYALNF,CASSFDSSGANVLTF,NLVPMVATV,0
CAVMDSNYQLIW,CSVAGTGMTDTQYF,NLVPMVATV,0
CAVSDQGSGYSTLTF,CASSLASGEDTQYF,NLVPMVATV,0
CAMREGSTSGTYKYIF,CASSQPAAPTGRRETQYF,NLVPMVATV,0
CAVKDSNYQLIW,CASSPQDRDFYEQYF,NLVPMVATV,0
CAGSMKTSYDKVIF,CASSIRSQETQYF,NLVPMVATV,0
CIVRAYMYSGGGADGLTF,CASSQGVPYQPQHF,NLVPMVATV,0
CAYRSDGDMRF,CASIASRYNQPQHF,NLVPMVATV,0
CVVSDRGSTLGRLYF,CASSRDSNEQF,NLVPMVATV,0
CAVRDSNYQLIW,CASSPQTGVGNYGYTF,NLVPMVATV,0
CAVTWVTSGSRLTF,CAIAGTSGTGELFF,NLVPMVATV,0
CALRPVIQGAQKLVF,CASSDTNTGELF,NLVPMVATV,0
CAYRSAYGNKLVF,CSARNRDLGNTIYF,NLVPMVATV,0
CAGASGSSNTGKLIF,CASTGQNPEAFF,NLVPMVATV,0
CIVHTNSGGSNYKLTF,CASSALTSGGDEQFF,NLVPMVATV,0
CAVSETGANSKLTF,CAWSVYRGYEQYF,NLVPMVATV,0
SAEKLTF,CSVEGTRGYNEQFF,NLVPMVATV,0
CAVTTDSWGKLQF,CASSQLKGPSSYEQYF,NLVPMVATV,0
CALMTTDSWGKLQF,CSVEDFYNEQFL,NLVPMVATV,0
CAYRTNTGNQFYF,CASYAGQGLHYKQYF,NLVPMVATV,0
CAMREGYNAGNMLTF,CASSEAGQLNEQF,NLVPMVATV,0
CAGQLGYGATNKLIF,CASSSRSGETQYF,NLVPMVATV,0
CAVTSGAGSYQLTF,CASSQRTSGTIYNEQFF,NLVPMVATV,0
CAERSGAGSYQLTF,CASSEDNPIEQYF,NLVPMVATV,0
CALQNAGNMLTF,CASRWGQGPSYEQYF,NLVPMVATV,0
CAVMDSNYQLIW,CASSPLTGTDTQYF,NLVPMVATV,0
CAGPTGGSYIPTF,CASSQGVEAF,NLVPMVATV,0
CILKTGANNLFF,CASSSVNEQYF,NLVPMVATV,0
CAGLPRAAGNKLTF,CASSEFARGNQPQHF,NLVPMVATV,0
CAGPSGGSYIPTF,CASSFSSLNTGELFF,NLVPMVATV,0
CATGSNTGKLIF,CASGQASSYNSPLHF,NLVPMVATV,0
CAMSADNYGQNFVF,CASSLGPAAGYTF,NLVPMVATV,0
CASPSNSGYALNF,CASSSRLAGGSETQYF,NLVPMVATV,0
CVVSDRGSTLGRLYF,CASSLAPGDGYEQYF,NLVPMVATV,0
CAVSDNNARLMF,CASSLEQGAGETQYF,NLVPMVATV,0
CIAQGAQKLVF,CASSLPTSGEETQYF,NLVPMVATV,0
CALRGAGNMLTF,CASSYVGGDTDTQYF,NLVPMVATV,0
CAGPAQGSGTYKYIF,CASGDSGALEFF,NLVPMVATV,0
CAASGRGQGAQKLVF,CASSSRSSYEQYF,NLVPMVATV,0
CAVKDRGGSEKLVF,CASSQTIGTGFSNEQFF,NLVPMVATV,0
CAANPGGGQNFVF,CASSLQGLGTEAF,NLVPMVATV,0
CAASIEGWTPLVF,CASRPFATNEKLFF,NLVPMVATV,0
CALDAGNMLTF,CASTPPGSETQYF,NLVPMVATV,0
CAAFRNNNARLMF,CASSSRLADEQFF,NLVPMVATV,0
CAFTNINDYKLSF,CASSAQGFGELF,NLVPMVATV,0
CAMSGGNYGGATNKLIF,CASSENTGELFF,NLVPMVATV,0
CAGQPSRHDDKIIF,CASSLAGGRTEAF,NLVPMVATV,0
CAGGGSQGNLIF,CSVTGGTYEQYF,NLVPMVATV,0
CALSESWGSARQLTF,CASSIRSSYEQYF,NLVPMVATV,0
CAVRDEDYKLSF,CASSLLGQDNSPLHF,NLVPMVATV,0
CAVGAQNARLMF,CSAIGPRGTDTQYF,NLVPMVATV,0
CAASGGGSYIPTF,CASSLTVAGDTEAF,NLVPMVATV,0
CALRGTNNRKLIW,CASSYFGGSLSEQYF,NLVPMVATV,0
CAPPGDGNNRLAF,CASSLTDTQYF,NLVPMVATV,0
CAGLPSNFGNEKLTF,CREMGAVNEKLFF,NLVPMVATV,0
CILRDNQGAQKLVF,CASSLDPGAYNEQFF,NLVPMVATV,0
CAGWGAGNNRKLIW,CVSSIRSAYEQYF,NLVPMVATV,0
CALSEVRSRGSTLGRLYF,CSVGSGGTNEKLFF,NLVPMVATV,0
CAAKGVYGGATNKLIF,CASSQGVSGVYEQYF,NLVPMVATV,0
CATMDSNYQLIW,CASSLAPGATNEKLFF,NLVPMVATV,0
CALIQGAQKLVF,CASSQDAQGGGSYNEQFF,NLVPMVATV,0
CAGHTNNAGNMLTF,CASSSQETQYF,NLVPMVATV,0
CAGMDSNYQLIW,CASSSYGGSNQPQHF,NLVPMVATV,0
CAVVVRGNNRLAF,CASSYGVGTEAFF,NLVPMVATV,0
CAIGNNDMRF,CAIRTRIGETQYF,NLVPMVATV,0
CIVSLTQGGSEKLVF,CASSPAGGAYNEQFF,NLVPMVATV,0
CAVSLWDGGYQKVTF,CASRDSNYGYTF,NLVPMVATV,0
CAVNGGFGNVLH,CASSLAPGATNEKLFF,NLVPMVATV,0
CAGHFRGGSNYKLTF,CASSGVEGITVNTEAF,NLVPMVATV,0
CAYRRNTGTASKLTF,CATSPLGMNNEQF,NLVPMVATV,0
CAVRREDAYSGAGSYQLTF,CASSPRGVGTEAFF,NLVPMVATV,0
CAVEFSGGYNKLIF,CSARGAGFSGANVLTF,NLVPMVATV,0
CLVVPDSSYKLIF,CASSLISEATGLEAFF,NLVPMVATV,0
CAVNPGNTGGFKTIF,CASSALGGGGTGELF,NLVPMVATV,0
CAVNEGTGNQFYF,CASSEGARGVGEQFF,NLVPMVATV,0
CAVKEWGKLVF,CASSESWTYKQYF,NLVPMVATV,0
CAVRDNTGGFKTIF,CASSMPTGTDSYEQYF,NLVPMVATV,0
CVVSDRGSTLGRLYF,CASSLGPSLYEQYF,NLVPMVATV,0
CVAGNQFYF,CASSTVNNQPQHF,NLVPMVATV,0
CAVNTGFQKLVF,CASSLSPSTGRVEQYF,NLVPMVATV,0
CAVKDSNYQLIW,CASSKEDREKETQYF,NLVPMVATV,0
CALIRSGNTGKLIF,CASSIRSSDTQYF,NLVPMVATV,0
CAASWVVEQGGKLIF,CASSFAGLDGYTF,NLVPMVATV,0
CAASSPLATSGSARQLTF,CASSLTGGYEQYF,NLVPMVATV,0
CAGVGGGSQGNLIFGKG,CASSPMASGGDEQFF,NLVPMVATV,0
CALGGASSGGSYIPTF,CASSVAGGSGNTIYF,NLVPMVATV,0
CIVRTPNTDKLIF,CASSPKLQGAWAEKLF,NLVPMVATV,0
CVVSDRGSTLGRLYF,CSVLQGMGTLF,NLVPMVATV,0
CAGSGGYQKVTF,CASRPPDTGELF,NLVPMVATV,0
CAVNVEGAQKLVF,CASSFAGTTEAFF,NLVPMVATV,0
CILREYFGNEKLTF,CASSSTPLSTDTQYF,NLVPMVATV,0
CAFGRGAQKLVF,CASSQPQAGVNEQFF,NLVPMVATV,0
CAASGGGSQGNLIF,CASSIRSTDTQYF,NLVPMVATV,0
CALKGNNNARLMF,CASSLEWTGGSSTDTQYF,NLVPMVATV,0
CAASPRYSGAGSYQLTF,CASGIAYNEQFF,NLVPMVATV,0
CILRAPNTGNQFYF,CASSLGQGGVGEKLFF,NLVPMVATV,0
CAVENPDNQFYF,CASSVGGLGSTDTQYF,NLVPMVATV,0
CAASAPDGQNFVF,CASSPVGAASSYEQYF,NLVPMVATV,0
CVVSDRGSTLGRLYF,CASSLSSAGGAVYGYTF,NLVPMVATV,0
CAGGGSSNTGKLIF,CSAREEGTQAWETQYF,NLVPMVATV,0
CARPEAGNMLTF,CASSKQTGTGNYGYTF,NLVPMVATV,0
CAVQTQGGSEKLVF,CASSIVAAHYGYTF,NLVPMVATV,0
CAVLDSNYQLIW,CAWSLVEGTGELFF,NLVPMVATV,0
CAMREGTGRRALTF,CAWSVSGSYGYTF,NLVPMVATV,0
CTDNARLMF,CASSLVQDGLATNEKLFF,NLVPMVATV,0
CAVTRMDSSYKLIF,CASSVVRGNPNEQF,NLVPMVATV,0
CAVRDYTGTASKLTF,CASSGHSGRDQETQYF,NLVPMVATV,0
CAGFSSNTGKLIF,CASSIRSSYEQYF,NLVPMVATV,0
CILRGIYNQGGKLIF,CASSPAGIQETQYF,NLVPMVATV,0
CAYRSADRMDSNYQLIW,CASSQEAAGSQPQHF,NLVPMVATV,0
CIVYGGSQGNLIF,CASSLGGASYEQYF,NLVPMVATV,0
CREGTGTASKLTF,CASSSTSGFHEQYF,NLVPMVATV,0
CAASGGSNYKLTF,CASSLYGGLHYGYTF,NLVPMVATV,0
CAASWGNNDMRF,CASSLATSGASTDTQYF,NLVPMVATV,0
CAGGGSQGNLIF,CASSLWGVDEQFF,NLVPMVATV,0
CAVRDGNYKLSF,CGARDGTGNGYTF,NLVPMVATV,0
SFGNEKLTF,CASSSNRAGELFF,NLVPMVATV,0
CARNTGNQFYF,CASMEISGGAVKNIQYF,NLVPMVATV,0
CATDAEGNNRLAF,CASLTRDEQFF,NLVPMVATV,0
CALSGVGGFGNEKLTF,CASSLLSGTSLRVTGELFF,NLVPMVATV,0
CAMSRYTGNQFYF,CASRWTSGGNTGELF,NLVPMVATV,0
CAVSASKIIF,CASRIGINGYPF,NLVPMVATV,0
CAVGARSNSGYALNF,CASRGLAGEGEQF,NLVPMVATV,0
CALNSGGSNYKLTF,CSARGALADFNSYEQYF,NLVPMVATV,0
CAMREAYNTNAGKSTF,CASSSIQTESNYGYTF,NLVPMVATV,0
CADMDSNYQLIW,CASSLLGQGASGAFF,NLVPMVATV,0
CAVRPAGDSSYKLIF,CASSHQGVGQPQHF,NLVPMVATV,0
CAVRDSNYQLIW,CASRRLAGTYEQYF,NLVPMVATV,0
CALYTGGFKTIF,CASSETGENIQYF,NLVPMVATV,0
CAMREGRGSTLGRLYF,CASSSDINYGYTF,NLVPMVATV,0
CAVRDLNARLMF,CASRAGIQSGELFF,NLVPMVATV,0
CAASINSGNTPLVF,CASSIYSNQPQHF,NLVPMVATV,0
CAVRNSGYALNF,CASSGFDRDNYGYTF,NLVPMVATV,0
CAASIKAAGNKLTF,CASSSGIGDTQYF,NLVPMVATV,0
CAYLSYNNNDMRF,CASWDHSYEQYF,NLVPMVATV,0
CAVVDSNYQLIW,CASSRPSLGEKLF,NLVPMVATV,0
CAEITSNTGKLIF,CASSLGFGYEQFF,NLVPMVATV,0
CILPKIQGAQKLVF,CASSDSSTDTQYF,NLVPMVATV,0
CAVRDGVGQAGTALIF,CASSLEGFTEAF,NLVPMVATV,0
CAVRGFQKLVF,CASSTGLEQYF,NLVPMVATV,0
CAEMDGGYQKVTF,CASSISSTGELF,NLVPMVATV,0
CAVKGFGNVLHC,CASSQAGSREQYF,NLVPMVATV,0
CVVSDRGSTLGRLYF,CAWSVRDRVDNQPQHF,NLVPMVATV,0
CILRDVWSNFGNEKLT,CASSPSGGAYGYTF,NLVPMVATV,0
CAMRYDTGGFKTIF,CASSQRTSPLEQYF,NLVPMVATV,0
CATDASPGTSGSRLTF,CSARDPVSTYEQYF,NLVPMVATV,0
CILPLAGGTSYGKLTF,CATSPHGTSTEAFF,NLVPMVATV,0
CAVRDRGGKSTF,CASSVWGTDTQYF,NLVPMVATV,0
CALSERIRKTGANNLFF,CASSLEPGRNEKLF,NLVPMVATV,0
CVVSDRGSTLGRLYF,CASSPPPGAVETQYF,NLVPMVATV,0
CAVRGRGSGYSTLTF,CSVGDLKFNEQFF,NLVPMVATV,0
CVVSDRGSTLGRLYF,CASRARSPNEQNF,NLVPMVATV,0
CALSEANTGNQFYF,CASSHPGHIGQPQHF,NLVPMVATV,0
CAVSERDDKIIF,CASSPRTSGYYEQYF,NLVPMVATV,0
CAGSSGGSQGNLIF,CASSLDSYTQYF,NLVPMVATV,0
CVVSDRGSTLGRLYF,CASSLPPQETQYF,NLVPMVATV,0
CAETLSGNTGKLIF,CASSPGGNQPQHF,NLVPMVATV,0
CAVLEWGTKETSGSRL,CASSYSSSSYNEQFF,NLVPMVATV,0
CAVGMNNNARLMF,CASSARTSGNQPQHF,NLVPMVATV,0
CAVTDSNYQLIW,CASSVGRQETQYF,NLVPMVATV,0
CVVSDRGSTLGRLYF,CATSEAASSWTGELF,NLVPMVATV,0
CAMSGSSGSARQLTF,CASSPDRFGTQYF,NLVPMVATV,0
CAFTTNFGNEKLTF,CASSLEQTTRTDTQYF,NLVPMVATV,0
CAYRSPPSSEKLVF,CASSAGGTPDQPQHF,NLVPMVATV,0
CAMRRGNYGQNFVF,CASSFLGGGSDNEQFF,NLVPMVATV,0
CAVRDSNYQLIW,CASGGGTVYEQYF,NLVPMVATV,0
CAVIPPRGTGNQFYF,CSATCNGTFLYQETQYF,NLVPMVATV,0
CIVRVGAAGNKLTF,CASRQTGAAYGYTF,NLVPMVATV,0
CALRWGAGGTSYGKLTF,CSVRSGGAKNIQYF,NLVPMVATV,0
CAVSDRAGGSYIPTF,CASTESSYNEQFF,NLVPMVATV,0
CAGGGSQGNLIF,CASSPGQGRDEQFF,NLVPMVATV,0
CAGQLRNNLFF,CASSLDPASYNEQFF,NLVPMVATV,0
CAGAKNSGYALNF,CASSVLATSSYNEQF,NLVPMVATV,0
CAENSGAGSYQLTF,CASSVWGTDTQYF,NLVPMVATV,0
CAVRDLNARLMF,CASSPQGQGESGANVLTF,NLVPMVATV,0
CAMSERNNARLMF,CASRLAGSHEQYF,NLVPMVATV,0
CIAIYNFNKFYF,CASSRSGLYEQY,NLVPMVATV,0
CAVRWETSGSRLTF,CSARGALTNYGYTF,NLVPMVATV,0
CAPPLYSGAGSYQLTF,CAIRDRGDTQYF,NLVPMVATV,0
CILISGTNAGKSTF,CASSSVNEQYF,NLVPMVATV,0
CAVSTDKLIF,CASSFKGADTQYF,NLVPMVATV,0
CVVSARFAGKSTF,CASGQRRGPDTRELF,NLVPMVATV,0
CAFMTNAGGTSYGKLTF,CASSIRSTDTQYF,NLVPMVATV,0
CAVSIEETSGSRLTF,CASSLAYTDTQYF,NLVPMVATV,0
CAGASDYKLSF,CASSDRETYEQYF,NLVPMVATV,0
CAERDGGFKTIF,CASSPARAERGRELFF,NLVPMVATV,0
CAASRDSSASKIIF,CASTLGGNTGELFF,NLVPMVATV,0
CALQGGSNYKLTF,CASSYGTIYEQYF,NLVPMVATV,0
CAVLGSSNTGKLIF,CASSIARAGGPNEQFF,NLVPMVATV,0
CALISNTNAGKSTF,CASSVATEGYEQYF,NLVPMVATV,0
CAVLDSNYQLIW,CSARDQTGNGYTF,NLVPMVATV,0
CAVRDMQDSNYQLIW,CASSPNTIANEQF,NLVPMVATV,0
CVVSDRGSTLGRLYF,CASSQGGSDTQYF,NLVPMVATV,0
CAGMDSNYQLIW,CARTSGQGVFMNTEAFF,NLVPMVATV,0
CAVRGDTGRRALTF,CASSLRGFSTDTQYF,NLVPMVATV,0
CAVSPGAGNMLTF,CASSVWGTDTQYF,NLVPMVATV,0
CAVLDSNYQLIW,CASSLWNTEAFF,NLVPMVATV,0
CAMREGTGRRALTF,CASSRDSGGNEQFF,NLVPMVATV,0
CAPQAAGNKLTF,CASSFDLAGVNYEQYF,NLVPMVATV,0
CAAGVTF,CAISGPGGPTGELF,NLVPMVATV,0
CALSENRGGTASKLTF,CSARDRGIGNTIYF,NLVPMVATV,0
CAILSGGYNKLIF,CATSTPNTEAFF,NLVPMVATV,0
CAVQGGGADGLTF,CASSAVGTGWHEQYF,NLVPMVATV,0
CALRNAGNMLTF,CASSPQTGAVTEAFF,NLVPMVATV,0
CAVLDSNYQLIW,CASSQDRNSGYGYTF,NLVPMVATV,0
CALSGNTPLVF,CASSYSTLYEQF,NLVPMVATV,0
CALRMNSGYSTLTF,CSARDWRDYNEQFF,NLVPMVATV,0
CALSPTNFGNEKLTF,CSVQEGNYGYTF,NLVPMVATV,0
CAVAYNNAGNMLTF,CASREGYEQFF,NLVPMVATV,0
CAVNPGGTSYGKLTF,CASSPLGQIEQFF,NLVPMVATV,0
CAVMDSNYQLIW,CATSRVAGEEQFF,NLVPMVATV,0
CAVYDGQKLLF,CASSLGTTMYQETQYF,NLVPMVATV,0
CVVSDRGSTLGRLYF,CASKGILVNTEAFF,NLVPMVATV,0
CAVADSNYQLIW,CASSQGNKYEQYF,NLVPMVATV,0
CAVMDSNYQLIW,CASSPGQLGNTIYF,NLVPMVATV,0
CAVRDSNYQLIW,CASSQSPVGTQYF,NLVPMVATV,0
CVVNVLANSGYALNF,CSARDTLAGGVQETQYF,NLVPMVATV,0
CARSRGSTLGRLYF,CASSLGGSSYEQYF,NLVPMVATV,0
CALGTDGLTF,CSARGTSGLNTGELF,NLVPMVATV,0
CAASLSYNTDKLIF,CASSQDLNEQYF,NLVPMVATV,0
CAMREGTGRRALTF,CASRSLGQGAEKLF,NLVPMVATV,0
CAVRDHDYKLSF,CASSESMIQHF,NLVPMVATV,0
CATEDYAGGTSYGKLTF,CAWSRTGATEAFF,NLVPMVATV,0
CVGAGGGSQGNLIFGKGT,CASSQDPETEAFF,NLVPMVATV,0
CAASKEAAGNKLTF,CASSQDRPLEDRNSPLHF,NLVPMVATV,0
CAVSGGYNKLIF,CASSHEGAGANVLTF,NLVPMVATV,0
CAVTNSGYALNF,CASSLAGLAGSSHNEQFF,NLVPMVATV,0
CAVDLALFDKIIF,CASSFGPSYGYTF,NLVPMVATV,0
CARNTGNQFYF,CASSQDLGTPSGGTDTQYF,NLVPMVATV,0
CAGAREYGNKLVF,CASSPRYGAGYEQYF,NLVPMVATV,0
CIVRVAPGNQGGKLIF,CASSIRSSYEQYF,NLVPMVATV,0
CAYRSAGGSEKLVF,CASSIDSNQPQHF,NLVPMVATV,0
CAEGGSGGSQGNLIF,CASSQEGLAGASQYF,NLVPMVATV,0
CAVLWNSGNTPLVF,CASSLITAKNIQYF,NLVPMVATV,0
CASGGSQGNLIF,CASILAGSYNEQFF,NLVPMVATV,0
CARAGSQGNLIFGKG,CASSLAPGATNEKLFF,NLVPMVATV,0
CAVSYMNYGGSQGNLIF,CASSPGRDYEQYF,NLVPMVATV,0
CALLRGSYIPTF,CATSREGIGDNTIYF,NLVPMVATV,0
CAVSPTDTGRRALTF,CASSIRSDYEQYF,NLVPMVATV,0
CAVGNTGKLIF,CASSIAGDEQFF,NLVPMVATV,0
CAGTFGNEKLTF,CASSISSINEQFF,NLVPMVATV,0
CAGTHGSSNTGKLIF,CASSVVGNEQYF,NLVPMVATV,0
CAASINSGNTPLVF,CASSYSGDYNEQFF,NLVPMVATV,0
CVVSDRGSTLGRLYF,CSARSETGNTIYF,NLVPMVATV,0
CAASMGNTGNQFYF,CASSVWAGGYNEQFF,NLVPMVATV,0
CIVRPEFSGGYNKLIF,CASSPTSAKYDEQFF,NLVPMVATV,0
CAVMDSNYQLIW,CPSSPRGGGETQYF,NLVPMVATV,0
CAMREQEDSNYQLIW,CASSQERGGKWAYEQYF,NLVPMVATV,0
CVVNTPGDSGGSNYKLTF,CASSSGGLSSGNTIYF,NLVPMVATV,0
CAVTDSNYQLIW,CASSYFGGSLSEQYF,NLVPMVATV,0
CAASINDYKLSF,CASTPGTGAYEQYF,NLVPMVATV,0
CAVSSYDKVIF,CASSLSGTWGETQYF,NLVPMVATV,0
CVVNDYGDMRF,CASDSGVGNTIYF,NLVPMVATV,0
CAVSGDKIIF,CASSLVPGGISDTQYF,NLVPMVATV,0
CAVISNDYKLSF,CASSFVGQDHNEQFF,NLVPMVATV,0
CALSEAGTGGSYIPTF,CASSVGGFGNQPQHF,NLVPMVATV,0
CILSNNNDMRF,CASSLGTSAAGELF,NLVPMVATV,0
CAVPDSNYQLIW,CASREGDINTGELF,NLVPMVATV,0
CAASMHGGSQGNLIF,CASSVRSTDTQYF,NLVPMVATV,0
CVVTVNAGGTSYGKLTF,CASSRDGRSYEQYF,NLVPMVATV,0
CGTEKLNRDDKIIF,CSAADTGLGQPQHF,NLVPMVATV,0
STGTASKLTF,CASSYFGGSLSEQYF,NLVPMVATV,0
CAVLDSNYQLIW,CASSPWTTEAF,NLVPMVATV,0
CAGPMKTSYDKVIF,CASSYSMEAGGETQYF,NLVPMVATV,0
CALRAHYGGSQGNLIF,CSARDRVGNTIYF,NLVPMVATV,0
CIVRGGSQGNLIF,CASSYSRDNEQF,NLVPMVATV,0
CAGAQKGNNRLAF,CASSLIEWDNEQFF,NLVPMVATV,0
CIRDNNNDMRF,CASSISAGEGVPEQYF,NLVPMVATV,0
CAVKDQAGTALIF,CASSLGGQGAYEQYF,NLVPMVATV,0
CAVAGQGGSEKLVF,CASSQTVSSPYTF,NLVPMVATV,0
CAPMDSNYQLIW,CASTSWAQASTDTQYF,NLVPMVATV,0
CAQGDGGSQGNLIF,CATTPGASGISEQFF,NLVPMVATV,0
CALSLYNQGGKLIF,CASSVSTTDTQYF,NLVPMVATV,0
CAVNGGGTSYGKLTF,CASSLGPNTEAF,NLVPMVATV,0
CAYSSGAGGTSYGKLTF,CASSQDTGYEQYF,NLVPMVATV,0
CATDPWGAQKLVF,CASSQRGRSSTDTQYF,NLVPMVATV,0
CAVDNQETSGSRLTF,CAISEFGLAGSDEQF,NLVPMVATV,0
CAVSDIRGNYGQNFVF,CASSLAGVGQETQYF,NLVPMVATV,0
CAVELPYYGGSQGNLIF,CASSQSPGGTQYF,NLVPMVATV,0
CAVMDSNYQLIW,CASSATGLSVTDTQYF,NLVPMVATV,0
CLVGDLTSFQGAQKLVF,CASSLGVNQPQHF,NLVPMVATV,0
CAGRFPGGSQGNLIF,CASSLAPGATNEKLFF,NLVPMVATV,0
CAVEDNAGNMLTF,CASSQDLAGEGTDTQYF,NLVPMVATV,0
CVVSGDDTGNQFYF,CASSLVGSYNEQF,NLVPMVATV,0
CAVRDSNYQLIW,CASSLSTDTQYF,NLVPMVATV,0
CVVPYGGSQGNLIF,CSARDLTGNNEQFF,NLVPMVATV,0
CVVSDRGSTLGRLYF,CASSRGEGGNEQFF,NLVPMVATV,0
CVVTGYSGGGADGLTF,CASSEAGGPYEQYF,NLVPMVATV,0
CATLDSNYQLIW,CASSLNQGGYIQYF,NLVPMVATV,0
CAGLGAGGTSYGKLTF,CASSIRSSYEQYF,NLVPMVATV,0
CAVQVYNFNKFYF,CASSLAPGATNEKLFF,NLVPMVATV,0
CAVCLYNTDKLIF,CASSQDWAGDYNEQFF,NLVPMVATV,0
CAMREGTGRRALTF,CASSVQGYTEAF,NLVPMVATV,0
CAATPGGADGLTF,CSVGARRAPSGRGYEQYF,NLVPMVATV,0
CAVNGGDKIIF,CASGGGGFQETQYF,NLVPMVATV,0
CAVRDGDYKLSF,CASSQGLAGESDTQYF,NLVPMVATV,0
CILRPNFGNEKLTF,CSASGARGADTQYF,NLVPMVATV,0
CAVMDSNYQLIW,CASRGLIIQRSSYEQYF,NLVPMVATV,0
CAVISNDYKLSF,CAWSVSDIMNTEAF,NLVPMVATV,0
CVVRGEHFNKFYF,CASSLGGGGFYEQYF,NLVPMVATV,0
CAVTPNQAGTALIF,CASSLGLASYEQYF,NLVPMVATV,0
CAPLSNQFYF,CASPGGGTYYGYPF,NLVPMVATV,0
CAVTYSGAGSYQLTF,CASSVSGATADTQYF,NLVPMVATV,0
CGTLRNNNARLMF,CASSMRSTDTQYF,NLVPMVATV,0
CAVDSTDKLIF,CASSIVSTGELF,NLVPMVATV,0
CAARHGSGNTGKLIF,CASSQAWGEFYNEQFF,NLVPMVATV,0
CAVLDSNYQLIW,CSVLSTENYGYTF,NLVPMVATV,0
CILDNNNDMRF,CASSLSGGTDTQYF,NLVPMVATV,0
CAYTSNDMRF,CATSGGGAYEQYF,NLVPMVATV,0
CAASIGGYQKVTF,CSVGAIMDEQFF,NLVPMVATV,0
CAVRDRDYQLIW,CASSTFGANVLTF,NLVPMVATV,0
CAMRENDYKLSF,CASSQDWTGGTGELFF,NLVPMVATV,0
CAVRDGDYKLSF,CASSLVGRDTEAF,NLVPMVATV,0
CAASGAGTASKLTF,CASSQGARGGNQPQHF,NLVPMVATV,0
CAVRDSNYQLIW,CSARRLAGGAPLHYEQYF,NLVPMVATV,0
CAAIGSSNTGKLIF,CASSLAGVGGYTF,NLVPMVATV,0
CAVSYMNYGGSQGNLIF,CASSFGQGYEQYF,NLVPMVATV,0
CAEAYNAGNMLTF,CASSGQGAYGYTF,NLVPMVATV,0
CAVRDSNYQLIW,CASSFTGRSPLHF,NLVPMVATV,0
CAASSRAGGTSYGKLTF,CASSQFPGGTQYF,NLVPMVATV,0
CAGQTGGSQGNLIF,CSVAGGTEAFF,NLVPMVATV,0
CAVSFGNFNKFYF,CASSPGTGGWETQYF,NLVPMVATV,0
CAGAHGGSQGNLIFGKGT,CASSSLAGDLGEQYF,NLVPMVATV,0
CALGEPTPSTGANSKLTF,CASRLQGINEKLF,NLVPMVATV,0
CAYRSRNTGKLIF,CASRYIGVTTEAF,NLVPMVATV,0
CIALMDSNYQLIW,CASTLGGENEQYF,NLVPMVATV,0
CAAPRETSYDKVIF,CASSQGQLSSYNEQF,NLVPMVATV,0
CGTEPSGTYKYIF,CASSRDSSYEQYF,NLVPMVATV,0
CAGAGGGSQGNLIF,CATSRESGNGKLFF,NLVPMVATV,0
CAVSGQGAQKLVF,CASSWGGDTEAF,NLVPMVATV,0
CAASPRYSGAGSYQLTF,CSVEGEDTSYEQYF,NLVPMVATV,0
CAGAVGSSNTGKLIF,CASSLRPGRGDTEAF,NLVPMVATV,0
CAALDSNYQLIW,CASSTGATGSNNEQFF,NLVPMVATV,0
CAALPGIQGGKLIF,CSATDRDGGPEQYF,NLVPMVATV,0
CAMREHRGSTLGRLYF,CASSFDGETQYF,NLVPMVATV,0
CAVRDSNYQLIW,CSARVGVGNTIYF,NLVPMVATV,0
CIVSVDRGSTLGRLYF,CASSIRSAGRAFF,NLVPMVATV,0
CAVSDSNYQLIW,CASGPDRGRRDTQYF,NLVPMVATV,0
CASPLDSSYKLIF,CASSLVEAGGYNEQF,NLVPMVATV,0
CVVSDRGSTLGRLYF,CSAREKGSQETQYF,NLVPMVATV,0
CAVRDGDYKLSF,CASSEASGGADTQYF,NLVPMVATV,0
CALSEASRDDKIIF,CASSYSGGGNQPQHF,NLVPMVATV,0
CVVNGGDSSYKLI,CASSGQTNTEAFF,NLVPMVATV,0
CAVNGDSNYQLIW,CATKRTGTDTQYF,NLVPMVATV,0
CALPLRNDYKLSF,CASSSGTSGYYNEQF,NLVPMVATV,0
CVVLDSNYQLIW,CASTQGGVDTQYF,NLVPMVATV,0
CAVSPNTGNQFYF,CASSVGGGREQFF,NLVPMVATV,0
CAMRGSDGQKLLF,CASSPAQGAGETQYF,NLVPMVATV,0
CVVSDRGSTLGRLYF,CASSLTGFKETQYF,NLVPMVATV,0
CAVSAKETSGSRLTF,CASSSDRGEQFF,NLVPMVATV,0
CATLGPNNARLMF,CASSYSTEAYEQYF,NLVPMVATV,0
CAYRSAYGNKLVF,CSAVETGNEQFF,NLVPMVATV,0
CAMRDSGGKLIF,CASSQERGGKWAYEQYF,NLVPMVATV,0
CALRPVTPQGAQKLVF,CASSYGGPLADTQYF,NLVPMVATV,0
CAVRDDNNNDMRF,CASIGAGELFF,NLVPMVATV,0
CARGDSNYQLIW,CSVGGTFYGYTF,NLVPMVATV,0
CALSGRGGSEKLVF,CASSHHSMNTEAFF,NLVPMVATV,0
CLVGVMEYGNKLVF,CSARVEPGNGYTF,NLVPMVATV,0
CAFMKPWDASGSRLTF,CASSFDVAGGQIGELF,NLVPMVATV,0
CVVSDRGSTLGRLYF,CASSLGDTQYF,NLVPMVATV,0
CAFTDMRF,CASSYFGGSLSEQYF,NLVPMVATV,0
CAAHLWGGGADGLTF,CASSPRSADTQYF,NLVPMVATV,0
CAVRDSNYQLIW,CASRRGWAQYF,NLVPMVATV,0
CAVNAGKSTF,CASSQDGAGGLGEQF,NLVPMVATV,0
CILRDENTGTASKLTF,CASSPGHRDDGYTF,NLVPMVATV,0
CAVLDSSYKLIF,CASSLLQGRQPQHF,NLVPMVATV,0
CAENWGGSNYKLTF,CASSTRSAYEQYF,NLVPMVATV,0
CAVGDYLEYGNKLVF,CASRTSRQGIPEAFF,NLVPMVATV,0
CILDLMEYGNKLVF,CSALGGDGETQYF,NLVPMVATV,0
CLVGASGAGSYQLTF,CASSDLASGTNEQFF,NLVPMVATV,0
CAMRGYNTNAGKSTF,CASSQQGQGHEQYF,NLVPMVATV,0
CAGAFGGGSQGNLIF,CASSPGANNEQFF,NLVPMVATV,0
CAEIWDYGQNFVF,CASSLAPGATNEKLFF,NLVPMVATV,0
CAYSTFNTNAGKSTF,CASSVSRAGTGELFF,NLVPMVATV,0
CVVNDRGSTLGRLYF,CASSEESYLMNTEAFF,NLVPMVATV,0
CALSDTNSGYALNF,CASSIRSGVEQYF,NLVPMVATV,0
CAVQDSNYQLIW,CASSFLDREMETQYF,NLVPMVATV,0
CAENSGGSNYKLTF,CASSHVWAGTGFVYGYTF,NLVPMVATV,0
CAVGALAGTASKLTF,CSVVQGNEQYF,NLVPMVATV,0
CAMRGSARQLTF,CASSQGSYGYTF,NLVPMVATV,0
CAMREGTGRRALTF,CASREDGTEAFF,NLVPMVATV,0
CVVSDREKSSGDKLTF,CASSTLGDSREKLF,NLVPMVATV,0
CVVSVSGGYNKLIF,CASSDGTGVGLGYTF,NLVPMVATV,0
CASSGVGGRQNNLIF,CASSPNDGDEQFF,NLVPMVATV,0
CALSDPLGRDDKIIF,CAEGQGFVGQPQHF,NLVPMVATV,0
CALDMGGGSQGNLIF,CASSPPSSYNEQF,NLVPMVATV,0
CAMRAYSGGGADGLTF,CATSRELTGGPSYEQYF,NLVPMVATV,0
CAGQLKQGGSEKLVF,CSASDNMVGAYEQYF,NLVPMVATV,0
CAFMQGKSTF,CASSTGTAAYEQYF,NLVPMVATV,0
CATAPSRGSTLGRLYF,CASSSDRGYAYEQYF,NLVPMVATV,0
CAENTGGFKTIF,CASSQAGLAAYNEQFF,NLVPMVATV,0
CAVRDSNYQLIW,CASSQAQGLSNSPLHF,NLVPMVATV,0
CAALISGSARQLTF,CASRFTSAGNEQF,NLVPMVATV,0
CALSISGGSYIPTF,CSVGTGGTNEKELF,NLVPMVATV,0
CAESQGNLIF,CASSHRDGTYEQYF,NLVPMVATV,0
CAVNSAGKSTF,CSVLRYF,NLVPMVATV,0
CVVNPGGGGNKLTF,CASSAGTGQAGGTEAF,NLVPMVATV,0
CALREETSGSRLTF,CASSQSPGGTQYS,NLVPMVATV,0
CVVSDRGSTLGRLYF,CASSYFGGSLSEQYF,NLVPMVATV,0
CAVNPRDNYGQNFVF,CASSSVNSTNTQYF,NLVPMVATV,0
CAVRDLNARLMF,CASTLTTDPYEQYF,NLVPMVATV,0
CAVRGSSNYQLIW,CASSLGAGGGGTQYF,NLVPMVATV,0
CAMRDSVDMGRRALTF,CSARDRVGNTIYF,NLVPMVATV,0
CATDMGNYQLIW,CASSLDRLEQF,NLVPMVATV,0
CAEYGGATNKLIF,CASTLGQGVLNTEAF,NLVPMVATV,0
CALSNQGGKLIF,CSAISGSGGVGDTQYF,NLVPMVATV,0
CLVAPRAGNNRKLIW,CASSLTLLGNNEQYF,NLVPMVATV,0
CAVEDITDSWGKLQF,CASSLGGNQPQHF,NLVPMVATV,0
CAMSNNQAGTALIF,CASIQDSSGNTIYF,NLVPMVATV,0
CALGIGFGNVLHC,CASSEESYLMNTEAFF,NLVPMVATV,0
CAGNYGGSQGNLIF,CASSPQRGGPTDTQYF,NLVPMVATV,0
CAGGGSQGNLIF,CASSLTDPYEQYL,NLVPMVATV,0
CALSDGQTGANNLFF,CASSSPGGRGNTEAF,NLVPMVATV,0
CAYRTGAGGTSYGKLTF,CASSTRSAYEQYF,NLVPMVATV,0
CAASMWGGSEKLVF,CASSLEEAGGPSDTQYF,NLVPMVATV,0
CVVSENYKLSF,CASRNTGTTNEKLFF,NLVPMVATV,0
CAVYSSASKIIF,CASSVMASRGNEQFF,NLVPMVATV,0
CVVSDRGSTLGRLYF,CASRLPGLADTGELF,NLVPMVATV,0
CAGGGSQGNLIF,CASSPPSGLYGYTF,NLVPMVATV,0
CAGPGGKLIF,CASSWTPLGTEAFF,NLVPMVATV,0
TGTASKLTF,CASSSGGVYEQYF,NLVPMVATV,0
CASSEFNEQFF,CASSQESGNTEAF,NLVPMVATV,0
CAFMKLRTTSGTYKYIF,CASSRRGATTSTDTQYF,NLVPMVATV,0
CVVSDGGNTGFQKLVF,CASSFRSQETQYF,NLVPMVATV,0
CAILDDKIIF,CASSRTSDTQYF,NLVPMVATV,0
CVVSDRGSTLGRLYF,CASSLGGYEQYF,NLVPMVATV,0
CALSGLMDSSYKLIF,CASSQLAGVVTQYF,NLVPMVATV,0
CAFKAAGNKLTF,CASSQGQGYYEQYF,NLVPMVATV,0
CATMDSNYQLIW,CASSAGTGIYDEAF,NLVPMVATV,0
CAMSAGTSYGKLTF,CASVLGGSSYNEQFF,NLVPMVATV,0
CAGEGGGSQGNLIF,CASSQVQGAYEQYF,NLVPMVATV,0
CALKVIYNQGGKLIF,CASGTWGARQPQHF,NLVPMVATV,0
CAAIPSNSGYALNF,CASSFGQETQYF,NLVPMVATV,0
CAVIGGGGNKLTF,CASSFQGYTEAFF,NLVPMVATV,0
CAVSNYQLIW,CAISSYKGSTEAFF,NLVPMVATV,0
CLLGSNSGYALNF,CASSSTGGGGTEAF,NLVPMVATV,0
CASMDSNYQLIW,CATSDLGTDTQYF,NLVPMVATV,0
CAASATPYGGSQGNLIF,CASSGRTSGGSDTQYF,NLVPMVATV,0
CGMNRDDKIIF,CASSSRQNYGYTF,NLVPMVATV,0
CAAGRGGADGLTF,CASSIRSTGELFF,NLVPMVATV,0
CAVRDGDYKLSF,CASSLAGADNEQFF,NLVPMVATV,0
CAVRDISARLMF,CASSYSIVPQGANVF,NLVPMVATV,0
CARNTGNQFYF,CASEGLDNEQFF,NLVPMVATV,0
CAMREGVPDTPLVF,CASSLYHSPTDQPQHF,NLVPMVATV,0
CILRDVWSNFGNEKLTF,CASSLWQTGNTIYF,NLVPMVATV,0
CAVLDSNYQLIW,CASSFGPYGYTF,NLVPMVATV,0
CAVMDSNYQLIW,CASSQDRSYEQYF,NLVPMVATV,0
CAAIFTGNQFYF,CASSLPLTDTQYF,NLVPMVATV,0
CAIRGNMLTF,CATTWTAGETQYF,NLVPMVATV,0
CALEGGGADGLTF,CASSARTSGGTDTQYF,NLVPMVATV,0
CARRFGNEKLTF,CASSSRSAYEQYF,NLVPMVATV,0
CAYFGADSNYQLIW,CASSGSRVPYEQYF,NLVPMVATV,0
CAVGALTGTASKLTF,CASSLTSGSYNEQF,NLVPMVATV,0
CAETQSTSGTYKYIF,CASSEIASYNEQFF,NLVPMVATV,0
CAVVSGGFKTIF,CASSVSGSTYNEQFF,NLVPMVATV,0
CAVNKSNTGKLIF,CASSLDRDRGRPEAF,NLVPMVATV,0
CAYRCYRLTF,CASSVGSGEQYF,NLVPMVATV,0
CAENSDTGNQFYF,CASSSVNEQYF,NLVPMVATV,0
CAGGGSQGNLIF,CAWSVADTQYF,NLVPMVATV,0
CATDEVDSSYKLIF,CASSLAPGATNEKLFF,NLVPMVATV,0
CAASKAGNTPLVF,CASSQDRLAGGLETQYF,NLVPMVATV,0
CAASGVGSARQLTF,CASLPSVGKGAYEQYF,NLVPMVATV,0
CAMRALIQGAQKLVF,CASRGILVNTEAFF,NLVPMVATV,0
CAYRSDGGSQGNLIF,CASSIRSAGELF,NLVPMVATV,0
CAVGATGNQF,CAISVGVDEQFF,NLVPMVATV,0
CVVSDRGSTLGRLYF,CSAPLAGGHNEQFF,NLVPMVATV,0
CAAADSNYQLIW,CASSQGPAAYEQYF,NLVPMVATV,0
CIVRVSSGYALNF,CASSLLVSGTYEQYF,NLVPMVATV,0
CAASSIQGAQKLVF,CASSGQGGYEQYF,NLVPMVATV,0
CARNGDKLIF,CASSQSPGGTQHF,NLVPMVATV,0
CAGAHGSSNTGKLIF,CASSLGPTVPGNAIYF,NLVPMVATV,0
CAGQPILQGGSEKLVF,CASSQDWTGTSLGNEQFF,NLVPMVATV,0
CAMSVSGGSYIPTF,CASSYGHPGEQYF,NLVPMVATV,0
CALSPVEGGSEKLVF,CASSIRSSYEQYF,NLVPMVATV,0
CALSSRRGDDKIIF,CASSQTQLWETQYF,NLVPMVATV,0
CADHTGGFKTIF,CASRSGSLNTEAF,NLVPMVATV,0
CAAISGTYKYIF,CAISEVLTGAYGYTF,NLVPMVATV,0
CAVKEGGSQGNLIF,CASTAGKDTEAF,NLVPMVATV,0
CAVTDSNYQLIW,CASSKLNRETNTEAF,NLVPMVATV,0
CKSKAGNNRKLIF,CASSFGSGAPGELFF,NLVPMVATV,0
CAGFSGGYNKLIF,CASSRRASGGTTPHYF,NLVPMVATV,0
CAVNNARLMF,CSVLSESYEQYF,NLVPMVATV,0
CAVRGVSGNTGKLIF,CASSPSGGAYGYTF,NLVPMVATV,0
CAYRSAYGNKLVF,CASSNQGASAYGYTF,NLVPMVATV,0
CAVNTNAGKSTF,CASSRDRHNQPQHF,NLVPMVATV,0
CATDAEDSNYQLIW,CASSLLGGWSEAFF,NLVPMVATV,0
CLVGDYAGNMLTF,CASSRDRSYNEQFF,NLVPMVATV,0
CAVSFYNQGGKLIF,CASGFTFQGSPEAFF,NLVPMVATV,0
CAVRDRMENDYKLSF,CASSPTSGSVYEQYF,NLVPMVATV,0
CAMSVSSNDYKLSF,CASGTEIFYYEQYF,NLVPMVATV,0
CAAKXANDYKLSF,CSVETGGTDTQYF,NLVPMVATV,0
CIAEGGGSQGNLIF,CATSSSGAYEQYF,NLVPMVATV,0
CAENRGAGGTSYGKLTF,CASSLLGGAYEQYF,NLVPMVATV,0
CAPMDSNYQLIW,CASSRGGLTDTQYF,NLVPMVATV,0
CAAGYGGSQGNLIF,CSVGQGATEQYF,NLVPMVATV,0
CALSETNLNTNAGKSTF,CASSPWGGGTEAFF,NLVPMVATV,0
CAVKSYGNNRLAF,CASRDGGGGNTGELFF,NLVPMVATV,0
CVVVDRGSTLGRLYF,CASSTGTRQPQHF,NLVPMVATV,0
CAAKGTSYDKVIF,CASSMRSTDTQYF,NLVPMVATV,0
CAARGSQGNLIF,CASSSRDKPQETQYF,NLVPMVATV,0
CAYEGASEKLVF,CSVVPGNTEAF,NLVPMVATV,0
CAVTSNTGKLIF,CASSFPVSDPSTDTQYF,NLVPMVATV,0
CAGNTDKLIF,CSVPEGNTGELFF,NLVPMVATV,0
CAVTRNSGNTPLVF,CASSQGPPGTTRETQYF,NLVPMVATV,0
CALQNAGNMLTF,CASSLGSTGTYEQYF,NLVPMVATV,0
CAVCLSQEYGNKLVF,CSATGGRGSSYNEQFF,NLVPMVATV,0
CILDNNNDMRF,CASSQEGRQGSYNEQFF,NLVPMVATV,0
CAVMDSNYQLIW,CASSLVRGGNEQFF,NLVPMVATV,0
CALKTLSGNTPLVF,CASSMFALDTQYF,NLVPMVATV,0
CATMDSNYQLIF,CASSLTVYNEQFF,NLVPMVATV,0
CAYRSAYGNKLVF,CASRVSGGAIWQF,NLVPMVATV,0
CVFTGYSSASKIIF,CASSQENQVSYNEQFF,NLVPMVATV,0
CAVAPSGGSYIPTF,CASSLAPGQGILNEQFF,NLVPMVATV,0
CALSEAQSDGQKLLF,CASSLGAGAYEQFF,NLVPMVATV,0
CAVEGNNARLMF,CASSLAIASYNEQFF,NLVPMVATV,0
CAVQADYGGATNKLIF,CASRPQGLGQPQHF,NLVPMVATV,0
CAGRSGTSGSRLTF,CASSVVGGDEQYF,NLVPMVATV,0
CAEKGNYGQNFVF,CASSSHRTGGIETQYF,NLVPMVATV,0
CAVNPNSGGSNYKLTF,CAWTPGQVNTEAFF,NLVPMVATV,0
CAAMDSNYQLIW,CASSLGGNQPQHF,NLVPMVATV,0
CAGMDSNYQLIW,CASSAQFLFASGYTF,NLVPMVATV,0
CALYQGGSEKLVF,CASGQGIAEAFF,NLVPMVATV,0
CAAKDNYGQNFVF,CASSIRSAYEQYF,NLVPMVATV,0
CAGQLRKAQKLVF,CASRDRYYEQYF,NLVPMVATV,0
CAFMRVNSGYALNF,CSARLASTDTQYF,NLVPMVATV,0
CATRGYNKLIF,CASSLWGAKMNTEAF,NLVPMVATV,0
CAGAGSSNTGKLIF,CASSSPSQGITGELFF,NLVPMVATV,0
CAVVPLTGNQFYF,CASSVAGGDEQFF,NLVPMVATV,0
CVVNTDKLIF,CASSQRIALGDGNQPQHF,NLVPMVATV,0
CAVLNAGGTSYGKLTF,CASSPGTSYEQYF,NLVPMVATV,0
CAVMDSNYQLIW,CASSLKSPGVDTQYF,NLVPMVATV,0
CADYYGQNFVF,CASSELASGTGELFF,NLVPMVATV,0
CAVRFLTRQLTF,CASSSSGGLDTQYF,NLVPMVATV,0
CAVKDSNYQLIW,CASSFQGYTEAF,NLVPMVATV,0
CAVDMRADSNYQLIW,CASSLAPGATNEKLFF,NLVPMVATV,0
CIALLGGTSYGKLTF,CASSIRASNEQFF,NLVPMVATV,0
CAGAFGSSNTGKLIF,CASSSANYGYTF,NLVPMVATV,0
CALSEANQAGTALIF,CASSIRSAYEQYF,NLVPMVATV,0
CAFPMDSNYQLIW,CASSLDGTGANEQF,NLVPMVATV,0
CAVRVLNTNAGKSTF,CSAGTGGTNEKLFF,NLVPMVATV,0
CAYRDFGNEKLTF,CASSLPLTDTQYF,NLVPMVATV,0
CAPADSNYQLIW,CSVAGLTTIEQF,NLVPMVATV,0
CAVTDFQKLVF,CASSVLRGRNEPFF,NLVPMVATV,0
CADHNAGGTSYGKLTF,CASSLGAGHEQYF,NLVPMVATV,0
CAVSDSNYQLIW,CASKPRDSGDTQYF,NLVPMVATV,0
CAPRNQAGTALIF,CSVEDGVDYGYTF,NLVPMVATV,0
CATVRDGNNTDKLIF,CASSMGGDEQFF,NLVPMVATV,0
CAMSTSGNTGKLIF,CASSDRSRYEQYF,NLVPMVATV,0
CAMREGTGRRALTF,CASSVGSEAYTYEQYF,NLVPMVATV,0
CAGGDKIKAAGNKLTF,CASSWKTGTGGTGYTF,NLVPMVATV,0
CAGPIQGAQKLVF,CASSLARNTGELF,NLVPMVATV,0
CAVNDYKLSF,CASTTSLGGDTQYF,NLVPMVATV,0
CSDSKNTGTASKLTF,CSATTGVGETQYF,NLVPMVATV,0
CIRLNSGGSNYKLTF,CASSVAAGGAYEQYF,NLVPMVATV,0
CAASSNTGKLIF,CASRRQIAGQPQHF,NLVPMVATV,0
CAPMDSNYQLIW,CASSSPGGVTEAF,NLVPMVATV,0
CAGPHWDTGNQFYF,CASSPSLGGNQPQHF,NLVPMVATV,0
CAPDNYGQNFVF,CAWSAVNEQFF,NLVPMVATV,0
CAVGVYGNNRLAF,CASSFLGTGLNEQYF,NLVPMVATV,0
CAPEGAYAGGTSYGKLTF,CASRAPGLAFQGTQYF,NLVPMVATV,0
CALSEADSWGKLQF,CASMAGRGAGPPETQYF,NLVPMVATV,0
CAVRDSNYQLIW,CASSSDRGGYNEQFF,NLVPMVATV,0
CGGNKLVF,CASSSTDGYQETQYF,NLVPMVATV,0
CALFRTDSWGKLQF,CASSANQGYEQYF,NLVPMVATV,0
CAVNFSGTYKYIF,CASSIRASNEQFF,NLVPMVATV,0
CAVRIQGAQKLVF,CASSIRSSYEQYF,NLVPMVATV,0
CILDNNNDMRF,CASSVAGSATGELF,NLVPMVATV,0
CALSEAGTGGSYIPTF,CASSLIFPSGEQYF,NLVPMVATV,0
CAFTRETSGSRLTF,CASSGTSSPYEQYF,NLVPMVATV,0
CAVQPPTGTASKLTF,CASSAGTVNNEQF,NLVPMVATV,0
CAVSGSQGNLIF,CASSLNMNTEAFF,NLVPMVATV,0
CIVRVPNSGAGSYQLTF,CASSLGGGAGEQETQYF,NLVPMVATV,0
CAGSGGYQKVTF,CSARGGINEQFF,NLVPMVATV,0
CALSPLNTDKLIF,CSVEDSLVNEQF,NLVPMVATV,0
CAGRGLTGGGNKLTF,CASSQDRLNTEAF,NLVPMVATV,0
CAGEGGSQGNLIF,CASSQEGSGGTEAF,NLVPMVATV,0
CAVRRDDKIIF,CASSETTVHYEGAF,NLVPMVATV,0
CAVSDSSYKLIF,CASRTRQEAFF,NLVPMVATV,0
CAAIQAGTALIF,CASASANYGYTF,NLVPMVATV,0
CVTGTNAGKSTF,CASSSVQGLYYEQYF,NLVPMVATV,0
CAGMDSNYQLIW,CASSLAQAGETQYF,NLVPMVATV,0
CAMREGTGRRALTF,CASNPGTDFNTGELFF,NLVPMVATV,0
CAVREGFKTIF,CASSIRSSYEQYF,NLVPMVATV,0
CAPYNFNKFYF,CSASKASGFLDEQFF,NLVPMVATV,0
CALSEALDNQGGKLIF,CSVRTPSSYEQYF,NLVPMVATV,0
CIVRGGSQGNLIF,CASSTYANTEAFF,NLVPMVATV,0
CAALDSNYQLIW,CSVRLTDYNEQFF,NLVPMVATV,0
CAVNPLFPESPHSWGKLQF,CASSPAGAYGYTF,NLVPMVATV,0
CAVRDGDYKLSF,CASSIRSAYEQYF,NLVPMVATV,0
CAGLWDRGSTLGRLYF,CASSQDPGYEQYF,NLVPMVATV,0
CVVSDRGSTLGRLYF,CASSSRSRQYRGSSYEQYF,NLVPMVATV,0
CAVDLEVGGNKLVF,CASAPGPVYEQYF,NLVPMVATV,0
CAVSGGSYIPTF,CSVEGLAGRGYNEQFF,NLVPMVATV,0
CAGVGSQGNLIFGKG,CASSGQGAYITDTQYF,NLVPMVATV,0
CILRSAGAGSYQLTF,CASSHSWGETQYF,NLVPMVATV,0
CVVTLNDMRF,CASSFRPLAAPSDEQFF,NLVPMVATV,0
CAVTRSSNTGKLIF,CASSQDIGDNNEQFF,NLVPMVATV,0
CALRKEYGGSQGNLIF,CASSLGPNTEAF,NLVPMVATV,0
CAASVGSNFNKFYF,CASSLVGQLDEQYF,NLVPMVATV,0
CAVSIGFGNVLH,CASSLAVGAQETQYF,NLVPMVATV,0
CAEIESNTGKLI,CASRSGAEAFF,NLVPMVATV,0
CAVANQAGTALIF,CASSPRQGNDEQYF,NLVPMVATV,0
CAVMDSNYQLIW,CASSLGGTEAFF,NLVPMVATV,0
CAAFKGAQKLVF,CASSPTGGDIQYF,NLVPMVATV,0
CAVLDSNYQLIW,CASSSRSSYEQYF,NLVPMVATV,0
CAGGESEKLVF,CASSVGTSSYGYTF,NLVPMVATV,0
CVVSDRGSTLGRLYF,CASSLSWGGFYNEQLF,NLVPMVATV,0
CAVSDSNYQLIW,CASSGGEGSSPLHF,NLVPMVATV,0
CVVNRNSGGGADGLTF,CASSLMDTDTQYF,NLVPMVATV,0
CAVERVGGSEKLVF,CASSLGGGQNGYT,NLVPMVATV,0
CAASEGAQTGANNLFF,CSARAGVGNTIYF,NLVPMVATV,0
CAVSTDKLIF,CAGGTDYEQYF,NLVPMVATV,0
CARNTGNQFYF,CSSTGTEGYTGELFF,NLVPMVATV,0
CVAKGVF,CASSLGQGWFF,NLVPMVATV,0
CAMSVLSGTYKYIF,CAWSVQFNQPQHF,NLVPMVATV,0
CAVRDSNYQLIW,CASSQGGDRGESEAF,NLVPMVATV,0
CTDNARLMF,CASGAGGPLNEQFF,NLVPMVATV,0
CAVLDSNYQLIW,CASSQADLIAGELF,NLVPMVATV,0
CILTMGTSYDKVIF,CSATSRDRGLEQYF,NLVPMVATV,0
CAVRVPDQTGANNLFF,CSARDTLAGGVQETQYF,NLVPMVATV,0
CAGALGGSQGNLIF,WASSQQTGTIGGYTF,NLVPMVATV,0
CAVGMTTDSWGKLQF,CASSLADIGQPQHF,NLVPMVATV,0
CAAIDDKIIF,CASSIRSSYEQYF,NLVPMVATV,0
CAFMKGPGGTSYGKLTF,CASRTGISNTGELF,NLVPMVATV,0
CAESPKTSYDKVIF,CASSVEASGDEQFF,NLVPMVATV,0
CAGPYAGGTSYGKLTF,CASSPTGGGTGELFF,NLVPMVATV,0
CAAPRETSYDKVIF,CASSPGSTDTQYF,NLVPMVATV,0
CAVEDSNYQLIW,CIVRRGGTSYGKLTF,NLVPMVATV,0
CAVMDSSYKLIF,CASSPVPGLDEQFF,NLVPMVATV,0
CAASATGGTSYGKLTF,CASSGTGGYSGANVLTF,NLVPMVATV,0
CATSLTGANSKLTF,CASSYLYRIGQLEAFF,NLVPMVATV,0
CVVIVYNFNKFYF,CASSILSNQPQHF,NLVPMVATV,0
CARGGRNNNARLMF,CASSLGYGVSTGELF,NLVPMVATV,0
CAVRDQNRDDKIIF,CSAIPSYLSIGEQF,NLVPMVATV,0
CLVGDDTGGFKTIF,CASSPHRNTEAFF,NLVPMVATV,0
CAVITDKLIF,CSVDPTDGENTEAFF,NLVPMVATV,0
CATNPTGGGADGLTF,CASSQEGLGVSLHF,NLVPMVATV,0
CAVLLTSGTYKYIF,CASSSTDTQYF,NLVPMVATV,0
CALSEADSWGKLQF,CASSWGLAGESYNEQFF,NLVPMVATV,0
CAVRDGTGANNLFF,CASQGDTDTQYF,NLVPMVATV,0
CLVADPGTYKYIF,CASSPTTTGYGYTF,NLVPMVATV,0
CAASARSMDSNYQLIW,CASRDRAPSYEQYF,NLVPMVATV,0
CAGVVIEKLVF,CASSLEGEKLFF,NLVPMVATV,0
CAATEKLTF,CSVGGSTDTQYF,NLVPMVATV,0
CAVRGRDDKIIF,CASSSANYGYTF,NLVPMVATV,0
CAVTGGSTLGRLYF,CASSLVLATEQYF,NLVPMVATV,0
CAMNTGNQF,CSAREEGTQAWETQYF,NLVPMVATV,0
CALSEAQKRRF,CASSPPSVADTQYF,NLVPMVATV,0
CPVYGGSQGNLIF,CASSLAEYTEAF,NLVPMVATV,0
CAETPRERDYKLSF,CASSPREMLYNEQF,NLVPMVATV,0
CAVMDSNYQLIW,CSARDPIRLISYEQYF,NLVPMVATV,0
CALSGNTPLVF,CSARDPTSGGATGELFF,NLVPMVATV,0
CVVSDRGSTLGRLYF,CSAPKEEPYGYTF,NLVPMVATV,0
CALSPGYNFNKFYF,CASSSIAGDNEQF,NLVPMVATV,0
CAVKDSNYQLIW,CASSYSTGDEQYF,NLVPMVATV,0
CAVMDSNYQLIW,CASSYATGIGNYGYTF,NLVPMVATV,0
CAGHLYNFNKFYF,CASSAQGPYGYTF,NLVPMVATV,0
CILDNNNDMRF,CASSQESGTATEAFF,NLVPMVATV,0
CVVSDRGSTLGRLYF,CASSIYSNQPQHF,NLVPMVATV,0
CILSDDYKLSF,CATRDSHGYTF,NLVPMVATV,0
CAFGSNYQLIF,CASSSGSSYNEQFF,NLVPMVATV,0
CALRERQAGTALIF,CASSLQSGLAGDNEQFF,NLVPMVATV,0
CAMRVGYSTLTF,CASSYAYDGSYEQYF,NLVPMVATV,0
CAVADSNYQLIW,CASSVRSSYEQYF,NLVPMVATV,0
CAVNLNYGGSQGNLIF,CAWTRGYEQYF,NLVPMVATV,0
CVVTPGREYGNKLVF,CSAREKGLNYNEQFF,NLVPMVATV,0
CASAGTSYDKVIF,CASSLRGTETEAFF,NLVPMVATV,0
CAVKDSNYQLIW,CASSYPNQPQHF,NLVPMVATV,0
CAMSLYSGGGADGLTF,CASSIRSAYEQYF,NLVPMVATV,0
CVVNFPTNAGKSTF,CASAPGLNYEQYF,NLVPMVATV,0
CAVERESDSWGKLQF,CASSLDAGDEQF,NLVPMVATV,0
CSPTGANNLFF,CASSLLSGRKGDTQYF,NLVPMVATV,0
CAVEDQGSGYALNF,CSVRLTFSYEQYF,NLVPMVATV,0
CAVPSRPNFGNEKLTF,CASSPPGLGEQYF,NLVPMVATV,0
CAVLDSNYQLIW,CASSIRSDNEQFF,NLVPMVATV,0
CAASALQGAQKLVF,CASSRRTETQYF,NLVPMVATV,0
CAVSVSGNTGKLIF,CASSWSQLVHEQF,NLVPMVATV,0
CAVNGGSSNTGKLIF,CASSGRSGVEQFF,NLVPMVATV,0
CALSEADSWGKLQF,CASSVGAGGADTQYF,NLVPMVATV,0
CAFIIQGAQKLVF,CASSQERGGKWAYEQYF,NLVPMVATV,0
CALKISGSGYALNF,CASGLILPRTKLHNTIYF,NLVPMVATV,0
CALRVNQAGTALIF,CASSLGAGSTDTQYF,NLVPMVATV,0
CVVSVNSGTYKYIF,CASKEELSNTGELF,NLVPMVATV,0
CLQSGANSKLTF,CASSSVNEQYF,NLVPMVATV,0
CAVWTGTASKLTF,CAAEDDTGGFKTIF,NLVPMVATV,0
CIVSSVGSNYQLIW,CSVRTGTRSFSGELFF,NLVPMVATV,0
CASMNAGNMLTF,CASSPWTSANTGELFF,NLVPMVATV,0
CAEMPMDSSYKLIF,CAWRLTGGSGNTIYF,NLVPMVATV,0
CALSEAYTGNQFYF,CASSQFVYTSTDTQYF,NLVPMVATV,0
CAASTSGSARQLTF,CASSLAETDPYEQYF,NLVPMVATV,0
CAVMDSNYQLIW,CSARDPGLTFPF,NLVPMVATV,0
CAVDGQAGTALIF,CASSFQETQYF,NLVPMVATV,0
CATDPTSLYGNKLVF,CSVEEGAYEQYF,NLVPMVATV,0
CSVEGQGASGYTF,CASSSRLAGYNEQFF,NLVPMVATV,0
CAAQGRGSNYKLTF,CASSLKRGQSEQFF,NLVPMVATV,0
CATMDSNYQLIW,CSVSTGGFGNQPQHF,NLVPMVATV,0
CVVSDRGSTLGRLYF,CASSQAHTGELFF,NLVPMVATV,0
CAALHQGAQKLVF,CASSPGLGTYEQYF,NLVPMVATV,0
CALSDPRGGSQGNLIF,CSVSGTDTQYF,NLVPMVATV,0
CAAKTGYSSASKIIF,CATSSASGSTDTQYF,NLVPMVATV,0
CAVNPETSYDKVIF,CASSPAGVEQYF,NLVPMVATV,0
CAENRCSTLTF,CASRGSLNQPQHF,NLVPMVATV,0
CATVSDQGAQKLVF,CASSQGSGANVLTF,NLVPMVATV,0
CVVIHDKIIF,CACAPGQGYEQYF,NLVPMVATV,0
CAVRSNFGNEKLTF,CASSENQLNMTEAF,NLVPMVATV,0
CAVGREAAGNKLTF,CASSLGASISYEQYF,NLVPMVATV,0
CVVSDHSNTGKLIF,CASSLGAYSGANVLTF,NLVPMVATV,0
CVVSDRGSTLGRLYF,CASSIRSAIEQYF,NLVPMVATV,0
CAVMDSNYQLIW,CASGGQVAPSEQF,NLVPMVATV,0
CAASNSGNTPLVF,CASSFTGNTEAFF,NLVPMVATV,0
CAASKSYGKLTF,CASSELTSRTYEQYF,NLVPMVATV,0
CAEKKGSGGSNYKLTF,CASSTSLGGGGRQSF,NLVPMVATV,0
CAVRENEKLTF,CASSVDRGGQETQYF,NLVPMVATV,0
CILRIXETSGSRLTF,CASSIGDTSYEQYF,NLVPMVATV,0
CATNRGSQGNLIF,CASSFTRGELF,NLVPMVATV,0
CAPSTSGSARQLTF,CSARDRTGNGYTF,NLVPMVATV,0
CAVVNSNSGYALNF,CASSLAPGATNEKLFF,NLVPMVATV,0
CALKRDNARLMF,CSAISLFPGQGF,NLVPMVATV,0
CAELRSDKLIF,CASSSANYGYTF,NLVPMVATV,0
CAVRDQNYQLIWGAG,CASSTTEAYEQYF,NLVPMVATV,0
CALGVLDQTGANNLFF,CASSSQGGAKNEQYF,NLVPMVATV,0
CAVRDISARLMF,CASSIGDTSYEQYF,NLVPMVATV,0
CAMREVYRDNYGQNFVF,CSVKGTNTEAF,NLVPMVATV,0
CADDGPGNQFYF,CASSGDKNEAFF,NLVPMVATV,0
CAVFSSNTGKLIF,CASSIQALLTF,NLVPMVATV,0
CAVNLYARLMF,CASSLGLAGGPDTGELFF,NLVPMVATV,0
CLVGDGYNFNKFYF,CASSLEPLGRDVSDTQYF,NLVPMVATV,0
CVVNAGDYKLSF,CASSEIARPRAFF,NLVPMVATV,0
CVVSDRGSTLGRLYF,CASSSFRDGGTDTQYF,NLVPMVATV,0
CILSRTGGFKTIF,CASSTRSQETQYF,NLVPMVATV,0
CAVRDSDYKLSF,CASSVRTSGSYEQYF,NLVPMVATV,0
CAMREQEDSNYQLIW,CASSSVNEQYF,NLVPMVATV,0
CIVRAKAAGNKLTF,CSVATVGGERRYEQYF,NLVPMVATV,0
CLVGPVVGSARQLTF,CASSPRTSGPYEQYF,NLVPMVATV,0
CAMREGTGRRALTF,CASSLDSQSSGNTIYF,NLVPMVATV,0
CVVSGLSGGSYIPTF,CASSTGNYGYTF,NLVPMVATV,0
CAGGTSNYGGTHGNLIF,CASSQGLAGDEQF,NLVPMVATV,0
CAVTVNNDMRF,CASSQTPDILWGEQYF,NLVPMVATV,0
CIFDSGGGADGLTF,CASSPVLGTYGYTF,NLVPMVATV,0
CAVKDSNYQLIW,CASSFPGGYEQYF,NLVPMVATV,0
CASGTGGGNKLTF,CASSTTLAGYEQYF,NLVPMVATV,0
CAVSAPGYSTLTF,CASSQEPSLNTEAFF,NLVPMVATV,0
CVVSDRGSTLGRLYF,CASSLVGQGARQPQHF,NLVPMVATV,0
CATDGGGGSQGNLIF,CATSDLPYIGTRLNEQFF,NLVPMVATV,0
CALGTDSSYKLIF,CASSTTSGNTGELFF,NLVPMVATV,0
CAMRNNARLMF,CASSIRSTYEQYF,NLVPMVATV,0
CAVGAGGNNRLAF,CASSRPGLAGGPYEQYF,NLVPMVATV,0
CAVVDASSKLIF,CASSQGGGLARYNEQFF,NLVPMVATV,0
CAAVNSGGYQKVTF,CASSYYHDKSGELF,NLVPMVATV,0
CVVSDRGSTLGRLYF,CASSPPAGSAYNEQFF,NLVPMVATV,0
CAVMDSNYQLIW,CASSQDRNSGYGYTF,NLVPMVATV,0
CAEWANQAGTALIF,CASSEGASGVGEQFF,NLVPMVATV,0
CAGGGIGTSYGKLTF,CASSIRASYEQYF,NLVPMVATV,0
CALSGNTPLAF,CATAEGAGELF,NLVPMVATV,0
CAFMMEFSGYALNF,CASSELAGGPNEQF,NLVPMVATV,0
CAMSPMTTDSWGKLQF,CASSRRGQNTEAFF,NLVPMVATV,0
CAVSGNTDKLIF,CASNRESAYTF,NLVPMVATV,0
CAVVDSNYQLIW,CASSFITSEDNEQF,NLVPMVATV,0
CACMDSNYQLIW,CASSVGQGKTYEQYF,NLVPMVATV,0
CAVVASGGSYIPTF,CSVLGQAGETQYF,NLVPMVATV,0
CAVDDNFNKFYF,CASSQAAGGRAIF,NLVPMVATV,0
CVVSDYKLSF,CASSLFGGGTEAF,NLVPMVATV,0
CAFMKPQGAQKLVF,CASSLWGGGDREQYF,NLVPMVATV,0
CAASGGSNYKLTF,CSARDYAAYEQYF,NLVPMVATV,0
CAVSPSGYSTLTF,CASSLGLYEQYF,NLVPMVATV,0
CVVNEKEGNMLTF,CASSSDPSGGGYNEQFF,NLVPMVATV,0
CALIDPGSGGGADGLTF,CASSPGLAGTGELFF,NLVPMVATV,0
CAMSVSGGSYIPTF,CASSPTSSTHSYEQYF,NLVPMVATV,0
CAVNQAGTALIF,CATSETGELF,NLVPMVATV,0
CAASAPRGYKYIF,CASSLPSGGTNNEQF,NLVPMVATV,0
CAYRSADDMRF,CASSPRTSGTYEQYF,NLVPMVATV,0
CAVRTNTQGGSEKLVF,CASTPPGSETQYF,NLVPMVATV,0
CALDRNQAGTALIF,CASRGLIIQRSSYEQYF,NLVPMVATV,0
CAYSPYNNNDMRF,CASSKPLYEQY,NLVPMVATV,0
CAGAGSQGNLIF,CASSLIGIGETDTQYF,NLVPMVATV,0
CAENSDYGQNFVF,CASSLEGQASSYEQYF,NLVPMVATV,0
CAVSSSYKLIF,CASSSRQGKEAF,NLVPMVATV,0
CAVGPPSGNTPLVF,CASKAGTLGTEAFF,NLVPMVATV,0
CAMREGVKAAGNKLTF,CATGATGGLETQYF,NLVPMVATV,0
CAVNRPMNYGGATNKLIF,CASSLQPPGTSTETQYF,NLVPMVATV,0
CILDNNNDMRF,CASSIRSAYEQFF,NLVPMVATV,0
CGTESPGGSQGNLIF,CASGFQGLGSPLHF,NLVPMVATV,0
CAVMDSNYQLIW,CASSYYSGGSSYNEQF,NLVPMVATV,0
CAASSNQGGKLIF,CAWSVSSYEQYF,NLVPMVATV,0
CAVREFSGTYKYIF,CATGGHGRAGELF,NLVPMVATV,0
CIVRPGSGNTPLVF,CASSARISGGLNEQYF,NLVPMVATV,0
CAGTFGNEKLTF,CASSTRGTVYGYTF,NLVPMVATV,0
CIALMDSNYQLIW,CASSMFVGQPQHF,NLVPMVATV,0
CAVEIRGGADGLTF,CANSIKGYNEQF,NLVPMVATV,0
CAGYSGGYQKVTF,CASSYSGAGGLQETQYF,NLVPMVATV,0
CAYGRYPSGTYKYIF,CATSDTHSGANVLTF,NLVPMVATV,0
CAVSGDDMRF,CASSSQETQYF,NLVPMVATV,0
CAATFSGAGSYQLTF,CASSSPVGANVLTF,NLVPMVATV,0
CAMREGMGGNQFYF,CSATARQGGMEQYF,NLVPMVATV,0
CAGSGGGADGLTF,CASSLSDTQYF,NLVPMVATV,0
CAAFRNNNARLMF,CASSLLGGLEAF,NLVPMVATV,0
CIRRPGGTASKLTF,CASSLAGQGNGYTF,NLVPMVATV,0
CAESISGGKLIF,CASSQAGPAGSITDTQYF,NLVPMVATV,0
CAGLTTSGTYKYIF,CASSSWTGGNEQYF,NLVPMVATV,0
CILDNNNDMRF,CSVGSGGTNEKLFF,NLVPMVATV,0
CAAGGSQGNLIF,CASSEMATGLRYTF,NLVPMVATV,0
CALIVDTGRRALTF,CASSLLGRAGTDTQYF,NLVPMVATV,0
CALTGGKLIF,CASSEYGGSNQPQHF,NLVPMVATV,0
CASTSGNTGKLIF,CAWTMGLAGPYNEQFF,NLVPMVATV,0
CVLLDTGNQFYF,CASSRLTSGGADTQYF,NLVPMVATV,0
CAVTVAGGGYNKLIF,CASSYGQGAGGYTF,NLVPMVATV,0
CAVSGGGANNLFF,CASSLIMGLGSEQYF,NLVPMVATV,0
CAVLDSNYQLIW,CASSLSAIRDRGTDTQYF,NLVPMVATV,0
CAAXGNNNDMRF,CASSYFGGSLSEQYF,NLVPMVATV,0
CAVSPYTGGFKTIF,CASSYGNTGELFF,NLVPMVATV,0
CLVGDMNTGFQKLVF,CASSEALYEQYF,NLVPMVATV,0
CAVRPTFTGNQFYF,CASSEDRYTSTDTQYF,NLVPMVATV,0
HEGAQKLVF,CASSLVEAGDPYEQYF,NLVPMVATV,0
CAGPGSQGNLIF,CASSRYRQYNQPQHF,NLVPMVATV,0
CAVNRDSGYALNF,CASSTGALMNTEAF,NLVPMVATV,0
CAFLSPFGNEKLTF,CASSTRSSYEQYF,NLVPMVATV,0
CAMRVPNPMIYNQGGKLIF,CASSMRSGETQYF,NLVPMVATV,0
CAASITGANSKLTF,CASSGRSTDTQYF,NLVPMVATV,0
CAVSKGKLIF,CSVLGLAGTDTQYF,NLVPMVATV,0
CLVGPNDYKLSF,CASSIRSSYEQYF,NLVPMVATV,0
CAVRDGDYQLIW,CSVDDRGTTEAFF,NLVPMVATV,0
CAVTPAGGSQGNLIF,CASSLTGTEAF,NLVPMVATV,0
CAGSWGKLQF,CASSQTEEQYF,NLVPMVATV,0
CAVMDSSYKLIF,CAWSSPTGTAFNTGELFF,NLVPMVATV,0
CAAFYGGATNKLIF,CASSYQTGPYSNQPQHF,NLVPMVATV,0
CAMRSMIYNQGGKLIF,CASSVRSAYEQYF,NLVPMVATV,0
CALSGNTPLVF,CASSLGPNTEAF,NLVPMVATV,0
CVVSDRGSTLGRLYF,CASSLQGAPEQF,NLVPMVATV,0
CVVSDRGSTLGRLYF,CASSERRIYGYTF,NLVPMVATV,0
CALSEVRSRGSTLGRLYF,CASSLGGLTDTQYF,NLVPMVATV,0
CALLVSDKIIF,CSARDRGLGNTIYF,NLVPMVATV,0
CAYRSVLAGTASKLTF,CASSEGLLYEQYF,NLVPMVATV,0
CAVMDSNYQLIW,CASSYATEVAGETQYF,NLVPMVATV,0
CAVLDSNYQLIW,CASLQGGQETQYF,NLVPMVATV,0
CAGKYSGAGSYQLTF,CASSLGQGETEAF,NLVPMVATV,0
CAFPYNNNDMRF,CASSPDSDAYEQYF,NLVPMVATV,0
CAVNAFTDKLIF,CASSLAQREDEQFF,NLVPMVATV,0
CAFRGGGNKLTF,CASSQGGGPSEQFF,NLVPMVATV,0
CAVDNTGANSKLTF,CASSLIGEETTEDEQFF,NLVPMVATV,0
CAAASNDYKLSF,CASSLTNPYEQYF,NLVPMVATV,0
CAVSVFSGGYNKLIF,CASTGTAYGYTF,NLVPMVATV,0
CAAQAGTYKYIF,CASSPSQGPSYEQYF,NLVPMVATV,0
CAVSYASGGSYIPTF,CASSSMVAGEYEQF,NLVPMVATV,0
CIVRVAPGNTPLVF,CASSFGLAGVPGETQYF,NLVPMVATV,0
CAVRLSGAGSYQLTF,CASSLRIDGTDTQYF,NLVPMVATV,0
CAYKVENDMRF,CAISETSEHYEQYF,NLVPMVATV,0
CATDAGAGGSYIPTF,CASSPRTSGNEQFF,NLVPMVATV,0
CAVLDSNYQLIW,CSVLTGTGYEQYF,NLVPMVATV,0
CAAPRETSYDKVIF,CASSIAGGGEDTQYF,NLVPMVATV,0
CAVRDIDSNYQLIW,CASSLRTTPTYEQYF,NLVPMVATV,0
CAGGGSQGNLIF,CASSIRSLDEQFF,NLVPMVATV,0
CAVCDSNYQLIW,CASSQGQGGNQPQHF,NLVPMVATV,0
CAGNTDKLIF,CASSIRSSYEQYF,NLVPMVATV,0
CAGQLTGKTSGSRLTF,CASSMRSTDTQYF,NLVPMVATV,0
CAVIYGNQFYF,CASSIRASYEQYF,NLVPMVATV,0
CAGEESGAGSYQLTF,CATSRDGGETQYF,NLVPMVATV,0
CAVSEGGNTPLVF,CASSPTTQGSYEQYF,NLVPMVATV,0
CAASATGGSYIPTF,CSVEGFRTENKQPQHF,NLVPMVATV,0
CAVRTMNYGGSQGNLIF,CATRDRDRENQPQHf,NLVPMVATV,0
CATDPIQGGSEKLVF,CASSPTGITEAFF,NLVPMVATV,0
CAAIDDKIIF,CASRQGDGANVLTF,NLVPMVATV,0
CAVRSVTGTASKLTF,CASSKLTRGADKQYF,NLVPMVATV,0
CAMSAGTASKLTF,CASSLAGQGSPYEQYF,NLVPMVATV,0
CAPLGSTLGRLYF,CASSTVSSYEQYF,NLVPMVATV,0
CALSEALGDKIIF,CSVEVARAYEQYF,NLVPMVATV,0
CVVSDRGSTLGRLYF,CASSLTSVHIYNEQFF,NLVPMVATV,0
CAVRDLNARLMF,CASSSRDRVAHEQYF,NLVPMVATV,0
CAVRDSNYQLIW,CASSQGAYGYTF,NLVPMVATV,0
CAGINNNDMRF,CASSMTVMNTEAFF,NLVPMVATV,0
CAVSGNRGSTLGRLYF,CASSTRAADTQYF,NLVPMVATV,0
CILRDVGNNARLMF,CAWSGGIVEAFF,NLVPMVATV,0
CAAPLFQKLVF,CASSFGANTGELFF,NLVPMVATV,0
CAVRDSNYQLIW,CASSLEWLAGGSTDTQYF,NLVPMVATV,0
CIVRVAGNRDDKIIF,CASSFIAVTTEAF,NLVPMVATV,0
CAMRELNFNKFYF,CASSVAGLAGGNPNEQFF,NLVPMVATV,0
CAGSGGYQKVTF,CSAGDNEQFF,NLVPMVATV,0
CAAYNTDKLIF,RASSPGQNYGYTF,NLVPMVATV,0
CAVMDSNYQLIW,CASSPSRNTEAFF,NLVPMVATV,0
CAENPPPSNTGKLIF,CASASANYGYTF,NLVPMVATV,0
CAGSPIYNQGGKLIF,CASTTGLAVMEQYF,NLVPMVATV,0
CITRGGGGADGLTF,CASSLAGSRERYF,NLVPMVATV,0
CVVSSIYNTDKLIF,CSARDGENTGELFF,NLVPMVATV,0
CAVASGGYNKLIF,CASSWSGGGARDTQNF,NLVPMVATV,0
CAVLDSNYQLIW,CASTPGQALNEQYF,NLVPMVATV,0
CAGAGGGSRGNLIFGKGT,CASSLSGSSYEQYF,NLVPMVATV,0
CAVPNNAGNMLTF,CASSQTTSVNTEAF,NLVPMVATV,0
CALGGSNQGGKLIF,CASSQGPGQGANYGYTF,NLVPMVATV,0
CAGSGGYQKVT,CASSPPTNTGELF,NLVPMVATV,0
CILSNNNDMRF,CSARDGTGNGYTF,NLVPMVATV,0
CAARFDSGYALNF,CASRLGAAYGYTF,NLVPMVATV,0
CIVTYARLMF,CASSQVGRVDETQYF,NLVPMVATV,0
CVVSAPPGVTGGGNKLTF,CASSQLAVSYNEQFF,NLVPMVATV,0
CAVIAGKSTF,CASSEFVRDNQPQHF,NLVPMVATV,0
CAGAMGSSNTGKLIF,CASSGRSTDTQYF,NLVPMVATV,0
CALSEAGKTSYDKVIF,CASRYRDDSYNEQF,NLVPMVATV,0
CAVLDSNYQLIW,CASSARDGSMYF,NLVPMVATV,0
CVVSDRGSTLGRLYF,CASSLGREGGMNTEAF,NLVPMVATV,0
CAVTYAGNNRKLIW,CSVGGSTDTQYF,NLVPMVATV,0
CAVSDYSGGGADGLTF,CASSFRSSYEQYF,NLVPMVATV,0
CAVNPTGYSTLTF,CSVGQGEDGPQHF,NLVPMVATV,0
CAAPRETSYDKVIF,CASSQERGGKWAYEQYF,NLVPMVATV,0
CALQMDSNYQLIW,CASSPIINTGELFF,NLVPMVATV,0
CALSGSDYKLSF,CSVGSDGTNEKLFF,NLVPMVATV,0
CAVMDSNYQLIW,CASSYFGGSLSEQYF,NLVPMVATV,0
CAVTSDKLIF,CASSIRAAYEQYF,NLVPMVATV,0
CAVRRVQAGTALIF,CASSMFVGQPQHF,NLVPMVATV,0
CAVMDSNYQLIW,CASSTRSAYEQYF,NLVPMVATV,0
CVVSDRGSTLGRLYF,CASTTEGRGHTEAF,NLVPMVATV,0
CAFMKHASGGSNYKLTF,CASSLRTSGGDEQYF,NLVPMVATV,0
CGADLNRDDKIIF,CASSLFGGNTEAFF,NLVPMVATV,0
CAEKGAGGSYIPTF,CASSLSGAEGYTF,NLVPMVATV,0
CAGNDYKLSF,CASSFWSGGTYEQYF,NLVPMVATV,0
CASSSGTYKYIF,CASSLGTGKVEGYTF,NLVPMVATV,0
CAFADSWGKLQF,CASSLVGGGMGWEQFF,NLVPMVATV,0
CATDTGFKTIF,CASSLGYGFYNEQFF,NLVPMVATV,0
CAGVDNDMRF,CASSATGGSYNEQFF,NLVPMVATV,0
CAYRSAYGNKLVF,CASSTEMDSSGQPQHF,NLVPMVATV,0
CAAPTYSGAGSYQLTF,CASSFLGTGLNEQYF,NLVPMVATV,0
CATMDSNYQLIW,CASSLLADYNEQFF,NLVPMVATV,0
CLVGEGFQKLVF,CASSLEADNNEQFF,NLVPMVATV,0
CAVRTYNYGQNFVF,CASSPGDTGANVLTF,NLVPMVATV,0
CAMREGGLGKLIF,CASGLGTSGGVGELFF,NLVPMVATV,0
CAVDAGGTSYGKLTF,CASSPGTSGVGKQFF,NLVPMVATV,0
CAVNADGQKLLF,CASSPVGDTQYF,NLVPMVATV,0
CAESNNAGNMLTF,CASSLWVGGSSGANVLTF,NLVPMVATV,0
CALRKGAQKLVF,CASSPMASGGDEQFF,NLVPMVATV,0
CAASKGGSQGNLIF,CASSDWTVASEQYF,NLVPMVATV,0
CAVMDSNYQLIW,CASSDPHTEAFF,NLVPMVATV,0
CAASANYGGATNKLIF,CASSLGSGTQYF,NLVPMVATV,0
CVVSDRGSTLGRLYF,CASSSQTSGLFANTGELF,NLVPMVATV,0
CALSEASFSGANSKLTF,CASSGSGGFTEAFF,NLVPMVATV,0
CAALGYSGGGADGLTF,CASSLDGSSNQPQHF,NLVPMVATV,0
CGTLRNNNARLMF,CASSIRSAYEQYF,NLVPMVATV,0
CAAADDKIIF,CASSPLKGGVEGYTF,NLVPMVATV,0
CAAVTGTYKYIF,CASSPGVLDYGYTF,NLVPMVATV,0
CAGLSGNTPLVF,CSAGEDWHEQYF,NLVPMVATV,0
CALSDNEDTGRRALTF,CASSPSARGNQPQHF,NLVPMVATV,0
CILDNNNDMRF,CSARDQTGNGYTF,NLVPMVATV,0
CAFDRGSARQLTF,CASSATGSTYEQYF,NLVPMVATV,0
CAVSGTASKLTF,CASSLAGQGSPYEQYF,NLVPMVATV,0
CAYRSTGTYKYIF,CASSLSRGPYNEQFF,NLVPMVATV,0
CAVTTSGGTSYGKLTF,CSAEIADYEQYF,NLVPMVATV,0
CAMREPYSGAGSYQLTF,CASSPGGTGIISYEQYF,NLVPMVATV,0
CAVRDRIKAAGNKLTF,CASSPGTTTNEKLFF,NLVPMVATV,0
CAVMDSSYKLIF,CAPRPGPRSTDTQYF,NLVPMVATV,0
CALRSIQGAQKLVF,CASSMFVGQPQHF,NLVPMVATV,0
CAATRDYKLSF,CASSPRTSGGTDTQYF,NLVPMVATV,0
CVVSDRGSTLGRLYF,CASSEDKGGADTQYF,NLVPMVATV,0
CATDGRGGGNKLTF,CASSQGGSYNEQF,NLVPMVATV,0
CAVPLGGANSKLTF,CASSPYQGGTDTQYF,NLVPMVATV,0
LQGTDKLIF,CAWSRAAVEQFF,NLVPMVATV,0
CAVVDSNYQLIW,CSARGGQLQETQYF,NLVPMVATV,0
CAESGYGGSQGNLIF,CASSYGQGSIGELF,NLVPMVATV,0
CAVSDPGAGSYQLTF,CASSYGGQEQYF,NLVPMVATV,0
CAAFSGGGADGLTF,CASSSANYGYTF,NLVPMVATV,0
CALTSAGGSYIPTL,CASSPGLGAEAF,NLVPMVATV,0
CIPSGGADGLTF,CAWSISDLAKNIQYF,NLVPMVATV,0
CAATSNDYKLSF,CAWSVWDRGYEQYF,NLVPMVATV,0
CAGPSKTSYDKVIF,CASSYLLAGSMNTEAFF,NLVPMVATV,0
CIVRVSGNTGKLIF,CASSLNRGPADTQYF,NLVPMVATV,0
CAVLDSNYQLIW,CATSAEGGETQYF,NLVPMVATV,0
CVVSEYSSASKIIF,CASSRGTGEGYEQYF,NLVPMVATV,0
CALSGNTPLVF,CASRDSLTGELFF,NLVPMVATV,0
CAPAEGNTGKLIF,CASSFPGGLYEQYF,NLVPMVATV,0
CAASLDARLMF,CASSPGTPTYGYTF,NLVPMVATV,0
CAVMDSNYQLIW,CASSIRSSYEQYF,NLVPMVATV,0
CAVPFVIGFGNVLHC,CASRRRVDNEQFF,NLVPMVATV,0
CARGGSNYQLIW,CASSLIAGGGEDTQYF,NLVPMVATV,0
CALSGVGTGKLIF,CASSPTPGPQFF,NLVPMVATV,0
CVVSGQAAGNKLTF,CASSMTSGQAYEQYF,NLVPMVATV,0
CAVMDSNYQLIW,CSARALGLVWSDEQFF,NLVPMVATV,0
CAVRDSNYQLIW,CASSLTGAMGHEQYF,NLVPMVATV,0
CALSEAGTGGSYIPTF,CSARPVQGINYGYTF,NLVPMVATV,0
CAGVFGGSNYKLTF,CSASRNTEAF,NLVPMVATV,0
CILRDXGNQFYF,CASSSGQATSQPQHF,NLVPMVATV,0
CAVDGSQGNLIF,CASRARRPSNTIYF,NLVPMVATV,0
CAVLISSGSARQLTF,CASSVGGVPYNEQFF,NLVPMVATV,0
CAVMDSNYQLIW,CASSQGSGQPQHF,NLVPMVATV,0
CAVSAGNNRKLIW,CASIGRENNEQFF,NLVPMVATV,0
CAMRLTGTASKLTF,CSARDGTGNGYTF,NLVPMVATV,0
CAMGGSGGSQGNLIF,CSVEETVRGYGYTF,NLVPMVATV,0
CATGASGTYKYIF,CASSQDLGDGNEQFF,NLVPMVATV,0
CATVVNQAGTALIF,CASRKGIQETQYF,NLVPMVATV,0
SRTGGFKTIF,CASSQGPGERAGFNYEQYf,NLVPMVATV,0
CVVSDRGSTLGRLYF,CASSQLVSLRGEQYF,NLVPMVATV,0
CAMKAAGNKLTF,CASSLTGNYGYTF,NLVPMVATV,0
CAVPVYNTDKLIF,CASSAQGNSNQPQHF,NLVPMVATV,0
CVVSVDQAGTALIF,CASSQQQGEGGELF,NLVPMVATV,0
CAASAGLAGSYQLTF,CASSLAPGATNEKLFF,NLVPMVATV,0
CAGATGGSQGNLIF,CASSETGGNQPQHF,NLVPMVATV,0
CAVMDSNYQLIW,CASSLSGSSYEQYF,NLVPMVATV,0
CAFEGVTSGTYKYIF,CASSSGTGDYEQYF,NLVPMVATV,0
CAARDNAGNMLTF,CASSSGGGQPQHF,NLVPMVATV,0
CAVRALSGGYQKVTF,CASSLQGYNEQF,NLVPMVATV,0
CAVNGNYQLIW,CASSFGSGNTIYF,NLVPMVATV,0
CATAAMEYGNKLVF,CASSLTGSEAF,NLVPMVATV,0
CAVNAAGNKLTF,CASSYQWVGSGANVLTF,NLVPMVATV,0
CAVSERAGGTSYGKLTF,CASSPRDRDFNYGYT,NLVPMVATV,0
CAFLYPRGGSNYKLTF,CASSEGAAIGPQHF,NLVPMVATV,0
CAAIFGNEKLTF,CASSSANYGYTF,NLVPMVATV,0
CALTQGGTASKLTF,CASSPALDAQYF,NLVPMVATV,0
CAADSGGGADGLTF,CASSLVDLVHGYTF,NLVPMVATV,0
CATDAGDSNYQLIW,CASSQNPQGPKYF,NLVPMVATV,0
CAVLDSNYQLIW,CASSNRQGGTGELF,NLVPMVATV,0
CAMREPQYNNNDMRF,CASSPPGQEAYGYGYTF,NLVPMVATV,0
CAVRRNTDKLIF,CASTLWSATNEKLFF,NLVPMVATV,0
CVVSDRGSTLGRLYF,CASSSTGGGETQYF,NLVPMVATV,0
CAGGGSQGNLIF,CASSLVRDRHTEAFF,NLVPMVATV,0
CALSGNTPLVF,CASSLTWDTEAFF,NLVPMVATV,0
CLVGAPISGGYNKLIF,CSPTGQSTDTQYF,NLVPMVATV,0
CASTSGTYKYIF,CASSPEVGTDTQYF,NLVPMVATV,0
CAGGSTLGRLYF,CASSSGRGLVQYF,NLVPMVATV,0
CIVRVALIQGAQKLVF,CASGMIAGGLNERFF,NLVPMVATV,0
CAVANARLMF,CATSRTGTGSTEAFF,NLVPMVATV,0
CAAYNAGNMLTF,CASSPSDPGANVLTF,NLVPMVATV,0
CAYRSAYGNKLVF,CASSIRSAYEQYF,NLVPMVATV,0
CAVNQAGTALIF,CASSLGQGYNEQFF,NLVPMVATV,0
CAMSAIQGAQKLVF,CSARSEGTSGRSEQFF,NLVPMVATV,0
CALDGASKIIF,CASSTRGGWVEAF,NLVPMVATV,0
CILRDVLSGNQFYF,CSARARSPEQYF,NLVPMVATV,0
CAVNNARLMF,CASSFWGADTQYF,NLVPMVATV,0
CAVDNTDKLIF,CASSANPRTGGEQF,NLVPMVATV,0
CAAIDSNYQLIW,CASSQDTSGSSYNEQFF,NLVPMVATV,0
CAGPLGGGSQGNLIF,CASSPTPGQRNGYTF,NLVPMVATV,0
CAATYAGGGADGLTF,CASSPGTVYGYTF,NLVPMVATV,0
CIVRIGDSNYQLIW,CASSALASGDKQYF,NLVPMVATV,0
CVVSDRGSTLGRLYF,CSVEPPGFQETQYF,NLVPMVATV,0
CAASGSARQLTF,CASSEFRTRGYTF,NLVPMVATV,0
CLVGGELTGGGNKLTF,CASSIAAVSALYGYTLF,NLVPMVATV,0
CALSYDKVIF,CASSLSKNTEAF,NLVPMVATV,0
CAVVDSNYQLIW,CASSLSFTEAF,NLVPMVATV,0
CAPPSNTGFQKLVFG,CASGLAGVGTGELFF,NLVPMVATV,0
CAERSGAGSYQLTF,CATSSGTGAYEQYF,NLVPMVATV,0
CAVTSGDYKLSF,CASSMRSTDTQYF,NLVPMVATV,0
CAVPGDSSYKLIF,CASSQGGNSYEQYF,NLVPMVATV,0
CAGYMDTGRRALTF,CASSSRQGNLIDEQYF,NLVPMVATV,0
CALISSGSARQLTF,CASSMRSSYEQYF,NLVPMVATV,0
CAVRDSNYQLIW,CATSFSGSSDTQYF,NLVPMVATV,0
CAGRSTGAGSYQLTF,CASSLEKVDTIYF,NLVPMVATV,0
CVVSDRGSTLGRLYF,CASSLGMFNTEAFF,NLVPMVATV,0
CAGPIQGAQKLVF,CASSQVTTGLYNEQF,NLVPMVATV,0
CAFNPDFGNEKLTF,CASSENTGELFF,NLVPMVATV,0
CVVSDRGSTLGRLYF,CASSLGRSSYEQYF,NLVPMVATV,0
CAMREGGAGNMLTF,CASSGGLEQYF,NLVPMVATV,0
CLVGDIRLLGSSNTGKLIF,CASSIRPRINSPLHF,NLVPMVATV,0
CALSDRYNNAGNMLTF,CSANSDRVSYNEQFF,NLVPMVATV,0
CAMTRSGNTGKLIF,CASSLAPGATNEKLFF,NLVPMVATV,0
CIDQGGKLIF,CASSPGREQYF,NLVPMVATV,0
CAETRGNNRLAF,CASSMRAGYEQYF,NLVPMVATV,0
CVVNLPNTGFQKLVF,CASSGVAEWALETQYF,NLVPMVATV,0
CLVVSDSWGKLQF,CASSLEGDQPQHF,NLVPMVATV,0
CAGRETSGSRLTF,CRARAYFPE,NLVPMVATV,0
CVVRPMDTGRRALTF,CASSLGTGEVVGELFF,NLVPMVATV,0
CVVSDRGSTLGRLYF,CASSQGLNPGQGLDTEAFF,NLVPMVATV,0
CAMTRPSGNTPLVF,CASSWLEEDSLSGGYGYTF,NLVPMVATV,0
CLVGDIQAGKSTF,CATSGYLLDRSTDTQYF,NLVPMVATV,0
CAPMDSNYQLIW,CASSLARDGYTF,NLVPMVATV,0
CAVGGSNDYKLSF,CATGTGDSNQPQHF,NLVPMVATV,0
CAVEPGDDYKLSF,CASSQEQGSSNQPQHF,NLVPMVATV,0
CVVEGDKVIF,CASSQELAGAYNEQFF,NLVPMVATV,0
CALSGQTGANSKLTF,CASSPHRNTEAFF,NLVPMVATV,0
CAMREGWDQAGTALIF,CASSPPDWVAGYTF,NLVPMVATV,0
CAASKRGATNKLIF,CASSIQGALTDTQYF,NLVPMVATV,0
CAVNAYNAGNMLTF,CASSNLPGTGEAFF,NLVPMVATV,0
CAESKTGNTPLVF,CANSQSPGGTQYF,NLVPMVATV,0
CAASGSSNYHLSF,CASSLYNEQF,NLVPMVATV,0
CAYRSPKETSGSRLTF,CASSLGGYEQYF,NLVPMVATV,0
CVVRGQTGANNLFF,CASRTGGEETQYF,NLVPMVATV,0
CAAPGGATNKLIF,CASSYSGGNRKNTQNF,NLVPMVATV,0
CAASQGLTGNTGKLIF,CASSPSSGGITDTQYF,NLVPMVATV,0
CATGGGYQKVTF,CATTPGASGISEQFF*,NLVPMVATV,0
CMVPTLGRLYF,CSARTDRGNNYGYTF,NLVPMVATV,0
CAMREFSGTYKYIF,CASRDAGDYWEQYF,NLVPMVATV,0
CAGINNNDMRF,CASSPGTADYNEQFF,NLVPMVATV,0
CAGFNQGGKLIF,CASSVWGTDTQYF,NLVPMVATV,0
CALSGGFGLAGTALIF,CASSVGTSEVDEQFF,NLVPMVATV,0
CASDYGGSQGNLIF*,CASSLIGVSSYNEQFF,NLVPMVATV,0
CAEKGGGYQKVTF,CASSQVLGFSYEQYF,NLVPMVATV,0
CAGNNDMRF,CASSQDPGTAAYEQYF,NLVPMVATV,0
CAVVDSNYQLIW,CASSTLRDSREKLF,NLVPMVATV,0
CAVMDSNYQLIW,CASSQYEVQETQYF,NLVPMVATV,0
CAVKTSYDKVIF,CASILEAGVSYEQYF,NLVPMVATV,0
CAGGGSQGNLIF,CASSVVERAFF,NLVPMVATV,0
CAVRDGTGANNLFF,CAISESPSGALGQFF,NLVPMVATV,0
CIALMDSNYQLIW,CASSHNEQFF,NLVPMVATV,0
CASPDAGGTSYGKLT,CASSLSTDTQYF,NLVPMVATV,0
CAYIIQGAQKLVF,CASTPGNLEQYF,NLVPMVATV,0
CASLTQGGSEKLVF,CSAGIPGQVFSSNEKLFF,NLVPMVATV,0
CALSRGSGYSTLTF,CASSYSTGQGRSTDTQYF,NLVPMVATV,0
CVVKRVGYSGGGADGLTF,CASSAGASIEQYF,NLVPMVATV,0
CAVRDSGNTPLVF,CASSLYNEQF,NLVPMVATV,0
CALNPQGDSNYQLIF,CASSSTGYEQYF,NLVPMVATV,0
CAMREPYNAGNMLTF,CSVKLTEFGYTF,NLVPMVATV,0
CAMIFNDYKLSF,CASSSGDTYYEQYF,NLVPMVATV,0
CAVRDSNYQLIW,CASSSLVNTGELF,NLVPMVATV,0
CAVSDSNYQLIW,CASSKSASYEQYF,NLVPMVATV,0
CAAVDSNYQLIW,CASSSGDTGDTEAFF,NLVPMVATV,0
CALSGALNNAGNMLTF,CASQRGNSYNEQFF,NLVPMVATV,0
CATAVFGQNFVF,CASSLAWALQDEQYF,NLVPMVATV,0
CAASKGGNAGKSTF,CASSSKMGQEIF,NLVPMVATV,0
CAVRDSNYQLIW,CASSSTATYEQYF,NLVPMVATV,0
CIVSRRSYNTDKLIF,CASSRRQGAMRETQYF,NLVPMVATV,0
CAVLDSNYQLIW,CASSLVGQGSYEQYF,NLVPMVATV,0
CVVSDRGSTLGRLYF,CASLGLEYEQYF,NLVPMVATV,0
CIGAGGLGNNARLMF,CASSFGGLGTEAF,NLVPMVATV,0
CAMRESSYGNNRLAF,CASSFGGSTGELFF,NLVPMVATV,0
CAAMDSNYQLIW,CASSLAPGATNEKLFF,NLVPMVATV,0
CVVSDRGSTLGRLYF,CASSVEPGWGEAF,NLVPMVATV,0
CALAGSQGNLIF,CASSPTSGSVYEQYF,NLVPMVATV,0
CAAIDDKIIF,GASSIGIFGYTF,NLVPMVATV,0
CILRSYTGANSKLTF,CSVGSGGTNEKLF,NLVPMVATV,0
CIVSTGGADGLTF,CASSTGTSGETQYF,NLVPMVATV,0
CAGGGSQGNLIF,CASRGEEGTQYF,NLVPMVATV,0
CAGASTGDYKLSF,CAWSNGGRAEAFF,NLVPMVATV,0
CAVTDSNYQLIW,CASSGRSTDTQYF,NLVPMVATV,0
CAALDSNYQLIW,CASSPGTEDGYTF,NLVPMVATV,0
CAALNSGYSTLTF,CASSEGPGVRNGYTF,NLVPMVATV,0
CAVRDSNYQLIW,CASSQRSTDTQYF,NLVPMVATV,0
CAGMNNNAGNMLTF,CASSLAETSADGYT,NLVPMVATV,0
CAVGYSNYQLIW,CASSQAPDGEPQEQFF,NLVPMVATV,0
CAGAGGGSQGNLIF,CSARDGTGNGYTF,NLVPMVATV,0
CASQSNTGNQFYF,CASSAQGAYGYTF,NLVPMVATV,0
CAMREIDTGRRALTF,CASSEEGQGANEKLFF,NLVPMVATV,0
CAGAETSGSRLTF,CASSFGINYGYTF,NLVPMVATV,0
CAVSLNNRLMF,CAVGAGATYEQYF,NLVPMVATV,0
CVVNGGYGGSQGNLIF,CASSFGTFETQYF,NLVPMVATV,0
CVVNRNNYGQNFVF,CASSLTGATDTQYF,NLVPMVATV,0
CAVSPSGYSTLTF,CASSLDPRMNTEAF,NLVPMVATV,0
CAVRLRRRDDKIIF,CASSLTDTQYF,NLVPMVATV,0
CAVVGNKLVF,CSAGTGRVYGYTF,NLVPMVATV,0
CAVKESLVEMRKLTF,CASLTRDEQFF,NLVPMVATV,0
CLVGMGSGTYKYIF,CASSYHDTRTEAF,NLVPMVATV,0
CAVDSWGKLQF,CASLGQANTGELFF,NLVPMVATV,0
CAVGEANGGFKTIF,CSASGGEGYEQYF,NLVPMVATV,0
CAASINSGNTPLVF,CARGGRGDHSPLHF,NLVPMVATV,0
CDPSGGNNRKLIW,CASSSTQGAAYGYTF,NLVPMVATV,0
CAVSTGGGNKLTF,CAGSLALRLADQETQYf,NLVPMVATV,0
CAVMDSNYQLIW,CASSIDFTANTEAFF,NLVPMVATV,0
CLVGYSGGYQKVTF,CASKEGLLDTGELF,NLVPMVATV,0
CAYSRLGTDQLIF,CASSIRSSYEQYF,NLVPMVATV,0
CAVTSASKIIF,CSAPQLAGGTDTQYF,NLVPMVATV,0
CAFMKVANNNDMRF,CASSYFGGSLSEQYF,NLVPMVATV,0
CAVRDSNYQLIW,CASSAGTGAYEQYF,NLVPMVATV,0
CVVSDRGSTLGRLYF,CASSVEGLRVTGELF,NLVPMVATV,0
CAVNTGFQKLVF,CASSLGEFYGYTF,NLVPMVATV,0
CAGLGGGADGLTF,CSARDRIGNGYTF,NLVPMVATV,0
CALPHGSSNTGKLIF,CASSFRRVTDTQYF,NLVPMVATV,0
CALDYNDMRF,CASSLGQGTYEQYF,NLVPMVATV,0
CAVRDQDYKLSF,CASSLGGNQPQHF,NLVPMVATV,0
CAVTGYSTLTF,CASSYELRTGVFDTQYF,NLVPMVATV,0
CAVVTGRRALTF,CSAPLAGGPNEQFF,NLVPMVATV,0
CAVVDSNYQLIW,CASSPQAASGNEQF,NLVPMVATV,0
CAVSTSYGKLTF,CASSYSPGPITDTQYF,NLVPMVATV,0
CAVNPGNMLTF,CATSLPGTTETQYF,NLVPMVATV,0
CLVGEAAGNKLTF,CASSLIVGPSYNEQFF,NLVPMVATV,0
CAMREDPSTGANSKLTF,CASSSHVINQF,NLVPMVATV,0
CAVIMGNQFYF,CASTGGNEQFF,NLVPMVATV,0
CAASGGSNYKLTF,CASSSGLGGPETQYF,NLVPMVATV,0
CALDSNYQLIW,CASSLVGDSTEAF,NLVPMVATV,0
CAAPQTGANNLFF,CAWSPGDNEQFF,NLVPMVATV,0
CAVRDNGYSSASKIIF,CASSYYSNQPQHF,NLVPMVATV,0
CAVGRDTGRRALTF,CASRTSESGANVLTF,NLVPMVATV,0
CAENIAITQGGSEKLVF,CASSLSSEGNQETQYF,NLVPMVATV,0
CAASPTSGTYKYIF,CASSVGGSLSNQPQHF,NLVPMVATV,0
CAMREGTGRRALTF,CASSPDVGHEKLFF,NLVPMVATV,0
CALSGGYQKVTF,CAISAGTSSGANVLTF,NLVPMVATV,0
CAVRDGDYKLSF,CAWPD*REYNEQF,NLVPMVATV,0
CAETEGGGSQGNLIF,CASSRAGFAYNEQF,NLVPMVATV,0
CAVILTGSGGSNYKLTF,CASSSIGQGTNSPLHF,NLVPMVATV,0
CAAQGSQGNLIF,CASSPMLAGAVETQYF,NLVPMVATV,0
CAENPNTGNQFYF,CASSVVERAFF,NLVPMVATV,0
