CASREGDINTGELFF,IVTDFSVIK,1
CASSASAGGYYNEQFF,IVTDFSVIK,1
CASSEAAGGFYNEQFF,IVTDFSVIK,1
CASSLNGGHYEQYF,IVTDFSVIK,1
CASSWGGGSNYGYTF,IVTDFSVIK,1
CASSWGQGSNYGYTF,IVTDFSVIK,1
CSARDGLGLAYEQYF,IVTDFSVIK,1
CASSARDRGIGGYTF,IVTDFSVIK,1
CASSFGGGSNYGYTF,IVTDFSVIK,1
CASSIVGAHTEAFF,IVTDFSVIK,1
CASSPTGLGGGYTF,IVTDFSVIK,1
CASSWGAGSNYGYTF,IVTDFSVIK,1
CASTELGDTHNEQFF,IVTDFSVIK,1
CSARDCLGLAYEQYF,IVTDFSVIK,1
CSVEGGPGTAYNEQFF,IVTDFSVIK,1
CASSVAESPGYPPLVTEAFF,IVTDFSVIK,1
CASSESAGGYYNEQFF,IVTDFSVIK,1
CASSFGSGSSYGYTF,IVTDFSVIK,1
CSASLYGRGQPQHF,IVTDFSVIK,1
CASSLEPGRNEKLFF,IVTDFSVIK,1
CASSVGDGGANTQYF,IVTDFSVIK,1
CASTTGGATGYTF,IVTDFSVIK,1
CASSWGGAAQFF,IVTDFSVIK,1
CASLSRGLLNEAFF,IVTDFSVIK,1
CATSTGDSNQPQHF,IVTDFSVIK,1
CATSDSPGGSYNEQFF,IVTDFSVIK,1
CASSLGQGVFYTF,IVTDFSVIK,1
CASSVGQVFYSGTF,IVTDFSVIK,1
CASSLMGGTYNEQFF,IVTDFSVIK,1
CASSWGGGSHYGYTF,IVTDFSVIK,1
CASSPGGLAGADTQYF,IVTDFSVIK,1
CASSQRPSEVGELFF,IVTDFSVIK,1
CASSLRDGSEAFF,IVTDFSVIK,1
CASSPVTGGGSGANVLTF,IVTDFSVIK,1
CASSFGQGTGTEAFF,IVTDFSVIK,1
CASSRVSEGRNTEAFF,IVTDFSVIK,1
CAWVLGPAGDTQYF,IVTDFSVIK,1
CASSSTGGGEKDQPQHF,IVTDFSVIK,1
CASSIRSSYEQYF,IVTDFSVIK,1
CASSPLTSGSYEQYF,IVTDFSVIK,1
CASSYRPGQYTEAFF,IVTDFSVIK,1
CASSPRDRERGEQYF,IVTDFSVIK,1
CSASPGDYEQYF,IVTDFSVIK,1
CASPDDGELHEQYF,IVTDFSVIK,1
CSARDSARDRVWEQFF,IVTDFSVIK,1
CASSSGRLTNTEAFF,IVTDFSVIK,1
CASSFSGNTGELFF,IVTDFSVIK,1
CASSQNSPLHF,IVTDFSVIK,1
CASSLAPGASGRSYNEQFF,IVTDFSVIK,1
CASSLEWGGETQYF,IVTDFSVIK,1
CASSRLAGGWNEQFF,IVTDFSVIK,1
CASSLVGIEREGETQYF,IVTDFSVIK,1
CSASAPRGLGEQYF,IVTDFSVIK,1
CASSWAGPHTEAFF,IVTDFSVIK,1
CASSSGLVSNTGELFF,IVTDFSVIK,1
CATSRDKGADGYTF,IVTDFSVIK,1
CASSDLQWVSYEQYF,IVTDFSVIK,1
CASSATVIPDTQYF,IVTDFSVIK,1
CASSPKGGRTNYGYTF,IVTDFSVIK,1
CASSNPRLDATGELFF,IVTDFSVIK,1
CASSLSSGTYEQYF,IVTDFSVIK,1
CASSAGDWISDNSPLHF,IVTDFSVIK,1
CASSLGVAGTNTGELFF,IVTDFSVIK,1
CSVSASGGDEQYF,IVTDFSVIK,1
CAWSVYGGGRDEQFF,IVTDFSVIK,1
CASSQDPGNVDGYTF,IVTDFSVIK,1
CASSLDLSGGITDTQYF,IVTDFSVIK,1
CASSLNGQGAGYTF,IVTDFSVIK,1
CASSQGGAWQADSYEQYF,IVTDFSVIK,1
CASSFLAGGYNEQFF,IVTDFSVIK,1
CASSSLSGSFAYNEQFF,IVTDFSVIK,1
CASSLSAGGYNEQFF,IVTDFSVIK,1
CASSTTHTEAFF,IVTDFSVIK,1
CASSEGDRVTEAFF,IVTDFSVIK,1
CASSQERGLPNEKLFF,IVTDFSVIK,1
CASSVKTGAGREQYF,IVTDFSVIK,1
CASSSYANTDTQYF,IVTDFSVIK,1
CASSPGPMNTEAFF,IVTDFSVIK,1
CASRPQQGHNSPLHF,IVTDFSVIK,1
CASSQGSFSGNTIYF,IVTDFSVIK,1
CSARDPPAGRDGYTF,IVTDFSVIK,1
CASSTYASGAISYEQYF,IVTDFSVIK,1
CASSHGSGSPYGYTF,IVTDFSVIK,1
CASSITEGEDSVSTDTQYF,IVTDFSVIK,1
CASSLDRTGEYEQYF,IVTDFSVIK,1
CASSQEWLAVSTDTQYF,IVTDFSVIK,1
CASSTTAGDTEAFF,IVTDFSVIK,1
CASSVLYLNEQFF,IVTDFSVIK,1
CAAGGGGTEKLFF,IVTDFSVIK,1
CASSPLAGVSDTQYF,IVTDFSVIK,1
CASRTGTTSPGELFF,IVTDFSVIK,1
CASTLTGATNEKLFF,IVTDFSVIK,1
CASSPGGGSSFGYTF,IVTDFSVIK,1
CASREIQGSGANVLTF,IVTDFSVIK,1
CASSLQGTGANVLTF,IVTDFSVIK,1
CASSSRTSGGAGQFF,IVTDFSVIK,1
CASSEASGGFYNEQFF,IVTDFSVIK,1
CASSQDGRTYGYTF,IVTDFSVIK,1
CASSQDRFNGELFF,IVTDFSVIK,1
CSVGTRTTGELFF,IVTDFSVIK,1
CASSLGQGPYEQYF,IVTDFSVIK,1
CAWTGTGKIGWDSPLHF,IVTDFSVIK,1
CASSGRHVDTKDTQYF,IVTDFSVIK,1
CASSPPSQETQYF,IVTDFSVIK,1
CASSVVAGVGYEQYF,IVTDFSVIK,1
CASSYSYGNTGELFF,IVTDFSVIK,1
CASSDSGGPSTDTQYF,IVTDFSVIK,1
CASSVGGGLDTQYF,IVTDFSVIK,1
CAWSGRAGVSNEQFF,IVTDFSVIK,1
CASSYGGYTEAFF,IVTDFSVIK,1
CASSLHRSSSSYEQYF,IVTDFSVIK,1
CASRQRDRPNNEQFF,IVTDFSVIK,1
CASSRGPNYEQYF,IVTDFSVIK,1
CASSFMSTDTQYF,IVTDFSVIK,1
CASRMGDINTGELFF,IVTDFSVIK,1
CASSHLGGDRYMNEQFF,IVTDFSVIK,1
CAWSGLTITEAFF,IVTDFSVIK,1
CASSYSMQGVGYGYTF,IVTDFSVIK,1
CASSLWAGGEYTEAFF,IVTDFSVIK,1
CASSLAGQVNEQYF,IVTDFSVIK,1
CASTTTGGETQYF,IVTDFSVIK,1
CSVGSGEDSPQYF,IVTDFSVIK,1
CASSSRSGYEQYF,IVTDFSVIK,1
CASSQLGRGDNEQFF,IVTDFSVIK,1
CASSLEASGPYNEQFF,IVTDFSVIK,1
CASSSGTGGYNSPLHF,IVTDFSVIK,1
CASYTPENTGELFF,IVTDFSVIK,1
CASSLYKSSYNEQFF,IVTDFSVIK,1
CASSSRDGGTDTQYF,IVTDFSVIK,1
CASSQETGYNEQFF,IVTDFSVIK,1
CASSPVSQGANSGNTIYF,IVTDFSVIK,1
CASSLAGTGELFF,IVTDFSVIK,1
CASSSVGGGGDTQYF,IVTDFSVIK,1
CASSSPVGLAEYEQYF,IVTDFSVIK,1
CASSRTGTSYEQYF,IVTDFSVIK,1
CASSYGRAYEQYF,IVTDFSVIK,1
CASSLGFTDTQYF,IVTDFSVIK,1
CASSWNRDRYNTEAFF,IVTDFSVIK,1
CASSVGSSGIYGELFF,IVTDFSVIK,1
CASGFTDAGATNYGYTF,IVTDFSVIK,1
CASSLTTGGRNEQFF,IVTDFSVIK,1
CASSVGVLAGNEQFF,IVTDFSVIK,1
CASSSQGALKREIPYEQYF,IVTDFSVIK,1
CASSLAAANTEAFF,IVTDFSVIK,1
CASSLFGGTYEQYF,IVTDFSVIK,1
CASSTTGPQTPLHF,IVTDFSVIK,1
CASSSNQGDNQPQHF,IVTDFSVIK,1
CASSSDPRYGYTF,IVTDFSVIK,1
CASSLLTSGGGSDTQYF,IVTDFSVIK,1
CASSFSQDPQYF,IVTDFSVIK,1
CASSGGITGEETQYF,IVTDFSVIK,1
CASSAWGTSSTDTQYF,IVTDFSVIK,1
CSALADTQYF,IVTDFSVIK,1
CSARDPPSDVGTQYF,IVTDFSVIK,1
CAISDPGLAGGGGEQFF,IVTDFSVIK,1
CASSFSGLAPSYNEQFF,IVTDFSVIK,1
CASRPPGSYNEQFF,IVTDFSVIK,1
CATSDFRDSSNEQFF,IVTDFSVIK,1
CASSYPGTGEYEQYF,IVTDFSVIK,1
CASSPTQGATGELFF,IVTDFSVIK,1
CASSYYNEQFF,IVTDFSVIK,1
CASSPTGSSYEQYF,IVTDFSVIK,1
CASSLRRTDTQYF,IVTDFSVIK,1
CASSPPGGNEQFF,IVTDFSVIK,1
CASSLEGQLFYEQYF,IVTDFSVIK,1
CATSPNRAYEQYF,IVTDFSVIK,1
CASSLGTSGSSYEQYF,IVTDFSVIK,1
CASSLGNQPQHF,IVTDFSVIK,1
CASSQGAGIGRTDTQYF,IVTDFSVIK,1
CASSLFGRDLGGYTF,IVTDFSVIK,1
CASSMDRGSADTQYF,IVTDFSVIK,1
CASSLGDFLRTDTQYF,IVTDFSVIK,1
CSARGGATGTNTGELFF,IVTDFSVIK,1
CASSGGTSGYNEQFF,IVTDFSVIK,1
CASSSRQSEADTQYF,IVTDFSVIK,1
CASSVGLSYEQYF,IVTDFSVIK,1
CASSDSRRGTGTYEQYF,IVTDFSVIK,1
CASSQEQASNEQFF,IVTDFSVIK,1
CASSRPPEVAGNTIYF,IVTDFSVIK,1
CASSPLLGGTYNEQFF,IVTDFSVIK,1
CSAGSGTRGETQYF,IVTDFSVIK,1
CASSPPGGGNTGELFF,IVTDFSVIK,1
CASSLVGGTDEKLFF,IVTDFSVIK,1
CASSPLWVAGGRETQYF,IVTDFSVIK,1
CATSGTEGTDTQYF,IVTDFSVIK,1
CASSPSSSYEQYF,IVTDFSVIK,1
CASSVDSGSDYEQYF,IVTDFSVIK,1
CSARVSPEGGPENYGYTF,IVTDFSVIK,1
CASSFVDRAETQYF,IVTDFSVIK,1
CASSGPGGVDEQYF,IVTDFSVIK,1
CATGTGISYEQYF,IVTDFSVIK,1
CASSLDTQYF,IVTDFSVIK,1
CASSEVVSTTYEQYF,IVTDFSVIK,1
CASSLGQQGVNRDWYNEQFF,IVTDFSVIK,1
CASSSLGAREQFF,IVTDFSVIK,1
CASSPRTGNTGELFF,IVTDFSVIK,1
CASSPRLGLWEQYF,IVTDFSVIK,1
CASSAGTSGFGYNEQFF,IVTDFSVIK,1
CASSWGVRDMNTEAFF,IVTDFSVIK,1
CASSQERGPYNEQFF,IVTDFSVIK,1
CAISELDRGHGYTF,IVTDFSVIK,1
CASSIDGDRVYEQYF,IVTDFSVIK,1
CSAVGPPLHF,IVTDFSVIK,1
CASRKGAPGINEQFF,IVTDFSVIK,1
CASSTGTAAYEQYF,IVTDFSVIK,1
CASSVTSSRGGTDTQYF,IVTDFSVIK,1
CASSESWGPYEQYF,IVTDFSVIK,1
CASSLGPLGQGWSDTQYF,IVTDFSVIK,1
CASSVYKDILGADTQYF,IVTDFSVIK,1
CSAGQGPYEQYF,IVTDFSVIK,1
CASSWSSAGGPSYEQYF,IVTDFSVIK,1
CSASPGAPSGANVLTF,IVTDFSVIK,1
CASSARSSTEQYF,IVTDFSVIK,1
CASSQTRGAGNTIYF,IVTDFSVIK,1
CASSSGTSGGAGETQYF,IVTDFSVIK,1
CASSSALAGPNEQYF,IVTDFSVIK,1
CASSESSEAFF,IVTDFSVIK,1
CASRWKGSGAKNIQYF,IVTDFSVIK,1
CASSTGFSDTQYF,IVTDFSVIK,1
CASSGTSGGYEQYF,IVTDFSVIK,1
CASGGGAAFF,IVTDFSVIK,1
CASGMTGLTSEQYF,IVTDFSVIK,1
CASSVEGAGGANVLTF,IVTDFSVIK,1
CASTPIESSTDTQYF,IVTDFSVIK,1
CASSALAGNTEAFF,IVTDFSVIK,1
CASSFLDRGPNTEAFF,IVTDFSVIK,1
CASSIAGGTDTQYF,IVTDFSVIK,1
CASSQLQGPSFAEQFF,IVTDFSVIK,1
CASLGQAYNEQFF,IVTDFSVIK,1
CASSLGAVHEQYF,IVTDFSVIK,1
CASSSGLAGGNEQFF,IVTDFSVIK,1
CATSRSGQGEKLFF,IVTDFSVIK,1
CASSPAGGTDTQYF,IVTDFSVIK,1
CATSRVGADIQYF,IVTDFSVIK,1
CSASGWVRQGAFYEQYF,IVTDFSVIK,1
CASSPGTALYEQYF,IVTDFSVIK,1
CASSNGGGRLYGYTF,IVTDFSVIK,1
CASSYLGEETQYF,IVTDFSVIK,1
CASSQDGWAGDQPQHF,IVTDFSVIK,1
CASSVRSSMNTEAFF,IVTDFSVIK,1
CASSSGPTEAFF,IVTDFSVIK,1
CASSLNRELTGNTIYF,IVTDFSVIK,1
CASSLKGQGSDTQYF,IVTDFSVIK,1
CASSLGGDPGVGPQHF,IVTDFSVIK,1
CSARDPDVPGGNEQFF,IVTDFSVIK,1
CASRGAGELFF,IVTDFSVIK,1
CASSPLIRGLNEKLFF,IVTDFSVIK,1
CAVNGLAGPTDTQYF,IVTDFSVIK,1
CASSPGLAGGDEQFF,IVTDFSVIK,1
CASSIARFNEQFF,IVTDFSVIK,1
CASSPGGGYTF,IVTDFSVIK,1
CSVENPTGDNNEQFF,IVTDFSVIK,1
CASSLDKATEQYF,IVTDFSVIK,1
CSARDLSGGSYNEQFF,IVTDFSVIK,1
CSVVWAEQYF,IVTDFSVIK,1
CASSQVTGPYTEAFF,IVTDFSVIK,1
CASSLVGGNEQFF,IVTDFSVIK,1
CASSLARDIPRDF,IVTDFSVIK,1
CASTTVTGPYGYTF,IVTDFSVIK,1
CASSLNGVYMEQYF,IVTDFSVIK,1
CASSSPSALSYEQYF,IVTDFSVIK,1
CASSNRDRASYEQYF,IVTDFSVIK,1
CASSQGRDRHGYTF,IVTDFSVIK,1
CASSQDHRMGGHEKLFF,IVTDFSVIK,1
CASRSKTGSKQPQHF,IVTDFSVIK,1
CASSLGDRIYTF,IVTDFSVIK,1
CASISPLGLASGTGELFF,IVTDFSVIK,1
CASSPMDTQYF,IVTDFSVIK,1
CASSQVDSSYNEQFF,IVTDFSVIK,1
CASSVSLVNEQFF,IVTDFSVIK,1
CASSRTKGGKETQYF,IVTDFSVIK,1
CASRGWESNTEAFF,IVTDFSVIK,1
CASSLLGQNTGELFF,IVTDFSVIK,1
CASSFGGVNEQFF,IVTDFSVIK,1
CASSLNPVNTEAFF,IVTDFSVIK,1
CASSLYAGASEKLFF,IVTDFSVIK,1
CATSGAAYSGANVLTF,IVTDFSVIK,1
CSVDLEANYGYTF,IVTDFSVIK,1
CASRGELYEQYF,IVTDFSVIK,1
CASSEAWGATNTGELFF,IVTDFSVIK,1
CASSQGPGTVHEKLFF,IVTDFSVIK,1
CSARDFDRGLATEAFF,IVTDFSVIK,1
CASSTYPTGNTEAFF,IVTDFSVIK,1
CSVAGTGNTEAFF,IVTDFSVIK,1
CASSRVAGEQYF,IVTDFSVIK,1
CASSLELGLAEAFF,IVTDFSVIK,1
CASSLAGVLEQYF,IVTDFSVIK,1
CASSMWTGDNEQFF,IVTDFSVIK,1
CASSPGTGKAGELFF,IVTDFSVIK,1
CASSLASGRSTEAFF,IVTDFSVIK,1
CASSLVEGGGEKLFF,IVTDFSVIK,1
CASSESLGTGELFF,IVTDFSVIK,1
CASSLVPGIAEAFF,IVTDFSVIK,1
CASRQGGTSPLHF,IVTDFSVIK,1
CAWSDTGDTEAFF,IVTDFSVIK,1
CASSLEPSYEQYF,IVTDFSVIK,1
CASSPSEWGGGDTDTQYF,IVTDFSVIK,1
CASSYDSPTEAFF,IVTDFSVIK,1
CASIPAGGPGDTQYF,IVTDFSVIK,1
CASSQDRGGDTEAFF,IVTDFSVIK,1
CASSSGPGAGGYGYTF,IVTDFSVIK,1
CASSLAGGMDTEAFF,IVTDFSVIK,1
CASSFNTEAFF,IVTDFSVIK,1
CASSEDRHTGELFF,IVTDFSVIK,1
CASSLFQGSGTEAFF,IVTDFSVIK,1
CASSQEGQGGTEAFF,IVTDFSVIK,1
CASSASQFAEAFF,IVTDFSVIK,1
CASGLVEGDSKNIQYF,IVTDFSVIK,1
CASSLISLGNTIYF,IVTDFSVIK,1
CASSARTGVGYGYTF,IVTDFSVIK,1
CASSQEWDPRETQYF,IVTDFSVIK,1
CSVHVPMNTEAFF,IVTDFSVIK,1
CASSPDSGAFWPHGYTF,IVTDFSVIK,1
CASSTTVTTTNEKLFF,IVTDFSVIK,1
CASSPSRDREFLYIQYF,IVTDFSVIK,1
CASSTGLSGNTIYF,IVTDFSVIK,1
CASIGLSGAGELFF,IVTDFSVIK,1
CASSLAADRVFGNTIYF,IVTDFSVIK,1
CAWSVGIQNTEAFF,IVTDFSVIK,1
CASRVGNTEAFF,IVTDFSVIK,1
CSARDRAGKETQYF,IVTDFSVIK,1
CASSETSGPSYEQYF,IVTDFSVIK,1
CASRISRGSTDTQYF,IVTDFSVIK,1
CASSLALSYEQYF,IVTDFSVIK,1
CASSATQGATEAFF,IVTDFSVIK,1
CATSRGAGFDEQYF,IVTDFSVIK,1
CASSSSFTSVTANYGYTF,IVTDFSVIK,1
CASSLTPGQGIYGYTF,IVTDFSVIK,1
CASGPSAQETQYF,IVTDFSVIK,1
CASSPRRASSYNEQFF,IVTDFSVIK,1
CASSSLQSEPQHF,IVTDFSVIK,1
CASRDPGTTDYNEQFF,IVTDFSVIK,1
CASSSDRVYTEAFF,IVTDFSVIK,1
CASSILRSADTQYF,IVTDFSVIK,1
CSARDLEVLSYEQYF,IVTDFSVIK,1
CASTKDRSEAFF,IVTDFSVIK,1
CASSQEPGIWEQYF,IVTDFSVIK,1
CASSQEGRETEAFF,IVTDFSVIK,1
CASSPTSGSLFTNEQFF,IVTDFSVIK,1
CASSSPGLANNEQFF,IVTDFSVIK,1
CASSRDRGEDTQYF,IVTDFSVIK,1
CASSFGTGAQPQHF,IVTDFSVIK,1
CASRLGQGAHTGELFF,IVTDFSVIK,1
CASSASGGSYEQYF,IVTDFSVIK,1
CASSQEGGFTDTQYF,IVTDFSVIK,1
CASSLGQDGYTF,IVTDFSVIK,1
CASSTEPGLNTEAFF,IVTDFSVIK,1
CASSFWTGGTDTQYF,IVTDFSVIK,1
CASSPTDGGYYGYTF,IVTDFSVIK,1
CASSMTSGELFF,IVTDFSVIK,1
CASRGPVETQYF,IVTDFSVIK,1
CASSLGGGGKYTGELFF,IVTDFSVIK,1
CASSLGSRPGYTF,IVTDFSVIK,1
CASSQDRSGGGATQYF,IVTDFSVIK,1
CASSDRMNTEAFF,IVTDFSVIK,1
CASSPSAGVPYNEQFF,IVTDFSVIK,1
CASSQVLEGETQYF,IVTDFSVIK,1
CASSLRTSGSFTDTQYF,IVTDFSVIK,1
CATSDRTSGRAKETQYF,IVTDFSVIK,1
CASSQVPGQGPNYGYTF,IVTDFSVIK,1
CASRGDRGSNQPQHF,IVTDFSVIK,1
CASSEVGPTYEQYF,IVTDFSVIK,1
CATSSRYLSGRTNTGELFF,IVTDFSVIK,1
CASSSRDLDGSGANVLTF,IVTDFSVIK,1
CASSSRDSQNQPQHF,IVTDFSVIK,1
CASTGTSGGPTLRDEQFF,IVTDFSVIK,1
CASSLWERGASYNEQFF,IVTDFSVIK,1
CASKDGISYEQYF,IVTDFSVIK,1
CASSIELQGGTGELFF,IVTDFSVIK,1
CASSSVNSNQPQHF,IVTDFSVIK,1
CASSLDQQGVGEKLFF,IVTDFSVIK,1
CAWSLGTLSNEQFF,IVTDFSVIK,1
CASSLTRTDTQYF,IVTDFSVIK,1
CASSLGYEQYF,IVTDFSVIK,1
CASRGQGAQPQHF,IVTDFSVIK,1
CASSVGTALDSYNEQFF,IVTDFSVIK,1
CASSLETENYGYTF,IVTDFSVIK,1
CSFRIGGTEAFF,IVTDFSVIK,1
CASSLADRNTEAFF,IVTDFSVIK,1
CASSRMGARDGYTF,IVTDFSVIK,1
CASSIDRGGNTEAFF,IVTDFSVIK,1
CASSIWTSDQPQHF,IVTDFSVIK,1
CASSLVPSGSIDNEQFF,IVTDFSVIK,1
CATIPTGSTDTQYF,IVTDFSVIK,1
CASSLAGGNNEQFF,IVTDFSVIK,1
CASSEFGRTNEKLFF,IVTDFSVIK,1
CASSEHMGGQGRVYGYTF,IVTDFSVIK,1
CASSQGVGLAGAPSTDTQYF,IVTDFSVIK,1
CASSQEPGVGWNEQFF,IVTDFSVIK,1
CASRTGLASTDTQYF,IVTDFSVIK,1
CASSTTGTGANGYTF,IVTDFSVIK,1
CASGDRGWDQPQHF,IVTDFSVIK,1
CASSLGLAGSSYEQYF,IVTDFSVIK,1
CASSFWGSGRDTQYF,IVTDFSVIK,1
CASRSGQDYGYTF,IVTDFSVIK,1
CSAMTSGSSYEQYF,IVTDFSVIK,1
CASSARGALAGGSYEQYF,IVTDFSVIK,1
CASRRLAGGSRETQYF,IVTDFSVIK,1
CASSLATVSYEQYF,IVTDFSVIK,1
CASRAGGNTGELFF,IVTDFSVIK,1
CASSFGQGNEQYF,IVTDFSVIK,1
CASTNGSFGEQYF,IVTDFSVIK,1
CAWKNLFPRTDTQYF,IVTDFSVIK,1
CATEASNTGELFF,IVTDFSVIK,1
CASSSPGENTGELFF,IVTDFSVIK,1
CAWASGGYEQYF,IVTDFSVIK,1
CASRVSGSLSYNEQFF,IVTDFSVIK,1
CASSANTGELFF,IVTDFSVIK,1
CASSQGGADTQYF,IVTDFSVIK,1
CASSNDPGLAGVETQYF,IVTDFSVIK,1
CASSLRTLQETQYF,IVTDFSVIK,1
CASSQQAGTDSYEQYF,IVTDFSVIK,1
CASSGTPGNTIYF,IVTDFSVIK,1
CASSQGTGPVGTGELFF,IVTDFSVIK,1
CASSKLGSEQYF,IVTDFSVIK,1
CASTGGGLNEQFF,IVTDFSVIK,1
CASSLGDRAGANVLTF,IVTDFSVIK,1
CASRRQMMNTEAFF,IVTDFSVIK,1
CASSPNSNQPQHF,IVTDFSVIK,1
CASSQDRGSTEAFF,IVTDFSVIK,1
CSVSRRYGYTF,IVTDFSVIK,1
CATSSRAADEAFF,IVTDFSVIK,1
CASSLALGDGAYNEQFF,IVTDFSVIK,1
CASSQQETQYF,IVTDFSVIK,1
CASSQGYNTDTQYF,IVTDFSVIK,1
CASSLDMRTSNEQFF,IVTDFSVIK,1
CAISRTGGSNTEAFF,IVTDFSVIK,1
CASSPAHTGELFF,IVTDFSVIK,1
CASRFSPGENTEAFF,IVTDFSVIK,1
CASSQGTATYNSPLHF,IVTDFSVIK,1
CASSFGPGWGNPSSYNEQFF,IVTDFSVIK,1
CASSSPGTALSGELFF,IVTDFSVIK,1
CASSLTSVYNEQFF,IVTDFSVIK,1
CASRRSGLAPAGELFF,IVTDFSVIK,1
CASSPTDSYEQYF,IVTDFSVIK,1
CSVVLRGEDEQYF,IVTDFSVIK,1
CASSLTLPSGGKETQYF,IVTDFSVIK,1
CASSQARHEQYF,IVTDFSVIK,1
CATSPGGGRDLYEQYF,IVTDFSVIK,1
CASSFSGDTEAFF,IVTDFSVIK,1
CASSAVLFGTEGDTQYF,IVTDFSVIK,1
CSANVRQSNTGELFF,IVTDFSVIK,1
CASSLAGAKEAFF,IVTDFSVIK,1
CASSSRTGYDGYTF,IVTDFSVIK,1
CSARDWDYEQYF,IVTDFSVIK,1
CATSDRLAGGELFF,IVTDFSVIK,1
CSARGGGNTGELFF,IVTDFSVIK,1
CASSGTGVVPTEQYF,IVTDFSVIK,1
CASSVGFSSGRGETQYF,IVTDFSVIK,1
CSVPITGAGGVGELFF,IVTDFSVIK,1
CASSLWGNQPQHF,IVTDFSVIK,1
CASRAGEHFYEQYF,IVTDFSVIK,1
CASRPTSGGQADTQYF,IVTDFSVIK,1
CASSTAWTSGSYEQFF,IVTDFSVIK,1
CASRLTGDNEQFF,IVTDFSVIK,1
CASSLDYSRSSEAFF,IVTDFSVIK,1
CASSLASLAGNVDTQYF,IVTDFSVIK,1
CASSFGNEQFF,IVTDFSVIK,1
CASSLAAGFSYEQYF,IVTDFSVIK,1
CSVDLRGPGHGYTF,IVTDFSVIK,1
CATSRGADSYNEQFF,IVTDFSVIK,1
CASSLTLNTEAFF,IVTDFSVIK,1
CASSESYEQYF,IVTDFSVIK,1
CASSVGSGTAYEQYF,IVTDFSVIK,1
CASSLGVEGMNTEAFF,IVTDFSVIK,1
CASSLDRDVAYEQYF,IVTDFSVIK,1
CASSYGMGTEAFF,IVTDFSVIK,1
CASSLGPLAEPNNEQFF,IVTDFSVIK,1
CASSLGQDKEAQYF,IVTDFSVIK,1
CASSPTSPTATDTQYF,IVTDFSVIK,1
CASSESLGATYEQYF,IVTDFSVIK,1
CASSHTGTSGSVEPDTQYF,IVTDFSVIK,1
CASSLEGRVYSDTQYF,IVTDFSVIK,1
CASARQDYNEQFF,IVTDFSVIK,1
CASSHTSADEQFF,IVTDFSVIK,1
CASSVFDWASGRTGELFF,IVTDFSVIK,1
CASSPHRSLSEINNYGYTF,IVTDFSVIK,1
CSVEGGDRGYEQYF,IVTDFSVIK,1
CSARDRQDYGYTF,IVTDFSVIK,1
CASSQDPYPLYEQYF,IVTDFSVIK,1
CSAPNPNTGELFF,IVTDFSVIK,1
CASSLAADYEQYF,IVTDFSVIK,1
CASSFWSGTQETQYF,IVTDFSVIK,1
CASSSRDSGGAGETQYF,IVTDFSVIK,1
CASSLKGDGEQYF,IVTDFSVIK,1
CASSLGSGGYNEQFF,IVTDFSVIK,1
CASSPPGDGYTF,IVTDFSVIK,1
CASRYGQPHSYEQYF,IVTDFSVIK,1
CSVVGNYGYTF,IVTDFSVIK,1
CASSLSRREGHEQFF,IVTDFSVIK,1
CASSQVSLTGGYEQYF,IVTDFSVIK,1
CAITPGGSTEAFF,IVTDFSVIK,1
CASSPGTGAHEQYF,IVTDFSVIK,1
CASSTPGQGAGEQFF,IVTDFSVIK,1
CASSLTPLKNNEQFF,IVTDFSVIK,1
CASRTSGNEQFF,IVTDFSVIK,1
CSAPARSEPYEQYF,IVTDFSVIK,1
CASSEGGEQFF,IVTDFSVIK,1
CSVSWDEGYEQYF,IVTDFSVIK,1
CASSYSGYGGYTF,IVTDFSVIK,1
CASTSLAGSRNEQFF,IVTDFSVIK,1
CASRDSYEQYF,IVTDFSVIK,1
CASSPLPRLAGEETQYF,IVTDFSVIK,1
CASSGTRADTQYF,IVTDFSVIK,1
CASSFVGQGGTEAFF,IVTDFSVIK,1
CASSLIGTRDTSYEQYF,IVTDFSVIK,1
CASSHPASGQFF,IVTDFSVIK,1
CASSHDIGNEQFF,IVTDFSVIK,1
CATRGVYEQFF,IVTDFSVIK,1
CASSQDGLAGDNEQFF,IVTDFSVIK,1
CASSMSGANVLTF,IVTDFSVIK,1
CAWSADRAYEQYF,IVTDFSVIK,1
CASSLQAGDGSYEQYF,IVTDFSVIK,1
CASSFDSGGLGAQYF,IVTDFSVIK,1
CSARAGGGATEAFF,IVTDFSVIK,1
CASYHRERANYGYTF,IVTDFSVIK,1
CASSSSGPQTDTQYF,IVTDFSVIK,1
CSVDASGGYNEQFF,IVTDFSVIK,1
CASSFTGARTDTQYF,IVTDFSVIK,1
CASSESDRAKETQYF,IVTDFSVIK,1
CATSRDARVTEAFF,IVTDFSVIK,1
CASSMQGKLYEQYF,IVTDFSVIK,1
CASSLRDTRNSLHF,IVTDFSVIK,1
CASSLAPSGGDEQYF,IVTDFSVIK,1
CASSGGNILDGYTF,IVTDFSVIK,1
CASSQGGDGSYEQYF,IVTDFSVIK,1
CSADRPSAVEQFF,IVTDFSVIK,1
CASSFRGENQPQHF,IVTDFSVIK,1
CISAPAVSLGVKGSNSPLHF,IVTDFSVIK,1
CASSLRGSGYTF,IVTDFSVIK,1
CASSTGGAWNEQFF,IVTDFSVIK,1
CASMTSGRTGELFF,IVTDFSVIK,1
CASSGGLAVGNPGSYNEQFF,IVTDFSVIK,1
CSARGPRGAGDYSNQPQHF,IVTDFSVIK,1
CAIRGAGGSRRDEQFF,IVTDFSVIK,1
CASSLSGQPQHF,IVTDFSVIK,1
CSARDSGRAGGPYEQYF,IVTDFSVIK,1
CASSLERGEQYF,IVTDFSVIK,1
CGMGGSNEQFF,IVTDFSVIK,1
CAYPGLYGYTF,IVTDFSVIK,1
CASSEVWVGVNQNEQYF,IVTDFSVIK,1
CASSYSGSGELFF,IVTDFSVIK,1
CASSLPSEDNQETQYF,IVTDFSVIK,1
CAWSEDLVSQYF,IVTDFSVIK,1
CASSLAGGSYNSPLHF,IVTDFSVIK,1
CASSAWDINTGELFF,IVTDFSVIK,1
CASSRTSGGFYNEQFF,IVTDFSVIK,1
CASSGSSGGYYNEQFF,IVTDFSVIK,1
CASSLGSGNYGYTF,IVTDFSVIK,1
CASSVGDWAQGNTIYF,IVTDFSVIK,1
CASSYSVGAAPYNEQFF,IVTDFSVIK,0
CASSLWDRAKANYGYTF,IVTDFSVIK,0
CASSTKVGGTGELFF,IVTDFSVIK,0
CATSDLHRGDEQFF,IVTDFSVIK,0
CASSESLGVNTEAFF,IVTDFSVIK,0
CASSPTPSGREHTQYF,IVTDFSVIK,0
CASSRGTSGRGNEQFF,IVTDFSVIK,0
CASSSGREIWYEQYF,IVTDFSVIK,0
CASSSPAGGPTDTQYF,IVTDFSVIK,0
CASSDSTRDLDEQFF,IVTDFSVIK,0
CASSLESGFLSGYTF,IVTDFSVIK,0
CASSRLGGGHRGAVF,IVTDFSVIK,0
CASSFTSRVFGQPQHF,IVTDFSVIK,0
CSVEGWGGFYEQYF,IVTDFSVIK,0
CASSFGTAEEQFF,IVTDFSVIK,0
CASSYSKGRIYEQYF,IVTDFSVIK,0
CAGGDPNTGELFF,IVTDFSVIK,0
CASSHGLAGGETQYF,IVTDFSVIK,0
CASSQEMGGPDTQYF,IVTDFSVIK,0
CASRMTGADTQYF,IVTDFSVIK,0
CAIRTSGMLNTGELFF,IVTDFSVIK,0
CASSMRSGAVTQYF,IVTDFSVIK,0
CASSVTTRRRGYGYTF,IVTDFSVIK,0
CASSLSPNTEAFF,IVTDFSVIK,0
CASSSPEIGRSTDTQYF,IVTDFSVIK,0
CASSLLGQAYGYTF,IVTDFSVIK,0
CASSLQDRAYEQYF,IVTDFSVIK,0
CSARYRAGASGELFF,IVTDFSVIK,0
CASSKREDYEQYF,IVTDFSVIK,0
CASSSQLALNYGYTF,IVTDFSVIK,0
CASSQSANLPGTLSNEQFF,IVTDFSVIK,0
CASSKQGATEAFF,IVTDFSVIK,0
CSASAGSGANNEQFF,IVTDFSVIK,0
CASSLERRIETQYF,IVTDFSVIK,0
CASSQVAGALREQYF,IVTDFSVIK,0
CASSWKQGQISSGANVLTF,IVTDFSVIK,0
CASSQLRTSLDEQFF,IVTDFSVIK,0
CASSLERSNTEAFF,IVTDFSVIK,0
CASSWGPGELFF,IVTDFSVIK,0
CASSLLGLAETQYF,IVTDFSVIK,0
CASSMFVGQPQHF,IVTDFSVIK,0
CASSLTSGTEAFF,IVTDFSVIK,0
CASSLGASYEQYF,IVTDFSVIK,0
CASSEAELLSSYNEQFF,IVTDFSVIK,0
CASSLDRETGY,IVTDFSVIK,0
CASSQVSSRQPHTEAFF,IVTDFSVIK,0
CASSGQGSETQYF,IVTDFSVIK,0
CASSQDKGGNYGYTF,IVTDFSVIK,0
CASSVGGVVYNEQFF,IVTDFSVIK,0
CASSLEDRSWNNEQFF,IVTDFSVIK,0
CASSLTSGGPGDTQYF,IVTDFSVIK,0
CATASLAEENIQYF,IVTDFSVIK,0
CASSESRSGNQPQHF,IVTDFSVIK,0
CARYRHLGEAFF,IVTDFSVIK,0
CASSSDIEQYF,IVTDFSVIK,0
CATSLGTGGWDEQFF,IVTDFSVIK,0
CASKSGRGLQDTQYF,IVTDFSVIK,0
CASSVDGGEQFF,IVTDFSVIK,0
CASSYDRPSFNQPQHF,IVTDFSVIK,0
CASSLEEGEGNQPQHF,IVTDFSVIK,0
CATSDVAGGGGEQFF,IVTDFSVIK,0
CASSWDPAGTYNEQFF,IVTDFSVIK,0
CASSLVAGTYNEQFF,IVTDFSVIK,0
CASRSLQTFF,IVTDFSVIK,0
CASSSRGPYEQYF,IVTDFSVIK,0
CASSEGTISTGELFF,IVTDFSVIK,0
CASSVAGGGQETQYF,IVTDFSVIK,0
CASSFTGRSPLHF,IVTDFSVIK,0
CASSYQGAGTEAFF,IVTDFSVIK,0
CASSQVLLAGEVEQFF,IVTDFSVIK,0
CASSYMGLGAYEQYF,IVTDFSVIK,0
CASGFFNQPQHF,IVTDFSVIK,0
CASSPVSGSYEQYF,IVTDFSVIK,0
CASSPPGAGGLEQYF,IVTDFSVIK,0
CASIRGRGYTEAFF,IVTDFSVIK,0
CASLQGLNTEAFF,IVTDFSVIK,0
CASSQDRGGLGEKLFF,IVTDFSVIK,0
CASRKGGPNNEQFF,IVTDFSVIK,0
CASSLTGTSYNEQFF,IVTDFSVIK,0
CASSLGGQQFF,IVTDFSVIK,0
CAIQDLNTGELFF,IVTDFSVIK,0
CASSYLGSGNEQFF,IVTDFSVIK,0
CASSPYRGQQETQYF,IVTDFSVIK,0
CASSGQDSTQYF,IVTDFSVIK,0
CASSDPGDYGYTF,IVTDFSVIK,0
CSADGTHTPTDTQYF,IVTDFSVIK,0
CASSQGTYEQYF,IVTDFSVIK,0
CASSWISSGANVLTF,IVTDFSVIK,0
CASSLSGGGSYEQYF,IVTDFSVIK,0
CASSSHDREGGSSPLHF,IVTDFSVIK,0
CAVMEGSNEAFF,IVTDFSVIK,0
CSARDWGFGDYNEQFF,IVTDFSVIK,0
CASSRRDATRFAETQYF,IVTDFSVIK,0
CATSDQKTGSTPGELFF,IVTDFSVIK,0
CASSPSGGAGNEQFF,IVTDFSVIK,0
CASRGGTGDNYGYTF,IVTDFSVIK,0
CASSPGLAGGYEQFF,IVTDFSVIK,0
CASSRDRVTDTQYF,IVTDFSVIK,0
CSARDRDGYNEQFF,IVTDFSVIK,0
CAWSVQLSTDTQYF,IVTDFSVIK,0
CSVLPGLVYNEQFF,IVTDFSVIK,0
CASKNLADSTDTQYF,IVTDFSVIK,0
CSAWRGRGADNEQFF,IVTDFSVIK,0
CSARDQGEWGIKETQYF,IVTDFSVIK,0
CASSLVVDGPAEKLFF,IVTDFSVIK,0
CSARFPSSYEQYF,IVTDFSVIK,0
CASSAPPGPYNEQFF,IVTDFSVIK,0
CSVPGRHEQFF,IVTDFSVIK,0
CASSGTSGATDTQYF,IVTDFSVIK,0
CASTRGDSYEQYF,IVTDFSVIK,0
CASRDRTSGYNEQFF,IVTDFSVIK,0
CATSRPLLVGGRYTQYF,IVTDFSVIK,0
CASSLAMREGAYNEQFF,IVTDFSVIK,0
CASTAVGIGSNEQFF,IVTDFSVIK,0
CASNPGSYEQYF,IVTDFSVIK,0
CASSLGQGYYGYTF,IVTDFSVIK,0
CSASGHHYGYTF,IVTDFSVIK,0
CAWSVDNMNTEAFF,IVTDFSVIK,0
CASSVRSTGALFF,IVTDFSVIK,0
CASSSPGLAGGSSYNEQFF,IVTDFSVIK,0
CASSQEDLTSGTNEQFF,IVTDFSVIK,0
CASTGGPNYGYTF,IVTDFSVIK,0
CASSETGGTEAFF,IVTDFSVIK,0
CASSIFGAGELFF,IVTDFSVIK,0
CASGSLESGANVLTF,IVTDFSVIK,0
CASSLSGGGATGELFF,IVTDFSVIK,0
CASSQVRKGQGAGNQPQHF,IVTDFSVIK,0
CASSLLGSGVETQYF,IVTDFSVIK,0
CATSVRGASYNEQFF,IVTDFSVIK,0
CASSVAVGTGSGANVLTF,IVTDFSVIK,0
CSASRPAGTTPREAFF,IVTDFSVIK,0
CAISGLAGIQSSTDTQYF,IVTDFSVIK,0
CASSYPQAGQGEQYF,IVTDFSVIK,0
CASSIGTELAKNIQYF,IVTDFSVIK,0
CASIGESGELQETQYF,IVTDFSVIK,0
CAISESGTGYEQYF,IVTDFSVIK,0
CASSVGRLAGGAETQYF,IVTDFSVIK,0
CASSYGTGDSNQPQHF,IVTDFSVIK,0
CASSTRDRGSYEQYF,IVTDFSVIK,0
CASSQTPNQPQHF,IVTDFSVIK,0
CASSESSQMNTEAFF,IVTDFSVIK,0
CASSGGTASTDTQYF,IVTDFSVIK,0
CASKTGVNTEAFF,IVTDFSVIK,0
CASSLEVPPGYNEQFF,IVTDFSVIK,0
CASSQAQGMGNSPLHF,IVTDFSVIK,0
CASSLSIDSTDTQYF,IVTDFSVIK,0
CASSLSRPTGELFF,IVTDFSVIK,0
CASSYQTGTIYGYTF,IVTDFSVIK,0
CASSPASGGWNEQFF,IVTDFSVIK,0
CASSIAARDYGYTF,IVTDFSVIK,0
CASSVQLPLGVPYEQYF,IVTDFSVIK,0
CSARTGEVEQYF,IVTDFSVIK,0
CSARTGVGNTIYF,IVTDFSVIK,0
CASSPKTDSYEQYF,IVTDFSVIK,0
CAWSNQPQHF,IVTDFSVIK,0
CASSRLAGGTDTQYF,IVTDFSVIK,0
CASSSGQGNEQYF,IVTDFSVIK,0
CASSSPLRSGTNTGELFF,IVTDFSVIK,0
CASSARVDYEQYF,IVTDFSVIK,0
CASSPGLAGDEQFF,IVTDFSVIK,0
CASSEIISGNYGYTF,IVTDFSVIK,0
CASSQEQEPHQETQYF,IVTDFSVIK,0
CAISEDGQQLGDTQYF,IVTDFSVIK,0
CASIALAETGELFF,IVTDFSVIK,0
CASSPTNGDGYTF,IVTDFSVIK,0
CASSQAATGSYEQYF,IVTDFSVIK,0
CASSDGIQYF,IVTDFSVIK,0
CASSYLGDIQFNQPQHF,IVTDFSVIK,0
CASSPITQTGPLDTEAFF,IVTDFSVIK,0
CSVRTATYNEQFF,IVTDFSVIK,0
CASTTHLVVGGPGANVLTF,IVTDFSVIK,0
CSVAEMNTEAFF,IVTDFSVIK,0
CASTLGTEAFF,IVTDFSVIK,0
CASSVLGGDTQYF,IVTDFSVIK,0
CASSSLAGDLGEQYF,IVTDFSVIK,0
CSARVSSASGTYEQYF,IVTDFSVIK,0
CASIPEGGRETQYF,IVTDFSVIK,0
CASSPMVDYSNQPQHF,IVTDFSVIK,0
CAISESLSQPQHF,IVTDFSVIK,0
CASSLSLTGGTDTQYF,IVTDFSVIK,0
CASSQAEGGQNHF,IVTDFSVIK,0
CASSIFGEQYF,IVTDFSVIK,0
CASEGVHEQFF,IVTDFSVIK,0
CASSFSLGAAGELFF,IVTDFSVIK,0
CASSSAGTGGQETQYF,IVTDFSVIK,0
CASSQDRSGEGYTF,IVTDFSVIK,0
CASSLEDTNYGYTF,IVTDFSVIK,0
CASSLSGTGGANYGYTF,IVTDFSVIK,0
CSDDGGQEGYGYTF,IVTDFSVIK,0
CASSEGTSGEQYF,IVTDFSVIK,0
CASSLYTISGANVLTF,IVTDFSVIK,0
CASNLGGAINEQFF,IVTDFSVIK,0
CASSFSERAFF,IVTDFSVIK,0
CASTGGDTSYNEQFF,IVTDFSVIK,0
CASSLSRSRGSYEQYF,IVTDFSVIK,0
CASSQGVLTEAFF,IVTDFSVIK,0
CASSVGVAGELFF,IVTDFSVIK,0
CASSNYRLTENTEAFF,IVTDFSVIK,0
CASGWGVQGESKSYGYTF,IVTDFSVIK,0
CASSSGQGMDIQYF,IVTDFSVIK,0
CASSVRSAVEQFF,IVTDFSVIK,0
CASSPIGGRDTEAFF,IVTDFSVIK,0
CASSYRSTLEQFF,IVTDFSVIK,0
CASSSPTSGTYEQYF,IVTDFSVIK,0
CASSFSSTDTQYF,IVTDFSVIK,0
CASRDGQNQETQYF,IVTDFSVIK,0
CASSYSRGISPYGYTF,IVTDFSVIK,0
CASSQEWREFLREQFF,IVTDFSVIK,0
CSARDDTTDTQYF,IVTDFSVIK,0
CASWGGVVNTEAFF,IVTDFSVIK,0
CASSVGGPGELFF,IVTDFSVIK,0
CSVVYPGQGFPYEQYF,IVTDFSVIK,0
CATTFRGYEQYF,IVTDFSVIK,0
CASSDPYNQTLSYEQYF,IVTDFSVIK,0
CASSILNTDTQYF,IVTDFSVIK,0
CASSPSGTSPKNEQFF,IVTDFSVIK,0
CASSSGQPNTGELFF,IVTDFSVIK,0
CASRPIRADRVTTGELFF,IVTDFSVIK,0
CASSLGGGGFYEQYF,IVTDFSVIK,0
CASSLRGLAMSSYNEQFF,IVTDFSVIK,0
CSAATRDRVYEQYF,IVTDFSVIK,0
CASSPWEAGGAYEQYF,IVTDFSVIK,0
CASRDRGDYGYTF,IVTDFSVIK,0
CGGLGGTSGRNEQFF,IVTDFSVIK,0
CASSLPIRDRGYATNEKLFF,IVTDFSVIK,0
CASSEKPLSSYNEQFF,IVTDFSVIK,0
CASSESGSGNEQYF,IVTDFSVIK,0
CASSVSGGGYNEQFF,IVTDFSVIK,0
CAISESRRAISEQFF,IVTDFSVIK,0
CSAREPRGNTIYF,IVTDFSVIK,0
CASIRGAGTEAFF,IVTDFSVIK,0
CASTIGGDTGELFF,IVTDFSVIK,0
CASSLPGRNLAGEQFF,IVTDFSVIK,0
CAISESTAGNNEQFF,IVTDFSVIK,0
CASRAGGAADTQYF,IVTDFSVIK,0
CASSLSSGTGDNEQFF,IVTDFSVIK,0
CASSLRSTGTQYF,IVTDFSVIK,0
CASSSRDHPETQYF,IVTDFSVIK,0
CASGYWKLAGGPQETQYF,IVTDFSVIK,0
CASSLGSSYEQYF,IVTDFSVIK,0
CATGTGGGYGYTF,IVTDFSVIK,0
CASQLVNTGELFF,IVTDFSVIK,0
CASSIVSRDTQYF,IVTDFSVIK,0
CASSHAREQYF,IVTDFSVIK,0
CASSYFGANTEAFF,IVTDFSVIK,0
CASSLGRGTEAFF,IVTDFSVIK,0
CASNYYNEQFF,IVTDFSVIK,0
CASNFGTGGVGELFF,IVTDFSVIK,0
CASSQDSKDRGLDGYTF,IVTDFSVIK,0
CSVTRDSNTGELFF,IVTDFSVIK,0
CASSGLAPEQFF,IVTDFSVIK,0
CATSAQTGQGENTEAFF,IVTDFSVIK,0
CASSRGDTEAFF,IVTDFSVIK,0
CASSLDGMGRDTQYF,IVTDFSVIK,0
CASSQHTEFYHEQFF,IVTDFSVIK,0
CSARASRTFTDTQYF,IVTDFSVIK,0
CASSQRARAKNIQYF,IVTDFSVIK,0
CSARGRGSVKLYAEAFF,IVTDFSVIK,0
CASSPARGTDTQYF,IVTDFSVIK,0
CASSHDDLRGEYNEQFF,IVTDFSVIK,0
CASSPGGLNEKLFF,IVTDFSVIK,0
CASSRTGTGGGNEQFF,IVTDFSVIK,0
CASTPWADYNSGANVLTF,IVTDFSVIK,0
CATSDEGQITGELFF,IVTDFSVIK,0
CASSPLREHTGELFF,IVTDFSVIK,0
CASSADGILNTEAFF,IVTDFSVIK,0
CASSQEETGLSEKLFF,IVTDFSVIK,0
CASSEWTVDGYTF,IVTDFSVIK,0
CSVDVIANEQFF,IVTDFSVIK,0
CASSQDSGVVTFF,IVTDFSVIK,0
CASSKDSAYEQYF,IVTDFSVIK,0
CASSPATGGHQPQHF,IVTDFSVIK,0
CATSGTGGSGANVLTF,IVTDFSVIK,0
CASSLETGEISYGYTF,IVTDFSVIK,0
CASSFGAGSQETQYF,IVTDFSVIK,0
CAILGNSGTEAFF,IVTDFSVIK,0
CASSLSLVGGSDGYTF,IVTDFSVIK,0
CSARDQTGNGYTF,IVTDFSVIK,0
CASSDSSGGLYNEQFF,IVTDFSVIK,0
CASSIGGIEAFF,IVTDFSVIK,0
CASSLLEEHYEQYF,IVTDFSVIK,0
CATRWRLAGGPDTQYF,IVTDFSVIK,0
CAWSPGTGAYGYTF,IVTDFSVIK,0
CASSYLQAGGQRNEQFF,IVTDFSVIK,0
CASSLQGTGYGYTF,IVTDFSVIK,0
CATSDFSNRQETQYF,IVTDFSVIK,0
CASRRQGNEKLFF,IVTDFSVIK,0
CASSPKTGRHQETQYF,IVTDFSVIK,0
CASSLTGMSEREDYTF,IVTDFSVIK,0
CASSDGQGRLGYTF,IVTDFSVIK,0
CASSLLFWTGNGSYNEQFF,IVTDFSVIK,0
CASSLGQYNEQFF,IVTDFSVIK,0
CASSTPGDEQYF,IVTDFSVIK,0
CASSLGPASYEQYF,IVTDFSVIK,0
CASRTGGFEAFF,IVTDFSVIK,0
CASSPRDRESPEQYF,IVTDFSVIK,0
CASSPEGAQSYEQYF,IVTDFSVIK,0
CAIGDRNTGELFF,IVTDFSVIK,0
CASSPTANTGELFF,IVTDFSVIK,0
CSVGGSGGADTQYF,IVTDFSVIK,0
CASTYSFETQYF,IVTDFSVIK,0
CASSPGQGVTPLHF,IVTDFSVIK,0
CASSQVGDGGELFF,IVTDFSVIK,0
CASSLGRVSEQYF,IVTDFSVIK,0
CASSLQSSYEQYF,IVTDFSVIK,0
CASSLAPGDGYEQYF,IVTDFSVIK,0
CASSQGLGTDSYEQYF,IVTDFSVIK,0
CSASGGSYGSYNEQFF,IVTDFSVIK,0
CASSVDEQGPYNEQFF,IVTDFSVIK,0
CASSQDLLAGAADTQYF,IVTDFSVIK,0
CSARTCF,IVTDFSVIK,0
CASSQEEPGTTYGYTF,IVTDFSVIK,0
CASSQYRVDYTEAFF,IVTDFSVIK,0
CASSQGGVTEAFF,IVTDFSVIK,0
CASSIFDGYYEQYF,IVTDFSVIK,0
CASSQDLQETSPYGYTF,IVTDFSVIK,0
CASSSHTRGMNTEAFF,IVTDFSVIK,0
CASRTPAGANTEAFF,IVTDFSVIK,0
CSASNPLLGQGADYGYTF,IVTDFSVIK,0
CASRRTSGGPNNEQFF,IVTDFSVIK,0
CSVILTDSTDTQYF,IVTDFSVIK,0
CASPPTGALGGYTF,IVTDFSVIK,0
CASRVGQTNEQFF,IVTDFSVIK,0
CASSQTRGEGDEQYF,IVTDFSVIK,0
CASTDSPGLAGGYEQYF,IVTDFSVIK,0
CASSDPSGPGGGSPLHF,IVTDFSVIK,0
CATSREWASGTYEQYF,IVTDFSVIK,0
CSARIGPSSYNSPLHF,IVTDFSVIK,0
CASSQEGGTEQFF,IVTDFSVIK,0
CASSGRSADTRYF,IVTDFSVIK,0
CSVPKVGTSGFNEQFF,IVTDFSVIK,0
CASSLGPYVDTQYF,IVTDFSVIK,0
CASSYSPGVAGGLVNEQFF,IVTDFSVIK,0
CASSLSGGTNEQFF,IVTDFSVIK,0
CASSPDREGGDRGYNEQFF,IVTDFSVIK,0
CASSYRLGNEQFF,IVTDFSVIK,0
CASSEALVLEQFF,IVTDFSVIK,0
CATSRERFTGELFF,IVTDFSVIK,0
CASSSGGREAFF,IVTDFSVIK,0
CASSSYRENTGELFF,IVTDFSVIK,0
CASRAGGVAFF,IVTDFSVIK,0
CASSMSMGQHYEQYF,IVTDFSVIK,0
CSARDHRHSNQPQHF,IVTDFSVIK,0
CSARDRRQGVGYEQYF,IVTDFSVIK,0
CASSIRSAWAQHF,IVTDFSVIK,0
CASVGGGGTEAFF,IVTDFSVIK,0
CASSQEGPNQETQYF,IVTDFSVIK,0
CASSFLGNEQFF,IVTDFSVIK,0
CARESRDNYGYTF,IVTDFSVIK,0
CASSLEVGNQPQHF,IVTDFSVIK,0
CSARAKDVAGVDEQFF,IVTDFSVIK,0
CASSEGTSVPLAELFF,IVTDFSVIK,0
CATSALAGQGRDEQFF,IVTDFSVIK,0
CASSYWESSYGYTF,IVTDFSVIK,0
CASSRKTGANEQFF,IVTDFSVIK,0
CASSQDAGQGRSYEQYF,IVTDFSVIK,0
CSVDDGNSGANVLTF,IVTDFSVIK,0
CASSLARYGYTF,IVTDFSVIK,0
CASSFRASYEQYF,IVTDFSVIK,0
CASRWDSYNQPQHF,IVTDFSVIK,0
CASTTSTAPNEKLFF,IVTDFSVIK,0
CASSDGQGGYGYTF,IVTDFSVIK,0
CASSWGGETQYF,IVTDFSVIK,0
CASTPPGSETQYF,IVTDFSVIK,0
CASTGGSNTGELFF,IVTDFSVIK,0
CASSGRARLARTDTQYF,IVTDFSVIK,0
CASSDGTGYGYTF,IVTDFSVIK,0
CATLQGPKAFF,IVTDFSVIK,0
CASSFGGRNTEAFF,IVTDFSVIK,0
CASSPGTTLAKNIQYF,IVTDFSVIK,0
CASSDTGVYNEQFF,IVTDFSVIK,0
CSVGTATNEKLFF,IVTDFSVIK,0
CASSLGWDGNTDTQYF,IVTDFSVIK,0
CASSLTTGGKTGELFF,IVTDFSVIK,0
CSARSEGRYTF,IVTDFSVIK,0
CSARDLTGPNYGYTF,IVTDFSVIK,0
CASTFGAYNSPLHF,IVTDFSVIK,0
CASSLGQGAHNEQFF,IVTDFSVIK,0
CASSPDSGIGGNYGYTF,IVTDFSVIK,0
CASSLTSGTYEQYF,IVTDFSVIK,0
CASSFAVYEQYF,IVTDFSVIK,0
CASSFRSGINTGELFF,IVTDFSVIK,0
CASSQGSEKLFF,IVTDFSVIK,0
CASSDGGGGTAELFF,IVTDFSVIK,0
CASSPQVLSSYNEQFF,IVTDFSVIK,0
CSARTSQETQYF,IVTDFSVIK,0
CASSYFDSGKFAGELFF,IVTDFSVIK,0
CASTPTGGDEKLFF,IVTDFSVIK,0
CASSGQSNQPQHF,IVTDFSVIK,0
CASSNYAGAFDTQYF,IVTDFSVIK,0
CASLWLRGEYNEQFF,IVTDFSVIK,0
CASSARSGTNLYEQYF,IVTDFSVIK,0
CASSVYELSLPGAAQYF,IVTDFSVIK,0
CASSQTLDRGLENTEAFF,IVTDFSVIK,0
CASSPRLAGGPQETQYF,IVTDFSVIK,0
CASSLYGLAGDGEQYF,IVTDFSVIK,0
CASSRPSGQGNNGYTF,IVTDFSVIK,0
CASSLQGGNTEAFF,IVTDFSVIK,0
CASSFPLQGQGEAFF,IVTDFSVIK,0
CASSQGGRGYNEQFF,IVTDFSVIK,0
CSVPGTVNTEAFF,IVTDFSVIK,0
CASSYRRVQDEQYF,IVTDFSVIK,0
CASSKPTDSPNEQFF,IVTDFSVIK,0
CSAEIADYEQYF,IVTDFSVIK,0
CASSYSGGDEQFF,IVTDFSVIK,0
CASSVTGQGRETQYF,IVTDFSVIK,0
CASSFLRRQTQYF,IVTDFSVIK,0
CASSMRSGIEQYF,IVTDFSVIK,0
CASRPGRGATNEKLFF,IVTDFSVIK,0
CASSQDIYAFF,IVTDFSVIK,0
CASSFARGYEQYF,IVTDFSVIK,0
CATSSPRTGYNEQFF,IVTDFSVIK,0
CTISESGYRGPPGANVLTF,IVTDFSVIK,0
CASSGNTGELFF,IVTDFSVIK,0
CASSVDGGEFYEQYF,IVTDFSVIK,0
CASSLFVGGPGNEQFF,IVTDFSVIK,0
CASSPKAGGPGEQFF,IVTDFSVIK,0
CASSLWTGSEAFF,IVTDFSVIK,0
CASCPSGPTDTQYF,IVTDFSVIK,0
CASSPGIPNYGYTF,IVTDFSVIK,0
CASSPEDSGVWETQYF,IVTDFSVIK,0
CASSRGQGIAYEQYF,IVTDFSVIK,0
CASSAFRTDNTIENTEAFF,IVTDFSVIK,0
CSARGTIDRDPNSPLHF,IVTDFSVIK,0
CASSQGQLNTGELFF,IVTDFSVIK,0
CSAIPDRAGADTQYF,IVTDFSVIK,0
CASSSLTGTGYNEQFF,IVTDFSVIK,0
CASSLLAGPNTGELFF,IVTDFSVIK,0
CASSQDRLTGRYTF,IVTDFSVIK,0
CSAGQGTGELFF,IVTDFSVIK,0
CASSLLGGNSTQYF,IVTDFSVIK,0
CASRGRTQETQYF,IVTDFSVIK,0
CASSERVSGLNEQYF,IVTDFSVIK,0
CAEGERNTGELFF,IVTDFSVIK,0
CASSQTSDEQYF,IVTDFSVIK,0
CASIGLSSGNTIYF,IVTDFSVIK,0
CASSLGGNEQYF,IVTDFSVIK,0
CASSDGTSAFPYEQYF,IVTDFSVIK,0
CSVEGTGGAPLYGYTF,IVTDFSVIK,0
CAIRGFLGTGKNTEAFF,IVTDFSVIK,0
CASSLEYRTGVLNQPQHF,IVTDFSVIK,0
CSARFGRGETQYF,IVTDFSVIK,0
CASTIIPGLAGPREETQYF,IVTDFSVIK,0
CASSVILSPRGNEQFF,IVTDFSVIK,0
CASSLLQGGEQYF,IVTDFSVIK,0
CASSPRGVPPTLYGYTF,IVTDFSVIK,0
CASSLLGTGVVHEQYF,IVTDFSVIK,0
CAINPGTGSGNTIYF,IVTDFSVIK,0
CASSIVSGPYNEQFF,IVTDFSVIK,0
CASSAGTGGAASITEAFF,IVTDFSVIK,0
CSVGMDGVTNEKLFF,IVTDFSVIK,0
CVGSSPNTEAFF,IVTDFSVIK,0
CASSPYREPLYEQYF,IVTDFSVIK,0
CASRRTGMNTEAFF,IVTDFSVIK,0
CASSLFAGAETQYF,IVTDFSVIK,0
CSADMSLENEQFF,IVTDFSVIK,0
CASSLSRTGRGYTF,IVTDFSVIK,0
CASREKGYDEQFF,IVTDFSVIK,0
CASSELDEKYGYTF,IVTDFSVIK,0
CASSRQGNTETQYF,IVTDFSVIK,0
CATGVYRTYEQYF,IVTDFSVIK,0
CASSDSQNEQFF,IVTDFSVIK,0
CASSLGYEANPARGYGYTF,IVTDFSVIK,0
CASSTWTSGIYNEQFF,IVTDFSVIK,0
CASSSTTGVVTEAFF,IVTDFSVIK,0
CASSPRRGGPLQETQYF,IVTDFSVIK,0
CASSYQGYQETQYF,IVTDFSVIK,0
CASNLLAGGLNEQFF,IVTDFSVIK,0
CASSLVGLGTEAFF,IVTDFSVIK,0
CASSRGQAPGYTF,IVTDFSVIK,0
CSARGNRQGLGSPLHF,IVTDFSVIK,0
CASSSPDRGLDEQYF,IVTDFSVIK,0
CASSLTGGNYGYTF,IVTDFSVIK,0
CASSQKDGVSYGYTF,IVTDFSVIK,0
CASSHSGTGEYGYTF,IVTDFSVIK,0
CASSSTDRNYGYTF,IVTDFSVIK,0
CASSFPTSPPITQYF,IVTDFSVIK,0
CASSQDQALYFMNTEAFF,IVTDFSVIK,0
CASSLATDGYTF,IVTDFSVIK,0
CAISESTKSLLVQDTQYF,IVTDFSVIK,0
CASIAGGVLSNEQFF,IVTDFSVIK,0
CASSSTAGPPGEQFF,IVTDFSVIK,0
CASSVGAVTYNEQFF,IVTDFSVIK,0
CAISGLAGVDTQYF,IVTDFSVIK,0
CATTDLDSGELFF,IVTDFSVIK,0
CASSLGTGGVTDTQYF,IVTDFSVIK,0
CASRNRPGQASYEQYF,IVTDFSVIK,0
CASSQNIYEQYF,IVTDFSVIK,0
CAIGTSGNTGELFF,IVTDFSVIK,0
CASSKNRAYHEQYF,IVTDFSVIK,0
CASSQGQGQDYGYTF,IVTDFSVIK,0
CASSEWRGYEQYF,IVTDFSVIK,0
CAIKSAGRSYEQYF,IVTDFSVIK,0
CASSGSDGQAKWETQYF,IVTDFSVIK,0
CASSLASTPNEKLFF,IVTDFSVIK,0
CASSQEVLAGPRVDTQYF,IVTDFSVIK,0
CASRGSGVYEQYF,IVTDFSVIK,0
CASSPVVLGAGYGYTF,IVTDFSVIK,0
CSAPGQGVAEQYF,IVTDFSVIK,0
CASSQDQGGAEAFF,IVTDFSVIK,0
CASSTGTGYEQYF,IVTDFSVIK,0
CASSRGTRDYEQYF,IVTDFSVIK,0
CATSRTGAHEQYF,IVTDFSVIK,0
CASSYSVNYGYTF,IVTDFSVIK,0
CASSETRSGTWDEQFF,IVTDFSVIK,0
CATSEGDALFQPQHF,IVTDFSVIK,0
CASSQVWSGEYGYTF,IVTDFSVIK,0
CASSQDSWAGGSNEQFF,IVTDFSVIK,0
CSARTIAGEGYNEQFF,IVTDFSVIK,0
CASSSRTEIFSGANVLTF,IVTDFSVIK,0
CASSGMDYGYTF,IVTDFSVIK,0
CASRESPGYTF,IVTDFSVIK,0
CASSSRGGATDTQYF,IVTDFSVIK,0
CASSPGTNDEKLFF,IVTDFSVIK,0
CASSQDLGGVSYNEQFF,IVTDFSVIK,0
CASSVHGVSEQYF,IVTDFSVIK,0
CASSLGSPSSYEQYF,IVTDFSVIK,0
CASRQIGTSTDTQYF,IVTDFSVIK,0
CASSTGQETQYF,IVTDFSVIK,0
CASSETSGQETQYF,IVTDFSVIK,0
CASSLGFLTGELFF,IVTDFSVIK,0
CSVVLDSRYEQYF,IVTDFSVIK,0
CASSQDGLAGGAFNEQFF,IVTDFSVIK,0
CASSPQGVGYNQPQHF,IVTDFSVIK,0
CAVGEANTGELFF,IVTDFSVIK,0
CASSFSPTEAFF,IVTDFSVIK,0
CALGEPNTGELFF,IVTDFSVIK,0
CASSYGGGPEAFF,IVTDFSVIK,0
CASSLPGQGRTPLHF,IVTDFSVIK,0
CASSSAGPYTRRTRQGGQFF,IVTDFSVIK,0
CASSPLRETGISGANVLTF,IVTDFSVIK,0
CAVGVMNSGYSTLTF,IVTDFSVIK,0
CASSLEGSYEQYF,IVTDFSVIK,0
CASSTSGSPYNEQFF,IVTDFSVIK,0
CAVWYMRF,IVTDFSVIK,0
CAVREVSRLAF,IVTDFSVIK,0
CASSEWTGDYNEQFF,IVTDFSVIK,0
CASSRTGVSTDTQYF,IVTDFSVIK,0
CSVGTGGTNEKLFF,IVTDFSVIK,0
CATARDRSEQYF,IVTDFSVIK,0
CASSLVAGGMADTQYF,IVTDFSVIK,0
CASTGTGGFSYNEQFF,IVTDFSVIK,0
CASSPPLGAQQFF,IVTDFSVIK,0
CASSLGTREAFF,IVTDFSVIK,0
CASSPQEGETQYF,IVTDFSVIK,0
CLVGAYYSGSARQLTF,IVTDFSVIK,0
CAMREAFRGQGNLIF,IVTDFSVIK,0
CASRGDGNTEAFF,IVTDFSVIK,0
CASSFSGDTEAFF,IVTDFSVIK,0
CSVEPISSYNEQFF,IVTDFSVIK,0
CALRAGNQFYF,IVTDFSVIK,0
CASSLGQNSNQPQYF,IVTDFSVIK,0
CASSQQTGYGYTF,IVTDFSVIK,0
CASSLMGGVPYNEQFF,IVTDFSVIK,0
CVLNYSNNRLTL,IVTDFSVIK,0
CASSDLTFNEQFF,IVTDFSVIK,0
CASSLPQEDTQYF,IVTDFSVIK,0
CALVIYGSSGNKLIF,IVTDFSVIK,0
CASSLSRQSNQPQYF,IVTDFSVIK,0
CAASTNARLMF,IVTDFSVIK,0
CAANSGTYQRF,IVTDFSVIK,0
CALSDPGSFNKLTF,IVTDFSVIK,0
CASSISGANQPQHF,IVTDFSVIK,0
CSAPDRASTEAFF,IVTDFSVIK,0
CAVQAYNAGNMLTF,IVTDFSVIK,0
CGAGSYQLTF,IVTDFSVIK,0
CSADPSRGSGVMDEQFF,IVTDFSVIK,0
CATEVNQAGTALIF,IVTDFSVIK,0
CASSLGGASNYGYTF,IVTDFSVIK,0
CATHELNTGELFF,IVTDFSVIK,0
CAMRLINAGGTSYGKLTF,IVTDFSVIK,0
CASSQEWLAVSTDTQYF,IVTDFSVIK,0
CASSQDHRMGGHEKLFF,IVTDFSVIK,0
CASSIGEYGYTF,IVTDFSVIK,0
CAEILRGQKLLF,IVTDFSVIK,0
CAGNYGGSQGNLIF,IVTDFSVIK,0
CASRPGRADYGYTF,IVTDFSVIK,0
CAFMVNAGGTSYGKLTF,IVTDFSVIK,0
CASSSGLVSNTGELFF,IVTDFSVIK,0
CASSQGRDRHGYTF,IVTDFSVIK,0
CSARDLKAGSWVEQYF,IVTDFSVIK,0
CASSWTDDYGYTF,IVTDFSVIK,0
CVVNRDNDMRF,IVTDFSVIK,0
CASSIRSAYEQYF,IVTDFSVIK,0
CSARGVGDSSYNEQFF,IVTDFSVIK,0
CATDAWAAGNKLTF,IVTDFSVIK,0
CAYRSADTSYDKVIF,IVTDFSVIK,0
CAVNIPISDGQKLLF,IVTDFSVIK,0
CASSTTGDTEPWTEAFF,IVTDFSVIK,0
CASSEGNGGINIQYF,IVTDFSVIK,0
CASSQTSGGYNEQFF,IVTDFSVIK,0
CASSDAQASLSNYGYTF,IVTDFSVIK,0
CALGGGSNYKLTF,IVTDFSVIK,0
CASSQVGQVKLWPKVPQFF,IVTDFSVIK,0
CASSGRAGNEQFF,IVTDFSVIK,0
CASSLPGAQREAFF,IVTDFSVIK,0
CASSLWRLGKAYEQYF,IVTDFSVIK,0
CALTYKYIF,IVTDFSVIK,0
CAGYNAGNMLTF,IVTDFSVIK,0
CASSPAGVPTEAFF,IVTDFSVIK,0
CASSFWGATYNEQFF,IVTDFSVIK,0
CASSSLSGGRAFGELFF,IVTDFSVIK,0
CASSIRGGVEQFF,IVTDFSVIK,0
CASSWRSDTEAFF,IVTDFSVIK,0
CASKMRGDVYEQYF,IVTDFSVIK,0
CASSLGGQAAGYGYTF,IVTDFSVIK,0
CLVGSSMNTGFQKLVF,IVTDFSVIK,0
CASSVLAGGLDTQYF,IVTDFSVIK,0
CATSPTETDTQYF,IVTDFSVIK,0
CASSERAGELFF,IVTDFSVIK,0
CSVDPPEGSDTQYF,IVTDFSVIK,0
CSADAGGVSYGYTF,IVTDFSVIK,0
CASSRGGQGWGTDTQYF,IVTDFSVIK,0
CAVIGGNNRLAF,IVTDFSVIK,0
CASTLRESEAFF,IVTDFSVIK,0
CAVRTDKLIF,IVTDFSVIK,0
CASSPRASGGRWHEQFF,IVTDFSVIK,0
CAMREGFNNAGNMLTF,IVTDFSVIK,0
CAVRLNNARLMF,IVTDFSVIK,0
CASSQDRYTGGYTF,IVTDFSVIK,0
CALSEALSMTTDSWGKFQF,IVTDFSVIK,0
CALSETYSSNTGKLIF,IVTDFSVIK,0
CAESIDNQGGKLIF,IVTDFSVIK,0
CASSDAHGRAEQFF,IVTDFSVIK,0
CAMSSYNTDKLIF,IVTDFSVIK,0
CASKDGISYEQYF,IVTDFSVIK,0
CAPYTSGSSNTGKLIF,IVTDFSVIK,0
CASSMDMWTEAFF,IVTDFSVIK,0
CASSEPLVNEQFF,IVTDFSVIK,0
CAGLDNYGQNFVF,IVTDFSVIK,0
CAGPPGVAGGTSYGKLTF,IVTDFSVIK,0
CALHSGGYQKVTF,IVTDFSVIK,0
CATSAGLSSPLHF,IVTDFSVIK,0
CVGRKGSARQLTF,IVTDFSVIK,0
CAGVGSWGKLQF,IVTDFSVIK,0
CASSEASNSNQPQYF,IVTDFSVIK,0
CSASGWVRQGAFYEQYF,IVTDFSVIK,0
CASSPSGLAGSNLGNEQFF,IVTDFSVIK,0
CALSEANQAGTALIF,IVTDFSVIK,0
CASSARSSYEQYF,IVTDFSVIK,0
CASSQDGTNPYNEQFF,IVTDFSVIK,0
CAFGARSSYKLIF,IVTDFSVIK,0
CATEDRNTGELFF,IVTDFSVIK,0
CAVNMQSNDYKLSF,IVTDFSVIK,0
CAASGEGSGYALNF,IVTDFSVIK,0
CASSSYRDRESGANVLTF,IVTDFSVIK,0
CVVNPPNSGYALNF,IVTDFSVIK,0
CASTNSGNTIYF,IVTDFSVIK,0
CASSSGTRTYEQYF,IVTDFSVIK,0
CATKGTGLYNEQFF,IVTDFSVIK,0
CASSFGQGSEKLFF,IVTDFSVIK,0
CASSDWGEADTQYF,IVTDFSVIK,0
CSAPRGTNEKLFF,IVTDFSVIK,0
CAMRGINTGGFKTIF,IVTDFSVIK,0
CAGVEYGGSQGNLIF,IVTDFSVIK,0
CASSYAPNQPQHF,IVTDFSVIK,0
CSAREGQGTYEQYF,IVTDFSVIK,0
CASSLDRGHEQYF,IVTDFSVIK,0
CASSPAGVSYEQYF,IVTDFSVIK,0
CARNHDRDRLYEQYF,IVTDFSVIK,0
CASSQFELAGEETQYF,IVTDFSVIK,0
CLVGAPGPGNTPLVF,IVTDFSVIK,0
CASSVGLGGAANTAQLFF,IVTDFSVIK,0
CAATDSNSGYALNF,IVTDFSVIK,0
CAMNENGNEKLTF,IVTDFSVIK,0
CASSYNEQFF,IVTDFSVIK,0
CASSYSMGVDYGYTF,IVTDFSVIK,0
CASSWTAGTGYNEQFF,IVTDFSVIK,0
CASSVASGLVAYNEQFF,IVTDFSVIK,0
CASGERDWGDEQYF,IVTDFSVIK,0
CASVRRTGGGNKLTF,IVTDFSVIK,0
CASSWWGSSYEQYF,IVTDFSVIK,0
CASSTTRGSNQPQYF,IVTDFSVIK,0
CASSPGTSSSYNEQFF,IVTDFSVIK,0
CAVGPYNNNDMRF,IVTDFSVIK,0
CASRSRDTAYNEQFF,IVTDFSVIK,0
CASSLDRAGDTQYF,IVTDFSVIK,0
CASSWGTGGSTDTQYF,IVTDFSVIK,0
CALIANRDDKIIF,IVTDFSVIK,0
CAVGAGSGGGADGLTF,IVTDFSVIK,0
CASSINRLSNQPQYF,IVTDFSVIK,0
CASSLRGGFDNSPLHF,IVTDFSVIK,0
CASSGLAGVTDTQYF,IVTDFSVIK,0
CASSPVSSGLTYEQYF,IVTDFSVIK,0
CASSQIQGAVAGELFF,IVTDFSVIK,0
CASSISRQSNQPQYF,IVTDFSVIK,0
CASSTGRNQNTLYF,IVTDFSVIK,0
CASSFNFGTGGRTGELFF,IVTDFSVIK,0
CASSGAGGTDTQYF,IVTDFSVIK,0
CASGDQGLPGNTIYF,IVTDFSVIK,0
CASNPPTDTQYF,IVTDFSVIK,0
CAASGTNAGKSTF,IVTDFSVIK,0
CASRKWSATNEKLFF,IVTDFSVIK,0
CALIGVGRDDKIIF,IVTDFSVIK,0
CATDEGTGSNRLTF,IVTDFSVIK,0
CSASSGQGSGNTIYF,IVTDFSVIK,0
CASRPSGPQETQYF,IVTDFSVIK,0
CSARGELSRPYEQYF,IVTDFSVIK,0
CAASGRASETQYF,IVTDFSVIK,0
CAVSYNYAQGLTF,IVTDFSVIK,0
CASSDPLAGGNEQYF,IVTDFSVIK,0
CSVEDELDHGFADTQYF,IVTDFSVIK,0
CASSLGGGPQETQYF,IVTDFSVIK,0
CATGTQTGANNLFF,IVTDFSVIK,0
CAATPHPFQGGKLIF,IVTDFSVIK,0
CSARDWASGLSSYEQYF,IVTDFSVIK,0
CASRLSSGGRSYNEQFF,IVTDFSVIK,0
CAIPHAGGTSYGKLTF,IVTDFSVIK,0
CASSLRSGRVGTGELFF,IVTDFSVIK,0
CASSPRVNTEAFF,IVTDFSVIK,0
CSASFSDTQYF,IVTDFSVIK,0
CALSESDSGNTPLVF,IVTDFSVIK,0
CASSFRQGARSNQPQHF,IVTDFSVIK,0
CASSEEEALAGVDEQFF,IVTDFSVIK,0
CASSFEGMSYEQYF,IVTDFSVIK,0
CAVRDRTGGFKTIF,IVTDFSVIK,0
CASAPGGPSYEQYF,IVTDFSVIK,0
CASRRGTVYNEQFF,IVTDFSVIK,0
CATLGQGEVEPQHF,IVTDFSVIK,0
CASSPPGTGVYGYTF,IVTDFSVIK,0
CASKGRSGVGETQYF,IVTDFSVIK,0
CASSIGVHGYTF,IVTDFSVIK,0
CASSLDEGVAYEQYF,IVTDFSVIK,0
CASMGGAGELFF,IVTDFSVIK,0
CASKGYRRSNQPQYF,IVTDFSVIK,0
CASLGSWGETQYF,IVTDFSVIK,0
CASSPRSAVEQYF,IVTDFSVIK,0
CASSQPWVAGGQNEQFF,IVTDFSVIK,0
CAFMSLIQGAQKLVF,IVTDFSVIK,0
CASSIVGHLNTEAFF,IVTDFSVIK,0
CAWVLGPAGDTQYF,IVTDFSVIK,0
CASSQRTSGGADTQYF,IVTDFSVIK,0
CASSWTGTDHYEQYF,IVTDFSVIK,0
CAAGETSYDKVIF,IVTDFSVIK,0
CASSFNPSYEQYF,IVTDFSVIK,0
CSAMNAGLPPNIQYF,IVTDFSVIK,0
CATGTQVVGQLTF,IVTDFSVIK,0
CAVSNNYAQGLTF,IVTDFSVIK,0
CASSQGETQYF,IVTDFSVIK,0
CASSLSQWETQYF,IVTDFSVIK,0
CATYSGGGADGLTF,IVTDFSVIK,0
CASSDSRPAGNTIYF,IVTDFSVIK,0
CASSSHDTGGYNSPLHF,IVTDFSVIK,0
CAARGIGGQNFVF,IVTDFSVIK,0
CSAREEGTQAWETQYF,IVTDFSVIK,0
CASSFGTGVNSPLHF,IVTDFSVIK,0
CASSWSQLVHEQFF,IVTDFSVIK,0
CASRIWGGADTQYF,IVTDFSVIK,0
CASSPDLGDIQYF,IVTDFSVIK,0
CAVRDKDYQLIW,IVTDFSVIK,0
CASSQLTSGTDTQYF,IVTDFSVIK,0
CAVNRDDKIIF,IVTDFSVIK,0
CAENSGGYQKVTF,IVTDFSVIK,0
CASRGFLGGGQPQHF,IVTDFSVIK,0
CASSFPGELFF,IVTDFSVIK,0
CIVREGNLDDMRF,IVTDFSVIK,0
CAMSLNAGGTSYGKLTF,IVTDFSVIK,0
CGADRTDSWGKLQF,IVTDFSVIK,0
CAVGSNYNVLYF,IVTDFSVIK,0
CASSSIGQYNSPLHF,IVTDFSVIK,0
CAGPGSNTGKLIF,IVTDFSVIK,0
CAVKPMFSGGYNKLIF,IVTDFSVIK,0
CASGTGGAKDTQYF,IVTDFSVIK,0
CASSFAAGSYNEQFF,IVTDFSVIK,0
CASSSQGGGSGYTF,IVTDFSVIK,0
CAWSVGQVNEKLFF,IVTDFSVIK,0
CAEDNNARLMF,IVTDFSVIK,0
CAVLTGNQFYF,IVTDFSVIK,0
CAPGFYF,IVTDFSVIK,0
CASSTQQPLYNEQFF,IVTDFSVIK,0
CASSLSRGDYGYTF,IVTDFSVIK,0
CASSLTAYIVNTEAFF,IVTDFSVIK,0
CASSQDRTSNQPQYF,IVTDFSVIK,0
CASTCSGWTEAFF,IVTDFSVIK,0
CASSRRSSGELFF,IVTDFSVIK,0
CASSGGQGANTGELFF,IVTDFSVIK,0
CASSKNYEQYF,IVTDFSVIK,0
CASSNANTGELFF,IVTDFSVIK,0
CASRGPVETQYF,IVTDFSVIK,0
CASSPPGGRADTQYF,IVTDFSVIK,0
CASSLSRVSNQPQYF,IVTDFSVIK,0
CSVGFNQPQHF,IVTDFSVIK,0
CASSEGRGSNQPQYF,IVTDFSVIK,0
CAASAAGKSTF,IVTDFSVIK,0
CASGLVMLAGAGELFF,IVTDFSVIK,0
CAVGQVGQGAQKLVF,IVTDFSVIK,0
CASSESISYEQYF,IVTDFSVIK,0
CAVLSSGTYKYIF,IVTDFSVIK,0
CAASPRGSDKLIF,IVTDFSVIK,0
CAAPITQGGSEKLVF,IVTDFSVIK,0
CAFLGGANNLFF,IVTDFSVIK,0
CILRDGGILGNEKLTF,IVTDFSVIK,0
CAVTSLGANSKLTF,IVTDFSVIK,0
CASTVQGGNEQFF,IVTDFSVIK,0
CAETAVRSAGNMLTF,IVTDFSVIK,0
CASSQGAFGYTF,IVTDFSVIK,0
CAVRMDSSYKLIF,IVTDFSVIK,0
CASSSGPEAFF,IVTDFSVIK,0
CASSYYPDSGELFF,IVTDFSVIK,0
CASSSAGPLTEAFF,IVTDFSVIK,0
CASSSDISAFF,IVTDFSVIK,0
CAVKGSTF,IVTDFSVIK,0
CASSQGYANTEAFF,IVTDFSVIK,0
CATDAGGFKTIF,IVTDFSVIK,0
CASSFGGLYGYTF,IVTDFSVIK,0
CAVNNNNDMRF,IVTDFSVIK,0
CTVVETEAFF,IVTDFSVIK,0
CANSIRSTDTQYF,IVTDFSVIK,0
CASSLGQDGYTF,IVTDFSVIK,0
CAVILDSGTYKYIF,IVTDFSVIK,0
CASSQAGAKTQYF,IVTDFSVIK,0
CASGGLESAETLYF,IVTDFSVIK,0
CASSSRSGVEQYF,IVTDFSVIK,0
CSVEGSISYNEQFF,IVTDFSVIK,0
CASSPGGDEQFF,IVTDFSVIK,0
CSARDINRGSYEQYF,IVTDFSVIK,0
CASSPKTDSYEQYF,IVTDFSVIK,0
CAVSDSEAGTALIF,IVTDFSVIK,0
CASSWINQPQHF,IVTDFSVIK,0
CAVDLMKTSYDKVIF,IVTDFSVIK,0
CAVTGDYKLSF,IVTDFSVIK,0
CASSLDRGSQNTQYF,IVTDFSVIK,0
CVVEAGANNLFF,IVTDFSVIK,0
CASSEGQGTMNGELFF,IVTDFSVIK,0
CASSPLRGQGDTGELFF,IVTDFSVIK,0
CAYRGSPNSGNTPLVF,IVTDFSVIK,0
CSARGEQPRQDEQYF,IVTDFSVIK,0
CASSPFNTEAFF,IVTDFSVIK,0
CASSLNLAGGTYEQYF,IVTDFSVIK,0
CANSQAGMAEQFF,IVTDFSVIK,0
CAYRSAQETSGSRLTF,IVTDFSVIK,0
CASSLDPAGQGYEQYF,IVTDFSVIK,0
CASSEAANQPQHF,IVTDFSVIK,0
CAVGGGADGLTF,IVTDFSVIK,0
CAGQYTNSDGQKLLF,IVTDFSVIK,0
CASSLLTGPNYGYTF,IVTDFSVIK,0
CASTGGGLNEQFF,IVTDFSVIK,0
CASIPDRVTEAFF,IVTDFSVIK,0
CASSLWAGGSNEQFF,IVTDFSVIK,0
CASQRKNTGELFF,IVTDFSVIK,0
CASGLGSSPMFNEQFF,IVTDFSVIK,0
CAAMIYSGAGSYQLTF,IVTDFSVIK,0
CAASIGYSTLTF,IVTDFSVIK,0
CLGSEYGNKLVF,IVTDFSVIK,0
CAWDGGRGGETQYF,IVTDFSVIK,0
CALSAPYSGGGADGLTF,IVTDFSVIK,0
CSAQEGRGDTGELFF,IVTDFSVIK,0
CSARDLGGPNTGELFF,IVTDFSVIK,0
CAVTDSNFGNEKLTF,IVTDFSVIK,0
CAARYQGGRALIF,IVTDFSVIK,0
CSAREEARGYGYTF,IVTDFSVIK,0
CASSSGQGNIQYF,IVTDFSVIK,0
CAVSAGGYNKLIF,IVTDFSVIK,0
CASSRFWVGPYEQYF,IVTDFSVIK,0
CAVRNDYKLSF,IVTDFSVIK,0
CASSLTTSPGEQYF,IVTDFSVIK,0
CAMSWGRDDKIIF,IVTDFSVIK,0
CAAPNAGGTSYGKLTF,IVTDFSVIK,0
CASSVDGMNQPQHF,IVTDFSVIK,0
CASSTGGQDTQYF,IVTDFSVIK,0
CASGLGPLTGLGPEAFF,IVTDFSVIK,0
CAVEPLYGNKLVF,IVTDFSVIK,0
CAASMLISGAGSYQLTF,IVTDFSVIK,0
CASSLALANEQFF,IVTDFSVIK,0
CASSGVSQRETQYF,IVTDFSVIK,0
CSVNQILGQPNEKLFF,IVTDFSVIK,0
CASSHVINQFF,IVTDFSVIK,0
CASSPWTAGRTGELFF,IVTDFSVIK,0
CASSMRSSDTQYF,IVTDFSVIK,0
CASSRADLAGVPLGTGELFF,IVTDFSVIK,0
CAVSDAGGYNKLIF,IVTDFSVIK,0
CASRSGTSNTGELFF,IVTDFSVIK,0
CASSVDKGGTDTQYF,IVTDFSVIK,0
CASRNHSDVGAFF,IVTDFSVIK,0
CATSRTGGETQYF,IVTDFSVIK,0
CASTLDRDGTQYF,IVTDFSVIK,0
CASSAGGGATNEKLFF,IVTDFSVIK,0
CASPGGIQYF,IVTDFSVIK,0
CASSPDRRIYEQYF,IVTDFSVIK,0
CAVIPNTGGFKTIF,IVTDFSVIK,0
CASSPAGPQETQYF,IVTDFSVIK,0
CAASAGGGSQGNLIF,IVTDFSVIK,0
CAASRGYSTLTF,IVTDFSVIK,0
CSARTGEGQETQYF,IVTDFSVIK,0
CASRSGQMNTEAFF,IVTDFSVIK,0
CALSEGPSNAGNMLTF,IVTDFSVIK,0
CASSPTGLGGGYTF,IVTDFSVIK,0
CAVGPLQRF,IVTDFSVIK,0
CASSIRSTGELFF,IVTDFSVIK,0
CAAPVDGGNMLTF,IVTDFSVIK,0
CAVSGINEKLTF,IVTDFSVIK,0
CAVEGSQGNLIF,IVTDFSVIK,0
CAVRDITETGFQKLVF,IVTDFSVIK,0
CAISESVQGLAKNIQYF,IVTDFSVIK,0
CASSLAGRETEAFF,IVTDFSVIK,0
CASSFPPGQGVQGAFF,IVTDFSVIK,0
CASSLGLYEQYF,IVTDFSVIK,0
CAISSGGNNQPQHF,IVTDFSVIK,0
CASGWDPRSGNTIYF,IVTDFSVIK,0
CIGGVDSSYKLIF,IVTDFSVIK,0
CASSQDFQLGGELFF,IVTDFSVIK,0
CAALEVQGAQKLVF,IVTDFSVIK,0
CASTDSYGYTF,IVTDFSVIK,0
CASSLDPDRVFREQYF,IVTDFSVIK,0
CASSLDRDDTQYF,IVTDFSVIK,0
CALRDGGATNKLIF,IVTDFSVIK,0
CASSFQGVGQPQHF,IVTDFSVIK,0
CAGRMNTGFQKLVF,IVTDFSVIK,0
CASSFLAGGNEQFF,IVTDFSVIK,0
CATSSPGLASDEQFF,IVTDFSVIK,0
CASSQDKRPGGELFF,IVTDFSVIK,0
CSVDYTAGTGGTEAFF,IVTDFSVIK,0
CASSLWDRVNTEAFF,IVTDFSVIK,0
CAPNAGGTSYGKLTF,IVTDFSVIK,0
CASTTSTAPNEKLFF,IVTDFSVIK,0
CASSLGYGYTF,IVTDFSVIK,0
CASSLGNYEQYF,IVTDFSVIK,0
CASSISLAAEQFF,IVTDFSVIK,0
CAISESTKSLLVQDTQYF,IVTDFSVIK,0
CAASSGGSNAKLTF,IVTDFSVIK,0
CAGSPSNTGKLIF,IVTDFSVIK,0
CARTLWGGDNSPLHF,IVTDFSVIK,0
CAVIGDSSYKLIF,IVTDFSVIK,0
CASSSEIGGAGDLETQYF,IVTDFSVIK,0
CAAGGSQGNLIF,IVTDFSVIK,0
CASSLVPLTSGSTGELFF,IVTDFSVIK,0
CASSVTATATGELFF,IVTDFSVIK,0
CASSLTGLAGTGELFF,IVTDFSVIK,0
CASSVRAGETQYF,IVTDFSVIK,0
CAASSSTGANNLFF,IVTDFSVIK,0
CASGLDGLAALGPYNEQFF,IVTDFSVIK,0
CASSDHRNTEVFF,IVTDFSVIK,0
CAASETSYDKVIF,IVTDFSVIK,0
CASSSTTGYTF,IVTDFSVIK,0
CATGGSPLHF,IVTDFSVIK,0
CAVPLTGGGNKLTF,IVTDFSVIK,0
CASSFSSGSPHEQFF,IVTDFSVIK,0
CASSWSGGSHYGYTF,IVTDFSVIK,0
CAYRSSNFNEKLTF,IVTDFSVIK,0
CASSPHPGSTEAFF,IVTDFSVIK,0
CTCSGGDAAETLYF,IVTDFSVIK,0
CASSIGSYGYTF,IVTDFSVIK,0
CAVKDTDKLIF,IVTDFSVIK,0
CASSIDSAETLYF,IVTDFSVIK,0
CSVEDPGSGGEQWQFF,IVTDFSVIK,0
CSTGTGEGGTQYF,IVTDFSVIK,0
CALSEADSWGKLQF,IVTDFSVIK,0
CASSQVLGVLSSYEQYF,IVTDFSVIK,0
CASSLYSGRIGGETQYF,IVTDFSVIK,0
CASSSSGTVAKNIQYF,IVTDFSVIK,0
CASSLLLGVYAEQFF,IVTDFSVIK,0
CASSLSGGGQSTDTQYF,IVTDFSVIK,0
CASSQVGLGRGSQYF,IVTDFSVIK,0
CASSRDGAHEQYF,IVTDFSVIK,0
CAVFISDSWGKLQF,IVTDFSVIK,0
CAVNVLNRDDKIIF,IVTDFSVIK,0
CSARGYSAKNIQYF,IVTDFSVIK,0
CASSSRQPNQETQYF,IVTDFSVIK,0
CASSSGTGVPYTF,IVTDFSVIK,0
CAGPDSKTSYDKVIF,IVTDFSVIK,0
CASSLGQGYQPQHF,IVTDFSVIK,0
CASSDSRRGTGTYEQYF,IVTDFSVIK,0
CASSQGSGNTLYF,IVTDFSVIK,0
CSATDRAASYNSPLHF,IVTDFSVIK,0
CAVGRTGTYKYIF,IVTDFSVIK,0
CASSSPCCSHSYNEQFF,IVTDFSVIK,0
CAMKGGSEKLVF,IVTDFSVIK,0
CTCSAGTGGYNYAEQFF,IVTDFSVIK,0
CASSLDSNSNQPQYF,IVTDFSVIK,0
CASSHPGQGITNEKLFF,IVTDFSVIK,0
CATSMGTVNSPLHF,IVTDFSVIK,0
CAVSVVKAAGNKLTF,IVTDFSVIK,0
CAMSAGANTGNQFYF,IVTDFSVIK,0
CSLNTGNQFYF,IVTDFSVIK,0
CSARRGDTYEQYF,IVTDFSVIK,0
CASSLEPSYEQYF,IVTDFSVIK,0
CASNRGDGYTF,IVTDFSVIK,0
CASSPMDTQYF,IVTDFSVIK,0
CAPRRNYGQNFVF,IVTDFSVIK,0
CASSLGGRSTDPQYF,IVTDFSVIK,0
CASLVSGTYKYIF,IVTDFSVIK,0
CASSLSSGGTYNEQFF,IVTDFSVIK,0
CASSFRTSGNEQYF,IVTDFSVIK,0
CAWSLPGLSYEQYF,IVTDFSVIK,0
CASSPPQDNREETQYF,IVTDFSVIK,0
CAETYSNTGFQKLVF,IVTDFSVIK,0
CLLGTDKLIF,IVTDFSVIK,0
CASSGGLINTGELFF,IVTDFSVIK,0
CAVKWFSGGYNKLIF,IVTDFSVIK,0
CASSTGGSGNFSYEQYF,IVTDFSVIK,0
CASSLNPRVGNTIYF,IVTDFSVIK,0
CAAFDFNKFYF,IVTDFSVIK,0
CASSSVFVTYSNQPQHF,IVTDFSVIK,0
CASSLTTESGEQYF,IVTDFSVIK,0
CASTASGGDTGELFF,IVTDFSVIK,0
CSAKTGLAGPDTDTQYF,IVTDFSVIK,0
CAMREWATGRRALTF,IVTDFSVIK,0
CASSDPASGIDYEQYF,IVTDFSVIK,0
CASSSAGGTPSYEQYF,IVTDFSVIK,0
CAGGTGGSQGNLIF,IVTDFSVIK,0
CATSRDRGISNYGYTF,IVTDFSVIK,0
CASSKIWGQGVDTEAFF,IVTDFSVIK,0
CASSIFDSSNQPQHF,IVTDFSVIK,0
CAEIIYGNNRLAF,IVTDFSVIK,0
CASSGQGNSNQPQYF,IVTDFSVIK,0
CASSQEDRPLYGYTF,IVTDFSVIK,0
CASSVVTGPMNTEAFF,IVTDFSVIK,0
CASRSTSGDRDTQYF,IVTDFSVIK,0
CASSFGITYEQYF,IVTDFSVIK,0
CAENMGGGSQGNLIF,IVTDFSVIK,0
CASSLVWSYNSPLHF,IVTDFSVIK,0
CAASRLGGSNYKLTF,IVTDFSVIK,0
CASSPGTFNEQFF,IVTDFSVIK,0
CASTGGGLFGYTF,IVTDFSVIK,0
CASSLLAGAADTQYF,IVTDFSVIK,0
CSALPGLAGSNEQFF,IVTDFSVIK,0
CTCSAGTGAYKPGEQFF,IVTDFSVIK,0
CASSLIYRGGDGYTF,IVTDFSVIK,0
CAVNGGGNTPLVF,IVTDFSVIK,0
CAVAPTGGFKTIF,IVTDFSVIK,0
CASSQAGGDPYEQYF,IVTDFSVIK,0
CALTYIRNNNARLMF,IVTDFSVIK,0
CILLLGGGSQGNLIF,IVTDFSVIK,0
CAHHSGNTPLVF,IVTDFSVIK,0
CASSLKMAIQETQYF,IVTDFSVIK,0
CVVNNNNDMRF,IVTDFSVIK,0
CASSKVRRGRADEQFF,IVTDFSVIK,0
CASSLGPTSGRETQYF,IVTDFSVIK,0
CAWSRGGWGHNEQFF,IVTDFSVIK,0
CASSFNGGGTDTQYF,IVTDFSVIK,0
CILSGGSNYKLTF,IVTDFSVIK,0
CASSLAAGLGDTQYF,IVTDFSVIK,0
CAVIQINDYKLSF,IVTDFSVIK,0
CAGMIYNFNKFYF,IVTDFSVIK,0
CAGDGGGGSQGNLIF,IVTDFSVIK,0
CAVRGSTLGRLYF,IVTDFSVIK,0
CASSQDRGFNYGYTF,IVTDFSVIK,0
CASNDLDYSYNEQFF,IVTDFSVIK,0
CSVDASDRGEQFF,IVTDFSVIK,0
CATDEAGRRALTF,IVTDFSVIK,0
CASSIRSSVEQFF,IVTDFSVIK,0
CAYRSGSDGGSQGNLIF,IVTDFSVIK,0
CASSLSMVILESGALGAFF,IVTDFSVIK,0
CAVQAGGNKLTF,IVTDFSVIK,0
CASSQSPGGTQYF,IVTDFSVIK,0
CSARDWGGGGDLYEQYF,IVTDFSVIK,0
CALSDTNTGNQFYF,IVTDFSVIK,0
CAVINARLMF,IVTDFSVIK,0
CASSLDYRGVGYGYTF,IVTDFSVIK,0
CAISESNKGTPGYTF,IVTDFSVIK,0
CAETQDSNYQLIW,IVTDFSVIK,0
CASSSGTGATQYF,IVTDFSVIK,0
CASSVAYEQYF,IVTDFSVIK,0
CASNGLGPHTDTQYF,IVTDFSVIK,0
CASSPEDTQYF,IVTDFSVIK,0
CASSQVGYDGYTF,IVTDFSVIK,0
CASSELAGVGETQYF,IVTDFSVIK,0
CAVNGGSNYGYTF,IVTDFSVIK,0
CASSARSGELFF,IVTDFSVIK,0
CADSGGGADGLTF,IVTDFSVIK,0
CALGNRDDKIIF,IVTDFSVIK,0
CAVQADDYKLSF,IVTDFSVIK,0
CATDAQRRAEKLVF,IVTDFSVIK,0
CVVRLVNDYKLSF,IVTDFSVIK,0
CATSDLGHNNEQFF,IVTDFSVIK,0
CASKNLADSTDTQYF,IVTDFSVIK,0
CAMSERDGNQFYF,IVTDFSVIK,0
CAMRFQGAQKLVF,IVTDFSVIK,0
CAIQGSQGNLIF,IVTDFSVIK,0
CALDFIKAAGNKLTF,IVTDFSVIK,0
CAFPYNQGGKLIF,IVTDFSVIK,0
CVVNRNQGGKLIF,IVTDFSVIK,0
CASSSHGGGSYGYTF,IVTDFSVIK,0
CASSSDRDVGKLFF,IVTDFSVIK,0
CASSLLADEQYF,IVTDFSVIK,0
CATSDAGNEQFF,IVTDFSVIK,0
CASRDGQNQETQYF,IVTDFSVIK,0
CAFTSDSNYQLIW,IVTDFSVIK,0
CAYRGPLDNYGQNFVF,IVTDFSVIK,0
CAGGDTGNQFYF,IVTDFSVIK,0
CASSIQPNSNQPQHF,IVTDFSVIK,0
CAVRDLPYSGAGSYQLTF,IVTDFSVIK,0
CAMEGGYQKVTF,IVTDFSVIK,0
CASSSWDSSYEQYF,IVTDFSVIK,0
CASSDRYNDKTAQLFF,IVTDFSVIK,0
CAVTSGTYKYIF,IVTDFSVIK,0
CALSESSNTNKVVF,IVTDFSVIK,0
CAGGGAGKSTF,IVTDFSVIK,0
CASSLDDGRRPLHF,IVTDFSVIK,0
CAASADSNYQLIW,IVTDFSVIK,0
CATEGLAEWGQQETQYF,IVTDFSVIK,0
CASKGYRGNNQPQYF,IVTDFSVIK,0
CASSGQARGNQPQHF,IVTDFSVIK,0
CVVSGDFGNEKLTF,IVTDFSVIK,0
CSVESLTNYGYTF,IVTDFSVIK,0
CAVSPPKLTQGGSEKLVF,IVTDFSVIK,0
CAESRNFGNEKLTF,IVTDFSVIK,0
CASSLGPEAPLFF,IVTDFSVIK,0
CSVPTGKTYNEQFF,IVTDFSVIK,0
CASSTWDLNTEAFF,IVTDFSVIK,0
CASSLGPLGQGWSDTQYF,IVTDFSVIK,0
CSARDIERTGELFF,IVTDFSVIK,0
CASRSKTGSKQPQHF,IVTDFSVIK,0
CGHNNAGNMLTF,IVTDFSVIK,0
CASSETSGPSYEQYF,IVTDFSVIK,0
CASRVGNTEAFF,IVTDFSVIK,0
CASSIRAAYEQYF,IVTDFSVIK,0
CASSLALGGYNEQFF,IVTDFSVIK,0
CASSLGREGRMDTQYF,IVTDFSVIK,0
CASGLGTDTQYF,IVTDFSVIK,0
CASSITLGTGGVEQYF,IVTDFSVIK,0
CASRVSGSLSYNEQFF,IVTDFSVIK,0
CASSSLGSDTQYF,IVTDFSVIK,0
CASSLALIPYGYTF,IVTDFSVIK,0
CAGFHSGTYKYIF,IVTDFSVIK,0
CASSEGSTYGYTF,IVTDFSVIK,0
CASSIAGYTEAFF,IVTDFSVIK,0
CASSFSGKGEQYF,IVTDFSVIK,0
CASSQLTGGEAFF,IVTDFSVIK,0
CASSLSGSTDTQYF,IVTDFSVIK,0
CGAAGNMLTF,IVTDFSVIK,0
CASSQDWARGTGSYEQYF,IVTDFSVIK,0
CASSQDQATTGELFF,IVTDFSVIK,0
CASSLFGSKGGAFF,IVTDFSVIK,0
CSVRTATYNEQFF,IVTDFSVIK,0
CASSQGGGLGTEAFF,IVTDFSVIK,0
CASSFSGNTGELFF,IVTDFSVIK,0
CASSSDSAETLYF,IVTDFSVIK,0
CASQGGEIGNNEQFF,IVTDFSVIK,0
CASSLTDSYEQYF,IVTDFSVIK,0
CASSVFGEQYF,IVTDFSVIK,0
CASSQWGSGVYEQYF,IVTDFSVIK,0
CASSVTDRIRNTIYF,IVTDFSVIK,0
CASSPVAGAPHEQYF,IVTDFSVIK,0
CASSLRGAVDTQYF,IVTDFSVIK,0
CASSQGLSGSSYNEQFF,IVTDFSVIK,0
CSSSYSRQWNTEAFF,IVTDFSVIK,0
CAMREVQYGNKLVF,IVTDFSVIK,0
CASSLESDYNSPLHF,IVTDFSVIK,0
CASSQLSPLAGGLETQYF,IVTDFSVIK,0
CAGPDYNTDKLIF,IVTDFSVIK,0
CASTSTGQYPEAFF,IVTDFSVIK,0
CAYSYGAGGTSYGKLTF,IVTDFSVIK,0
CAVKEVNNQGGKLIF,IVTDFSVIK,0
CASSLNRGSNQPQYF,IVTDFSVIK,0
CASSLVGGELFF,IVTDFSVIK,0
CASHGGGTEAFF,IVTDFSVIK,0
CAVEDGGATNKLIF,IVTDFSVIK,0
CASSRTSGHQETQYF,IVTDFSVIK,0
CASSQGLGRETQYF,IVTDFSVIK,0
CATSDPIRASSHEQFF,IVTDFSVIK,0
CASSQEERGGTDTQYF,IVTDFSVIK,0
CASSLDSAETLYF,IVTDFSVIK,0
CASSPSDRVVEPQHF,IVTDFSVIK,0
CAESPISGSARQLTF,IVTDFSVIK,0
CASSLLGAVPEAFF,IVTDFSVIK,0
CASSLSRGHETQYF,IVTDFSVIK,0
CASSPRGRDETQYF,IVTDFSVIK,0
CASSLGLSGANVLTF,IVTDFSVIK,0
CAADQDSNYQLIW,IVTDFSVIK,0
CVVSDREYGNKLVF,IVTDFSVIK,0
CASSLDGTQGTQYF,IVTDFSVIK,0
CASSPGRVYGYTF,IVTDFSVIK,0
CASSPKQGLAGGNEQFF,IVTDFSVIK,0
CASSVDTGFTEAFF,IVTDFSVIK,0
CASSEGTVNEKLFF,IVTDFSVIK,0
CASSPVGGGYNEQFF,IVTDFSVIK,0
CAEDSGNLIF,IVTDFSVIK,0
CASSPDRGEVFF,IVTDFSVIK,0
CSGVVGRGAYNEQFF,IVTDFSVIK,0
CAMRRPSGGYNKLIF,IVTDFSVIK,0
CASSYATAYEQYF,IVTDFSVIK,0
CASRGAGELFF,IVTDFSVIK,0
CASSENSNQPQHF,IVTDFSVIK,0
CASSFDGQGYEQYF,IVTDFSVIK,0
CASSLTTPPSTDTQYF,IVTDFSVIK,0
CASSEGNTGELFF,IVTDFSVIK,0
CASNRGGTGELFF,IVTDFSVIK,0
CASSPVTTYTF,IVTDFSVIK,0
CAGYYMEYGNKLVF,IVTDFSVIK,0
CASGFGSGSLTDTQYF,IVTDFSVIK,0
CASIPDGYNEQFF,IVTDFSVIK,0
CALSVENTDKLIF,IVTDFSVIK,0
CASSSFGPSNQPQHF,IVTDFSVIK,0
CAYRRGRNAGGTSYGKLTF,IVTDFSVIK,0
CALEQDYANKMIF,IVTDFSVIK,0
CAYRKTPARLMF,IVTDFSVIK,0
CASSPRDSAETLYF,IVTDFSVIK,0
CVVSGYNKLIF,IVTDFSVIK,0
CASSIFSGVSYNEQFF,IVTDFSVIK,0
CAVNLAGGTSYGKLTF,IVTDFSVIK,0
CLLGDLGGGSQGNLIF,IVTDFSVIK,0
CASSPRDRGHSYNEQFF,IVTDFSVIK,0
CSARVYGYTF,IVTDFSVIK,0
CAVGDSNYQLIW,IVTDFSVIK,0
CASGANRLSNQPQYF,IVTDFSVIK,0
CASSLGQAYGYTF,IVTDFSVIK,0
CASSLPDLQETQYF,IVTDFSVIK,0
CASSRDRGSTDTQYF,IVTDFSVIK,0
CALNSFGGGNKLTF,IVTDFSVIK,0
CALSVIKAAGNKLTF,IVTDFSVIK,0
CSARDAIRRRGWNEQFF,IVTDFSVIK,0
CALSGGAGGTSYGKLTF,IVTDFSVIK,0
CASSLRTGGFPSGTSGSTDTQYF,IVTDFSVIK,0
CAYGTNAGGTSYGKLTF,IVTDFSVIK,0
CASSVGSYGYTF,IVTDFSVIK,0
CAANQGGSAKLIF,IVTDFSVIK,0
CASSDPTSPNEQFF,IVTDFSVIK,0
CASSVNPGQGANYGYTF,IVTDFSVIK,0
CASSLEGDMDSEQYF,IVTDFSVIK,0
CASTVGGPGTGELFF,IVTDFSVIK,0
CASSFRVATEVFF,IVTDFSVIK,0
CAVRDGAGGYQKVTF,IVTDFSVIK,0
CASSLDLGRYEQYF,IVTDFSVIK,0
CASSQGQFGNEQFF,IVTDFSVIK,0
CASSQGPGTVHEKLFF,IVTDFSVIK,0
CATRRGDEQYF,IVTDFSVIK,0
CASSAGQGVTYEQYF,IVTDFSVIK,0
CASSLAGAGLPEAFF,IVTDFSVIK,0
CASSIAGPPYNEQFF,IVTDFSVIK,0
CASTSGTGTGELFF,IVTDFSVIK,0
CASTLAEGTDTQYF,IVTDFSVIK,0
CASSLGGGDYEQYF,IVTDFSVIK,0
CIVRVGYRGSTLGRLYF,IVTDFSVIK,0
CAGAGSGTYKYIF,IVTDFSVIK,0
CAISEPGAPNEKLFF,IVTDFSVIK,0
CASSLVSSGPRTYEQYF,IVTDFSVIK,0
CAATSNYNVLYF,IVTDFSVIK,0
CATSEAASSWTGELFF,IVTDFSVIK,0
CASSFLDRGPNTEAFF,IVTDFSVIK,0
CASSRLGDGDSNQPQHF,IVTDFSVIK,0
CSASGSGVGTGELFF,IVTDFSVIK,0
CASSFLAGTDTQYF,IVTDFSVIK,0
CASSPDADTPFYEQYF,IVTDFSVIK,0
CAVSDNYAQGLTF,IVTDFSVIK,0
CASSQDGGNTEAFF,IVTDFSVIK,0
CAVQGMNTGELFF,IVTDFSVIK,0
CASSDGDREIPEAFF,IVTDFSVIK,0
CASSWGSYNEQFF,IVTDFSVIK,0
CASSSQGGNYGYTF,IVTDFSVIK,0
CASRTKQGATEAFF,IVTDFSVIK,0
CAVNYGGATNKLIF,IVTDFSVIK,0
CASSLSWGQETQYF,IVTDFSVIK,0
CASSSDRSWTDEAFF,IVTDFSVIK,0
CASSKRSTDTQYF,IVTDFSVIK,0
CASSLGPSSYEQYF,IVTDFSVIK,0
CAENSLGGGADGLTF,IVTDFSVIK,0
CASSKEHRGTEDYEQYF,IVTDFSVIK,0
CASESPGQGVRGTQYF,IVTDFSVIK,0
CAVSTNYAQGLTF,IVTDFSVIK,0
CAGFSGTYKYIF,IVTDFSVIK,0
CSARDSAASGGTDTQYF,IVTDFSVIK,0
CAASGGSNAKLTF,IVTDFSVIK,0
CASSDSTGDSGANVLTF,IVTDFSVIK,0
CASRGTHTDTQYF,IVTDFSVIK,0
CASSVGGPYTGELFF,IVTDFSVIK,0
CAIDSNTGELFF,IVTDFSVIK,0
CAAKEGYSTLTF,IVTDFSVIK,0
CAARFGNEKLTF,IVTDFSVIK,0
CASSFGGEVFF,IVTDFSVIK,0
CASSVVNEAFF,IVTDFSVIK,0
CASSPGSTEAFF,IVTDFSVIK,0
CASSPPGTSFNEFF,IVTDFSVIK,0
CATDAGDAGGTSYGKLTF,IVTDFSVIK,0
CASSLSRNSNQPQYF,IVTDFSVIK,0
CASSLDNSGPAYEQYF,IVTDFSVIK,0
CASSPRRVGTDTQYF,IVTDFSVIK,0
CAVGARTGGYNKLIF,IVTDFSVIK,0
CAVGAYNTDKLIF,IVTDFSVIK,0
CGARGDWGYAEQFF,IVTDFSVIK,0
CASSYGTGFEAFF,IVTDFSVIK,0
CAARNTGTASKLTF,IVTDFSVIK,0
CAFMKGAGGTSYGKLTF,IVTDFSVIK,0
CASKPPGSSSYEQYF,IVTDFSVIK,0
CIAEASNTGNQFYF,IVTDFSVIK,0
CALSDGGTGSKLSF,IVTDFSVIK,0
CAQYSIKAAGNKLTF,IVTDFSVIK,0
CASSLDTQYF,IVTDFSVIK,0
CASSLSGGQYF,IVTDFSVIK,0
CATTTGTGGFDEQFF,IVTDFSVIK,0
CASSLPEGPTGQLYF,IVTDFSVIK,0
CASSQERMGLANQPQYF,IVTDFSVIK,0
CASRQGARGGNQPQHF,IVTDFSVIK,0
CASSPSRGRSHEQYF,IVTDFSVIK,0
CAVSTVPPSGGYQKVTF,IVTDFSVIK,0
CASSWEGEEETQYF,IVTDFSVIK,0
CASSLQGAPEAFF,IVTDFSVIK,0
CAVYQGGKLIF,IVTDFSVIK,0
CASSFPDVFDGYTF,IVTDFSVIK,0
CAVGSNYQLIW,IVTDFSVIK,0
CASSISPNQPQHF,IVTDFSVIK,0
CASRDKSTNEKLFF,IVTDFSVIK,0
CASSLSLHGNQPQHF,IVTDFSVIK,0
CAASSWNTGNQFYF,IVTDFSVIK,0
CASSQDLGPLNSPLHF,IVTDFSVIK,0
CAMRLKGNTGKLIF,IVTDFSVIK,0
CASSSGQGNQPQHF,IVTDFSVIK,0
CASSVVGGGRTDTQYF,IVTDFSVIK,0
CAGASGSSNTGKLIF,IVTDFSVIK,0
CASSYGAGERYEQYF,IVTDFSVIK,0
CAISERGGVNEQYF,IVTDFSVIK,0
CASSEESYLMNTEAFF,IVTDFSVIK,0
CAMRGLDSNYQLIW,IVTDFSVIK,0
CASSLRNLAELGDTQYF,IVTDFSVIK,0
CASSLRGTGELFF,IVTDFSVIK,0
CASNHRGLGYEQYF,IVTDFSVIK,0
CASSTPGRRTSNQPQHF,IVTDFSVIK,0
CASSSLRGEGLSYEQYF,IVTDFSVIK,0
CASSFNAEQFF,IVTDFSVIK,0
CGTDCPNSGGSNYKLTF,IVTDFSVIK,0
CALSVAAGNKLTF,IVTDFSVIK,0
CASSQGASGFQETQYF,IVTDFSVIK,0
CAVNRGGNQFYF,IVTDFSVIK,0
CAVSLSGGYNKLIF,IVTDFSVIK,0
CASRQGFDFSGANVLTF,IVTDFSVIK,0
CASSPQRNTEAFF,IVTDFSVIK,0
CASSLDRGEVFF,IVTDFSVIK,0
CAFLFGNEKLTF,IVTDFSVIK,0
CASSPSGYNEQFF,IVTDFSVIK,0
CAVPDQTGANNLFF,IVTDFSVIK,0
CAVTDSNYQLIW,IVTDFSVIK,0
CAMSPDRVNTQYF,IVTDFSVIK,0
CASSQSGQRNTEAFF,IVTDFSVIK,0
CAVMDSNYQLIW,IVTDFSVIK,0
CASSSGETLYF,IVTDFSVIK,0
CATSTPNTEAFF,IVTDFSVIK,0
CAAMDSNYQLIW,IVTDFSVIK,0
CGLSGAGSYQLTF,IVTDFSVIK,0
CASSVAGTGGPGPSYEQYF,IVTDFSVIK,0
CASSPTGSSYEQYF,IVTDFSVIK,0
CSAREEAGTSGRRASYEQYF,IVTDFSVIK,0
CAVSMDYANKMIF,IVTDFSVIK,0
CVAYSGGGADGLTF,IVTDFSVIK,0
CALSEGISDGQKLLF,IVTDFSVIK,0
CASEIGNSGQETQYF,IVTDFSVIK,0
CSAPQRQANTGELFF,IVTDFSVIK,0
CASSPPDRLYGYTF,IVTDFSVIK,0
CASSLAVGDSPLHF,IVTDFSVIK,0
CASSPWTGDYEQYF,IVTDFSVIK,0
CASSQTRGEGDEQYF,IVTDFSVIK,0
CASSVGASPCDFF,IVTDFSVIK,0
CASSPGNTEAFF,IVTDFSVIK,0
CVLYSSASKIIF,IVTDFSVIK,0
CASSQVQGTYEQYF,IVTDFSVIK,0
CAVRGTNSGGYQKVTF,IVTDFSVIK,0
CSAFDREGVDGYTF,IVTDFSVIK,0
CASSPLRDRGNSPLHF,IVTDFSVIK,0
CAENEHSNYQLIW,IVTDFSVIK,0
CAGPDSGTYKYIF,IVTDFSVIK,0
CAESKENNARLMF,IVTDFSVIK,0
CASTFGAYNSPLHF,IVTDFSVIK,0
CAMRELNDYKLSF,IVTDFSVIK,0
CAMIRGNAGNMLTF,IVTDFSVIK,0
CAYRSPTVVRNLIF,IVTDFSVIK,0
CASSQEGEGFQPQHF,IVTDFSVIK,0
CASTNRGKSSYNEQFF,IVTDFSVIK,0
CAVSMPGYQNFYF,IVTDFSVIK,0
CASSQDGLAGDNEQFF,IVTDFSVIK,0
CASSPPDGDQPQHF,IVTDFSVIK,0
CASSEKLPEFNQPQHF,IVTDFSVIK,0
CASSLGGLAGIRSEQFF,IVTDFSVIK,0
CASSTLSVSGYTF,IVTDFSVIK,0
CASRTGEWPETQYF,IVTDFSVIK,0
CASSALAGGYNEQFF,IVTDFSVIK,0
CASRPPRGGEKLFF,IVTDFSVIK,0
CAPLRGDYKLSF,IVTDFSVIK,0
CASSLDSPRTDTQYF,IVTDFSVIK,0
CASSPVRGSTDTQYF,IVTDFSVIK,0
CASSDSLGYTF,IVTDFSVIK,0
CSARLGRSYEQYF,IVTDFSVIK,0
CAVLTYTGGFKTIF,IVTDFSVIK,0
CAVVPGNTGKLIF,IVTDFSVIK,0
CAARFGGSQGNLIF,IVTDFSVIK,0
CASVRRLATGELFF,IVTDFSVIK,0
CAMRGPFSSNTGKLIF,IVTDFSVIK,0
CAGFLNAGGTSYGKLTF,IVTDFSVIK,0
CASSLRDGSEAFF,IVTDFSVIK,0
CASRTRGRDQPQHF,IVTDFSVIK,0
CAVVPLTGAGSYQLTF,IVTDFSVIK,0
CASSLGPTVPGNTIYF,IVTDFSVIK,0
CAVDTLRHDSNYQLIW,IVTDFSVIK,0
CASSQEGGLDYGYTF,IVTDFSVIK,0
CASSPTGTAYGYTF,IVTDFSVIK,0
CVVSSVRGSYIPTF,IVTDFSVIK,0
CASSLDRDRRYEQYF,IVTDFSVIK,0
CAVRDVVSGSARQLTF,IVTDFSVIK,0
CAVRDTGGSYIPTF,IVTDFSVIK,0
CASSEGGNSNQPQYF,IVTDFSVIK,0
CATDSGGYQKVTF,IVTDFSVIK,0
CATGTGGMNYAEQFF,IVTDFSVIK,0
CASSPEGLLGAFF,IVTDFSVIK,0
CSAKQPGGDLETQYF,IVTDFSVIK,0
CASSLWGQGNTGELFF,IVTDFSVIK,0
CASSQLARIDTQYF,IVTDFSVIK,0
CAVRPTSGTYKYIF,IVTDFSVIK,0
CASLGDPNTEAFF,IVTDFSVIK,0
CASSDWSSYEQYF,IVTDFSVIK,0
CASTGTSGGPTLRDEQFF,IVTDFSVIK,0
CASSLGAYSGANVLTF,IVTDFSVIK,0
CAFMKDAGGTSYGKLTF,IVTDFSVIK,0
CAVSLYSSASKIIF,IVTDFSVIK,0
CASRLPGLSLNEQYF,IVTDFSVIK,0
CASSLESGLNEQYF,IVTDFSVIK,0
CSARDSGRAGGPYEQYF,IVTDFSVIK,0
CASSLREPGLSGNTIYF,IVTDFSVIK,0
CILRGINTNAGKSTF,IVTDFSVIK,0
CATDGGGGSQGNLIF,IVTDFSVIK,0
CASEGQGGNEQFF,IVTDFSVIK,0
CAVSRAGNMLTF,IVTDFSVIK,0
CASSRRTETQYF,IVTDFSVIK,0
CAINLGGTNTGELFF,IVTDFSVIK,0
CASSLDLGGGADTQYF,IVTDFSVIK,0
CAVNPVNDYKLSF,IVTDFSVIK,0
CAMSGKTSGTYKYIF,IVTDFSVIK,0
CASSYPQGWEKRMGNEQFF,IVTDFSVIK,0
CASSPWTGARWEQYF,IVTDFSVIK,0
CASSQEAGALGETQYF,IVTDFSVIK,0
CVVSANFGNEKLTF,IVTDFSVIK,0
CASSLVGQGAKSSYEQYF,IVTDFSVIK,0
CASSTPRLGGVGETQYF,IVTDFSVIK,0
CASRLQVGTEAFF,IVTDFSVIK,0
CASSHSKNTEAFF,IVTDFSVIK,0
CASSEVVSTTYEQYF,IVTDFSVIK,0
CASSLSGRPYEQYF,IVTDFSVIK,0
CIVRGADQGAQKLVF,IVTDFSVIK,0
CSVVAGEQFF,IVTDFSVIK,0
CVVSDRGGTDKLIF,IVTDFSVIK,0
CAAETTSGTYKYIF,IVTDFSVIK,0
CASSTPVRGGETQYF,IVTDFSVIK,0
CAESLWDDKIIF,IVTDFSVIK,0
CAVRGGSGTYKYIF,IVTDFSVIK,0
CAANYGGSQGNLIF,IVTDFSVIK,0
CAVSLMNTGFQKLVF,IVTDFSVIK,0
CASGEDSAETLYF,IVTDFSVIK,0
CASMELAGLNEQFF,IVTDFSVIK,0
CILWVAAGNKLTF,IVTDFSVIK,0
CATSGTAGETQYF,IVTDFSVIK,0
CAVSADYKLSF,IVTDFSVIK,0
CASSFIGSAGANVLTF,IVTDFSVIK,0
CASSFRGGEAIHTDTQYF,IVTDFSVIK,0
CAMRDPQGGRRALTF,IVTDFSVIK,0
CSAREPGTGWGNTEAFF,IVTDFSVIK,0
CAVSSNSNNRIFF,IVTDFSVIK,0
CAVSGEYGNKLVF,IVTDFSVIK,0
CASSLEGAGGADTQYF,IVTDFSVIK,0
CVVRSDSWGKLQF,IVTDFSVIK,0
CASSRDSSFNQPQHF,IVTDFSVIK,0
CATRGEGPYNEQFF,IVTDFSVIK,0
CASSGDWGTYEQYF,IVTDFSVIK,0
CASSFQDSAETLYF,IVTDFSVIK,0
CASSLKPRSGGASETQYF,IVTDFSVIK,0
CASSKLASGDEQFF,IVTDFSVIK,0
CALGELARSGGYQKVTF,IVTDFSVIK,0
CAASVGGNEKLTF,IVTDFSVIK,0
CASSLLAGELFF,IVTDFSVIK,0
CASSHGQGDQPQHF,IVTDFSVIK,0
CASSDSGTLNTEAFF,IVTDFSVIK,0
CASSLESGHYEQYF,IVTDFSVIK,0
CAWSVTTSSYNSPLHF,IVTDFSVIK,0
CASSESLGNTGELFF,IVTDFSVIK,0
CAYWGGTSYGKLTF,IVTDFSVIK,0
CASSLLTGSQNTQYF,IVTDFSVIK,0
CASSHSGDQPQHF,IVTDFSVIK,0
CVVNLQMDSSYKLIF,IVTDFSVIK,0
CATSDPTSGREDEQYF,IVTDFSVIK,0
CSARTLEGILTTGETQYF,IVTDFSVIK,0
CATSDLTGANEQFF,IVTDFSVIK,0
CASSLAGTGNEQYF,IVTDFSVIK,0
CAMRAIKAAGNKLTF,IVTDFSVIK,0
CASKSTGGTDTQYF,IVTDFSVIK,0
CASSQARSGRHTQYF,IVTDFSVIK,0
CAGANAGGTSYGKLTF,IVTDFSVIK,0
CAVKKGRDDKIIF,IVTDFSVIK,0
CGDGTGGNTLYF,IVTDFSVIK,0
CASSRDRGEDTQYF,IVTDFSVIK,0
CGTEMASGGSYIPTF,IVTDFSVIK,0
CAMSGYTNAGKSTF,IVTDFSVIK,0
CAVRESNYGQNFVF,IVTDFSVIK,0
CASSIALGGYTF,IVTDFSVIK,0
CASSQDSGTGANVLTF,IVTDFSVIK,0
CASSPRTGGANQDTQYF,IVTDFSVIK,0
CTCSSGTGGYNYAEQFF,IVTDFSVIK,0
CAVAMEYGNKLVF,IVTDFSVIK,0
CASSARTGVGYGYTF,IVTDFSVIK,0
CSAWTGTEAFF,IVTDFSVIK,0
CVLSAWGGRALIF,IVTDFSVIK,0
CASWGLGLGEQYF,IVTDFSVIK,0
CAASDSNNRIFF,IVTDFSVIK,0
CSAPARVSYEQYF,IVTDFSVIK,0
CASSQGPGERAGFNYEQYF,IVTDFSVIK,0
CASSAQTGELFF,IVTDFSVIK,0
CAVNWEEQGGSYIPTF,IVTDFSVIK,0
CASSSDPSGSIAYEQYF,IVTDFSVIK,0
CAGPGDGGSQGNLIF,IVTDFSVIK,0
CASSTRDTQYF,IVTDFSVIK,0
CATDRGTASKLTF,IVTDFSVIK,0
CASFWTSGGSSTDTQYF,IVTDFSVIK,0
CAVMRNTGFQKLVF,IVTDFSVIK,0
CAPPGDGYTF,IVTDFSVIK,0
CASSFVDSLSNQPQHF,IVTDFSVIK,0
CASSISLGTAYEQYF,IVTDFSVIK,0
CALSDLDTGANAGGTSYGKLTF,IVTDFSVIK,0
CSARGDRGEGYEQYF,IVTDFSVIK,0
CAVDSGGYQKVTF,IVTDFSVIK,0
CASTVDRTSNQPQYF,IVTDFSVIK,0
CASSSGLAGGPITGELFF,IVTDFSVIK,0
CSANSGTSPNEQFF,IVTDFSVIK,0
CASSQEGVAGGYNEQFF,IVTDFSVIK,0
CASSQTGGTSEKLFF,IVTDFSVIK,0
CASSGHRVSSQPQYF,IVTDFSVIK,0
CSARPGRVNEKLFF,IVTDFSVIK,0
CASSLWGALYEQYF,IVTDFSVIK,0
CALPGSQGNLIF,IVTDFSVIK,0
CASRPWGGYEQYF,IVTDFSVIK,0
CASSSNPGTSGGYSYEQYF,IVTDFSVIK,0
CASSVEGTSGRSYNEQFF,IVTDFSVIK,0
CASSPSRNTEAFF,IVTDFSVIK,0
CTCSGGTGGYNYAEQFF,IVTDFSVIK,0
CASSLVEGGGEKLFF,IVTDFSVIK,0
CASSLTDSQETQYF,IVTDFSVIK,0
CASSLSQGIQNIQYF,IVTDFSVIK,0
CASSFGQLAEAFF,IVTDFSVIK,0
CASSLVPGIAEAFF,IVTDFSVIK,0
CASSEALRSQNTQYF,IVTDFSVIK,0
CRGNKLVF,IVTDFSVIK,0
CAVNFYYNQGGKLIF,IVTDFSVIK,0
CASSLGGSETQYF,IVTDFSVIK,0
CASSLKAASAETLYF,IVTDFSVIK,0
CAVNTDSWGKLQF,IVTDFSVIK,0
CASSVTSSRGGTDTQYF,IVTDFSVIK,0
CSARDLGGNYNSPLHF,IVTDFSVIK,0
CSASITGTEQYF,IVTDFSVIK,0
CASSALGESQETQYF,IVTDFSVIK,0
CAMTVRASGGSYIPTF,IVTDFSVIK,0
CASSSRGYNEQFF,IVTDFSVIK,0
CAVGGGDYKLSF,IVTDFSVIK,0
CSAHPEEGEQYF,IVTDFSVIK,0
CAVSANSNNRIFF,IVTDFSVIK,0
CASSDWGGQNTLYF,IVTDFSVIK,0
CAVPSSGTYKYIF,IVTDFSVIK,0
CAASARRDDKIIF,IVTDFSVIK,0
CASSQESRDYGYTF,IVTDFSVIK,0
CADYGGSQGNLIF,IVTDFSVIK,0
CAVSDRYGNNRLAF,IVTDFSVIK,0
CASSLWTGLNNEQFF,IVTDFSVIK,0
CASSIVGSAYNEQFF,IVTDFSVIK,0
CATDRDDYKLSF,IVTDFSVIK,0
CAGPKEYGNKLVF,IVTDFSVIK,0
CASSPNTGELFF,IVTDFSVIK,0
CASSQEELAGVMGPDTQYF,IVTDFSVIK,0
CAMKDNYGQNFVF,IVTDFSVIK,0
CAPLYNFNKFYF,IVTDFSVIK,0
CAVPSGGYNKLIF,IVTDFSVIK,0
CSARSRENPDNEQFF,IVTDFSVIK,0
CASSLERFYEQYF,IVTDFSVIK,0
CILRALYNNNDMRF,IVTDFSVIK,0
CAASETGGGADGLTF,IVTDFSVIK,0
CASSQETGAEAFF,IVTDFSVIK,0
CASSLVSMNTEAFF,IVTDFSVIK,0
CASEGGGASTTDTQYF,IVTDFSVIK,0
CAALSHASKIIF,IVTDFSVIK,0
CAYRSALGNQFYF,IVTDFSVIK,0
CAVQPGANNLFF,IVTDFSVIK,0
CATNVANTGELFF,IVTDFSVIK,0
CASSSANYGYTF,IVTDFSVIK,0
CAFRDDKIIF,IVTDFSVIK,0
CAYRSLWDKIIF,IVTDFSVIK,0
CASSIRGGIEQFF,IVTDFSVIK,0
CASSIFGEQFF,IVTDFSVIK,0
CASSMRSGYEQYF,IVTDFSVIK,0
CASSIVGGNEQFF,IVTDFSVIK,0
CASSSVRGPNYGYTF,IVTDFSVIK,0
CASSLFARSPLHF,IVTDFSVIK,0
CAVNIGPGGYQKVTF,IVTDFSVIK,0
CASSYERGGLPKNIQYF,IVTDFSVIK,0
CTCSGRDSAETLYF,IVTDFSVIK,0
CATDAINSGNTPLVF,IVTDFSVIK,0
CASSLKQAGGAKNIQYF,IVTDFSVIK,0
CASSGDSAETLYF,IVTDFSVIK,0
CASSTRTSGINEQFF,IVTDFSVIK,0
CAASIPNQAGTALIF,IVTDFSVIK,0
CAVYYGGSQGNLIF,IVTDFSVIK,0
CAMSGYSGGGADGLTF,IVTDFSVIK,0
CASESRDRASAIYF,IVTDFSVIK,0
CSVVGTGGPETQYF,IVTDFSVIK,0
CASSYAETQYF,IVTDFSVIK,0
CANRDRGRDEQFF,IVTDFSVIK,0
CASSQEIGGNQPQHF,IVTDFSVIK,0
CASSLVVGAGTEAFF,IVTDFSVIK,0
CASSYFPLTSPNYGYTF,IVTDFSVIK,0
CAGAGGGSQGNLIF,IVTDFSVIK,0
CASSPVAGAPYNEYF,IVTDFSVIK,0
CATSQGAWYEQYF,IVTDFSVIK,0
CSVDYGGNTEAFF,IVTDFSVIK,0
CSAGGARHEQYF,IVTDFSVIK,0
CIVRANNNDMRF,IVTDFSVIK,0
CAPGVTGANNLFF,IVTDFSVIK,0
CAETHSGGSNYKLTF,IVTDFSVIK,0
CAAPGGFGNEKLTF,IVTDFSVIK,0
CASSLGSNEQFF,IVTDFSVIK,0
CSVGGASNTEAFF,IVTDFSVIK,0
CASSPGLAGGYEQFF,IVTDFSVIK,0
CAASTTGANSKLTF,IVTDFSVIK,0
CASSPVQGASGNTIYF,IVTDFSVIK,0
CASSSILAGDADEQFF,IVTDFSVIK,0
CAASNYQLIW,IVTDFSVIK,0
CASSPTRATNSPLYF,IVTDFSVIK,0
CASSLGDRAFRNIQYF,IVTDFSVIK,0
CASSLAFRQRETDTQYF,IVTDFSVIK,0
CASSFIPDRGNQPQHF,IVTDFSVIK,0
CAVSLNNAGNMLTF,IVTDFSVIK,0
CAYGEDDKIIF,IVTDFSVIK,0
CASSRDSAETLYF,IVTDFSVIK,0
CASRSASNEQFF,IVTDFSVIK,0
CASMGRLAGIYEQYF,IVTDFSVIK,0
CASSLGGPFNEQFF,IVTDFSVIK,0
CSARDTREGLNEQFF,IVTDFSVIK,0
CASSSSFLGNQPQHF,IVTDFSVIK,0
CVVNRYSSASKIIF,IVTDFSVIK,0
CVVNNPDSSYKLIF,IVTDFSVIK,0
CASSQQGGQPQHF,IVTDFSVIK,0
CAVRDNKSWGKFQF,IVTDFSVIK,0
CASSDTYGYTF,IVTDFSVIK,0
CASSSQAGGRENEQFF,IVTDFSVIK,0
CADNAGNNRKLIW,IVTDFSVIK,0
CASSSPGESSYNEQFF,IVTDFSVIK,0
CAATASNARLMF,IVTDFSVIK,0
CASSSDIEQYF,IVTDFSVIK,0
CALSGDSNYQLIW,IVTDFSVIK,0
CALSFMDSNYQLIW,IVTDFSVIK,0
CASSLLIQGGENTEAFF,IVTDFSVIK,0
CAGGGYGKLTF,IVTDFSVIK,0
CASSLSQGADYGYTF,IVTDFSVIK,0
CASSIMGTDTQYF,IVTDFSVIK,0
CASSPTGGPGDTQYF,IVTDFSVIK,0
CASSFTGTGSLGYTF,IVTDFSVIK,0
CASSPTSGGYEQYF,IVTDFSVIK,0
CASSYGLGNQPQHF,IVTDFSVIK,0
CASSTRSHEPQHF,IVTDFSVIK,0
CAEAGGTSYGKLTF,IVTDFSVIK,0
CAETLTGNTPLVF,IVTDFSVIK,0
CAVRDNNARLMF,IVTDFSVIK,0
CASRGQGSSNEQFF,IVTDFSVIK,0
CASSSREVTGELFF,IVTDFSVIK,0
CASSDWGRTEVFF,IVTDFSVIK,0
CAATNSGGSNYKLTF,IVTDFSVIK,0
CASSLWNTEAFF,IVTDFSVIK,0
CLVGDIDNNARLMF,IVTDFSVIK,0
CASSMRSYNEQFF,IVTDFSVIK,0
CASSPGTLAGELFF,IVTDFSVIK,0
CASSYRSTLEQFF,IVTDFSVIK,0
CATDTGGGNKLTF,IVTDFSVIK,0
CATVTPDGQKLLF,IVTDFSVIK,0
CAVEGTGNQFYF,IVTDFSVIK,0
CASSSLGQILSYEQYF,IVTDFSVIK,0
CASSSTSKGQGSYEQYF,IVTDFSVIK,0
CSAPTSGGSNEQFF,IVTDFSVIK,0
CAASKFRGFGNEKLTF,IVTDFSVIK,0
CASSPDRGLEQYF,IVTDFSVIK,0
CAGGHSNYQLIW,IVTDFSVIK,0
CASSIGSATEAFF,IVTDFSVIK,0
CAASNSNSGYALNF,IVTDFSVIK,0
CASSQRSVGELFF,IVTDFSVIK,0
CAISEGAGGQETQYF,IVTDFSVIK,0
CAALAWRAYNNNDMRF,IVTDFSVIK,0
CAASVVSMDSSYKLIF,IVTDFSVIK,0
CASSVFLLGTGELFF,IVTDFSVIK,0
CASSIFGANVLTF,IVTDFSVIK,0
CASRGLAGSYEQYF,IVTDFSVIK,0
CAVRAGNQFYF,IVTDFSVIK,0
CASDRANEQFF,IVTDFSVIK,0
CSARDRDRATYNEQFF,IVTDFSVIK,0
CATSDPGGGTDTQYF,IVTDFSVIK,0
CASSASTKDTQYF,IVTDFSVIK,0
CASSGSDGQAKWETQYF,IVTDFSVIK,0
CATAQGLSSYEQYF,IVTDFSVIK,0
CVVMDSNYQLIW,IVTDFSVIK,0
CASSLSTRNSNQPQYF,IVTDFSVIK,0
CAMREGLSNTGKLIF,IVTDFSVIK,0
CASSSPGQTYEQYF,IVTDFSVIK,0
CAVQAGETSGSRLTF,IVTDFSVIK,0
CATGTGSSAETLYF,IVTDFSVIK,0
CASSYSNQFGHQPQHF,IVTDFSVIK,0
CASSPGGGYGYTF,IVTDFSVIK,0
CAVAKDLQNSGGGADGLTF,IVTDFSVIK,0
CSARDREFGNTIYF,IVTDFSVIK,0
CAVSVPLGNTPLVF,IVTDFSVIK,0
CALSEAVSDGQKLLF,IVTDFSVIK,0
CASSSTGGGEKDQPQHF,IVTDFSVIK,0
CAGVGGGSQGNLIF,IVTDFSVIK,0
CASSLRLGNTGELFF,IVTDFSVIK,0
CASSGWTSGTSTDTQYF,IVTDFSVIK,0
CASISSNQPQHF,IVTDFSVIK,0
CAVRDQEGNTPLVF,IVTDFSVIK,0
CASSLRSTGELFF,IVTDFSVIK,0
CASSDILAGVGEQYF,IVTDFSVIK,0
CASSYSGGSYIEFF,IVTDFSVIK,0
CASSILGVSTDTQYF,IVTDFSVIK,0
CAVNPYGQNFVF,IVTDFSVIK,0
CASSARPGLAGVGRDEQFF,IVTDFSVIK,0
CASSQEGVLGTGELFF,IVTDFSVIK,0
CASRAGKANYGYTF,IVTDFSVIK,0
CASSLGPTGGDEKLFF,IVTDFSVIK,0
CAVQGSQGNLIF,IVTDFSVIK,0
CASSYGTGQPQHF,IVTDFSVIK,0
CASSIGDRAYGYTF,IVTDFSVIK,0
CSARAPAGAYEQYF,IVTDFSVIK,0
CASSDWGVHAEQFF,IVTDFSVIK,0
CASSLVVTGLEQFF,IVTDFSVIK,0
CAVSSNYQLIW,IVTDFSVIK,0
CASSVGGSGGTYEQYF,IVTDFSVIK,0
CAGGSWEYGNKLVF,IVTDFSVIK,0
CASSLVGTGGWDEQFF,IVTDFSVIK,0
CAEIRGRDQFYF,IVTDFSVIK,0
CSVSASGGDEQYF,IVTDFSVIK,0
CASSIVGAHTEAFF,IVTDFSVIK,0
CAMRGRWSSNTGKLIF,IVTDFSVIK,0
CASSYGQGLYEQYF,IVTDFSVIK,0
CASSTPRTVNTAQLFF,IVTDFSVIK,0
CASSPDRAHTIYF,IVTDFSVIK,0
CASSDRDSKIQETQYF,IVTDFSVIK,0
CAAGNTGFQKLVF,IVTDFSVIK,0
CASSLVRTSNQPQYF,IVTDFSVIK,0
CAMSSPTGANSKLTF,IVTDFSVIK,0
CASSLWGDYEQYF,IVTDFSVIK,0
CASSLNRLSNQPQYF,IVTDFSVIK,0
CVVRFTGGGNKLTF,IVTDFSVIK,0
CVVIYNFNKFYF,IVTDFSVIK,0
CAREGGDDKIIF,IVTDFSVIK,0
CVLSESSNTNKVVF,IVTDFSVIK,0
CASSYGGTEAFF,IVTDFSVIK,0
CASSQLGRGDNEQFF,IVTDFSVIK,0
CASSQDLAYEQFF,IVTDFSVIK,0
CGADRLAPEDSNYQLIW,IVTDFSVIK,0
CASSLPGGYGYTF,IVTDFSVIK,0
CASSIRGGEKLFF,IVTDFSVIK,0
CASSLRGLAGNEQFF,IVTDFSVIK,0
CASSLPVGDYTGELFF,IVTDFSVIK,0
CASSWGQGGYEQYF,IVTDFSVIK,0
CASSPQGDSASSGNTIYF,IVTDFSVIK,0
CSARGQGRDAAFF,IVTDFSVIK,0
CASSQGFSGADTDTQYF,IVTDFSVIK,0
CASSYWVGDTDTQYF,IVTDFSVIK,0
CASSFGADTQYF,IVTDFSVIK,0
CILDLMEYGNKLVF,IVTDFSVIK,0
CASGLWESYEQYF,IVTDFSVIK,0
CVVTDYSSASKIIF,IVTDFSVIK,0
CASSDSGTTNEKLFF,IVTDFSVIK,0
CAISESGYRGPPGANVLTF,IVTDFSVIK,0
CAVTNQAGTALIF,IVTDFSVIK,0
CAVSWAGSARQLTF,IVTDFSVIK,0
CAMREGTGGGADGLTF,IVTDFSVIK,0
CSARLGVGNTIYF,IVTDFSVIK,0
CAENEAGTASKLTF,IVTDFSVIK,0
CAVEHSDYKLSF,IVTDFSVIK,0
CASSPLVRGRFSNQPQHF,IVTDFSVIK,0
CATSGGNSGANVLTF,IVTDFSVIK,0
CASSHTLGGKQYF,IVTDFSVIK,0
CAAETGANNLFF,IVTDFSVIK,0
CASSQDYWGGGADTQYF,IVTDFSVIK,0
CASSLGFLGGTEAFF,IVTDFSVIK,0
CALKLGNAGNMLTF,IVTDFSVIK,0
CASSLVQGIEQYF,IVTDFSVIK,0
CASSYPMGANEKLFF,IVTDFSVIK,0
CAENGGGGSQGNLIF,IVTDFSVIK,0
CATVSGSRLTF,IVTDFSVIK,0
CASSQSSGYGYTF,IVTDFSVIK,0
CASTGGGYGYTF,IVTDFSVIK,0
CVVPRVAGYSTLTF,IVTDFSVIK,0
CAGGGSQGNLIF,IVTDFSVIK,0
CAAARVGGSQGNLIF,IVTDFSVIK,0
CSVRGEGDEQYF,IVTDFSVIK,0
CALGGSQGNLIF,IVTDFSVIK,0
CASSQERSMNTEAFF,IVTDFSVIK,0
CASSGLADSTDTQYF,IVTDFSVIK,0
CVVNPMDTGRRALTF,IVTDFSVIK,0
CASSVRSATEAFF,IVTDFSVIK,0
CASSRPGTEAFF,IVTDFSVIK,0
CATGPENPTSGTYKYIF,IVTDFSVIK,0
CASSHTRLPNYGYTF,IVTDFSVIK,0
CAVMTGAGSYQLTF,IVTDFSVIK,0
CALSGASGTALIF,IVTDFSVIK,0
CAVGAGESNYQLIW,IVTDFSVIK,0
CASSTLRYEQYF,IVTDFSVIK,0
CASSQDILARYNEQFF,IVTDFSVIK,0
CASSDWGDTQYF,IVTDFSVIK,0
CASSSWTGDTQYF,IVTDFSVIK,0
CAVGFSGGYNKLIF,IVTDFSVIK,0
CGADTSGTYKYIF,IVTDFSVIK,0
CILQETSGSRLTF,IVTDFSVIK,0
CASRAGELDTDTQYF,IVTDFSVIK,0
CAALFTGNQFYF,IVTDFSVIK,0
CASSLGAGEYEQYF,IVTDFSVIK,0
CATSSLATGELFF,IVTDFSVIK,0
CAMSPGSSNTGKLIF,IVTDFSVIK,0
CATVPTDSWGKFQF,IVTDFSVIK,0
CASSLPDSQDTQYF,IVTDFSVIK,0
CASSRRDHQETQYF,IVTDFSVIK,0
CASSIRSTDTQYF,IVTDFSVIK,0
CAVRRMRDYKLSF,IVTDFSVIK,0
CAEPLMDSSYKLIF,IVTDFSVIK,0
CASSAVGTGWHEQYF,IVTDFSVIK,0
CLVGDDGNKLVF,IVTDFSVIK,0
CAANNDYKLSF,IVTDFSVIK,0
CASSYNRTPGQGYTQYF,IVTDFSVIK,0
CASSLGQAPLF,IVTDFSVIK,0
CASSFGSQETQYF,IVTDFSVIK,0
CASSQFRTSLSYEQYF,IVTDFSVIK,0
CASSLEWGGETQYF,IVTDFSVIK,0
CALSEAGAGGFKTIF,IVTDFSVIK,0
CAASGTGANSKLTF,IVTDFSVIK,0
CATDARETSGSRLTF,IVTDFSVIK,0
CVPMDTGRRALTF,IVTDFSVIK,0
CALSLIQGAQKLVF,IVTDFSVIK,0
CASSYSGGETQYF,IVTDFSVIK,0
CATPKGEASTEAFF,IVTDFSVIK,0
CASSENSLGRGLVKTQYF,IVTDFSVIK,0
CASSSSGRDTQYF,IVTDFSVIK,0
CAEILSGGYNKLIF,IVTDFSVIK,0
CASSSSRRGGRAYEQYF,IVTDFSVIK,0
CASSVAASPSGNTIYF,IVTDFSVIK,0
CAVGASPLSGGYNKLIF,IVTDFSVIK,0
CASTPGVGGRSRYNEQFF,IVTDFSVIK,0
CASSLDATHYGYTF,IVTDFSVIK,0
CASSLLTLGGADTQYF,IVTDFSVIK,0
CALIGGSNYKLTF,IVTDFSVIK,0
CAVLGYNFNKFYF,IVTDFSVIK,0
CAASDRNNARLMF,IVTDFSVIK,0
CAMRGQDAGGTSYGKLTF,IVTDFSVIK,0
CASSPGSSDYTF,IVTDFSVIK,0
CAGTGSQGNLIF,IVTDFSVIK,0
CASSQIPGLAGVGDTQYF,IVTDFSVIK,0
CAFMKHLNYGQNFVF,IVTDFSVIK,0
CAVNKGGGSQGNLIF,IVTDFSVIK,0
CSVDLEANYGYTF,IVTDFSVIK,0
CVVNRDRGSTLGRLYF,IVTDFSVIK,0
CASSLGTRNEQFF,IVTDFSVIK,0
CAVSLRGDMRF,IVTDFSVIK,0
CASTPAADDRPVGNTIYF,IVTDFSVIK,0
CTCSPGTGGVNYAEQFF,IVTDFSVIK,0
CASSLLDGQGARYGYTF,IVTDFSVIK,0
CASSKQSGTGYYGYTF,IVTDFSVIK,0
CAATGGNNKLTF,IVTDFSVIK,0
CASSSDSYNEQFF,IVTDFSVIK,0
CASGLGPSGTEAFF,IVTDFSVIK,0
CASSWGGAYEQYF,IVTDFSVIK,0
CGAEKDTGGFKTIF,IVTDFSVIK,0
CASSQAGRHTDTQYF,IVTDFSVIK,0
CASTDSGDTQYF,IVTDFSVIK,0
CAASATGNYKYVF,IVTDFSVIK,0
CASSFGYNERLFF,IVTDFSVIK,0
CASSPTGAYEQYF,IVTDFSVIK,0
CASSLEALYGYTF,IVTDFSVIK,0
CASSGTGQNTQYF,IVTDFSVIK,0
CASLGTPMNTEAFF,IVTDFSVIK,0
CVVSGKNTGFQKLVF,IVTDFSVIK,0
CASSQVQGAQSSGYTF,IVTDFSVIK,0
CASSLHYPTGGFSYEQYF,IVTDFSVIK,0
CASSYTNTGELFF,IVTDFSVIK,0
CAGYSGAGSYQLTF,IVTDFSVIK,0
CAWGYTGGGQPQHF,IVTDFSVIK,0
CASSIFGEQYF,IVTDFSVIK,0
CATSSGGTEAFF,IVTDFSVIK,0
CAVTDDKIIF,IVTDFSVIK,0
CAGADGGSQGNLIF,IVTDFSVIK,0
CSARDNYGYTF,IVTDFSVIK,0
CASSQLASFGNSYEQYF,IVTDFSVIK,0
CASSPGTGTYEQYF,IVTDFSVIK,0
CASSQDGTTGNEQFF,IVTDFSVIK,0
CASSPTGTSLSFF,IVTDFSVIK,0
CATDGRSTLTF,IVTDFSVIK,0
CAASDGFGNEKLTF,IVTDFSVIK,0
CAVPPGEGGTSYGKLTF,IVTDFSVIK,0
CASSQVGISYEQYF,IVTDFSVIK,0
CSARDTSESTDTQYF,IVTDFSVIK,0
CAGTPASRGYALNF,IVTDFSVIK,0
CASSQESAETLYF,IVTDFSVIK,0
CASGDARSEVFF,IVTDFSVIK,0
CASTPAGGAPGELFF,IVTDFSVIK,0
CAVEAAGNKLTF,IVTDFSVIK,0
CVVSDLGYKLSF,IVTDFSVIK,0
CASSPRDRESPEQYF,IVTDFSVIK,0
CAVSDSNYQLIW,IVTDFSVIK,0
CSVTAGEDDTQYF,IVTDFSVIK,0
CAVPYSGGGADGLTF,IVTDFSVIK,0
CAETRGNEKLTF,IVTDFSVIK,0
CASSSLYGDTGELFF,IVTDFSVIK,0
CAVLDSNYQLIW,IVTDFSVIK,0
CASSSGWGGVQPQHF,IVTDFSVIK,0
CALSSGYSTLTF,IVTDFSVIK,0
CASSQDFGAAGELFF,IVTDFSVIK,0
CASSVRSSYEQYF,IVTDFSVIK,0
CASSLLGLEQFF,IVTDFSVIK,0
CASSDSGQGWIEKLFF,IVTDFSVIK,0
CASSAGNTIYF,IVTDFSVIK,0
CASSLGERVGYGYTF,IVTDFSVIK,0
CALSNNNARLMF,IVTDFSVIK,0
CATDAPAAGNKLTF,IVTDFSVIK,0
CAARRGARLMF,IVTDFSVIK,0
CASSSLDTEAFF,IVTDFSVIK,0
CPGGSQGNLIF,IVTDFSVIK,0
CALIEGDDYKLSF,IVTDFSVIK,0
CAGALDSGYALNF,IVTDFSVIK,0
CASSHPPQRGVSYEQYF,IVTDFSVIK,0
CAFSVVFNKFYF,IVTDFSVIK,0
CALSERDYGGATNKLIF,IVTDFSVIK,0
CAVDSTPLVF,IVTDFSVIK,0
CASGDRTGGYNYAEQFF,IVTDFSVIK,0
CASSGVGGWDEQYF,IVTDFSVIK,0
CASGGVDSSETLYF,IVTDFSVIK,0
CASRDRQSHEQYF,IVTDFSVIK,0
CATKSGGASYNEQFF,IVTDFSVIK,0
CASSMGTGLDEQYF,IVTDFSVIK,0
CASSLGLAGGGDTQYF,IVTDFSVIK,0
CASSRAGTGGSETQYF,IVTDFSVIK,0
CAAHPPMYSGGGADGLTF,IVTDFSVIK,0
CASSYIIIEQYF,IVTDFSVIK,0
CASSFFPNTEAFF,IVTDFSVIK,0
CAFEWGNNNNDMRF,IVTDFSVIK,0
CSVGGQSSMNTEAFF,IVTDFSVIK,0
CSVDLRGPGHGYTF,IVTDFSVIK,0
CASSIRSVDTQYF,IVTDFSVIK,0
CASTPLAGDTDTQYF,IVTDFSVIK,0
CAVDPPPYSGAGSYQLTF,IVTDFSVIK,0
CASSGRGTEAFF,IVTDFSVIK,0
CASSQDPGYEQYF,IVTDFSVIK,0
CASSLFRGDNEQFF,IVTDFSVIK,0
CAALIQGAQKLVF,IVTDFSVIK,0
CAVSLDYANKMIF,IVTDFSVIK,0
CASSQQQGYGTEAFF,IVTDFSVIK,0
CSARDLGLAGDTDTQYF,IVTDFSVIK,0
CAVGTDYGGSQGNLIF,IVTDFSVIK,0
CVAKAGANNLFF,IVTDFSVIK,0
CAFRGSQGNLIF,IVTDFSVIK,0
CAAKEGGSEKLVF,IVTDFSVIK,0
CAVQAGNYGQNFVF,IVTDFSVIK,0
CAMREANSGTYQRF,IVTDFSVIK,0
CASSSGPDSGNTIYF,IVTDFSVIK,0
CAVERNAGNMLTF,IVTDFSVIK,0
CASSPGDTGQLYF,IVTDFSVIK,0
CATLKQGAMDWETQYF,IVTDFSVIK,0
CASSYLGDIQFNQPQHF,IVTDFSVIK,0
CAVDGGGGSQGNLIF,IVTDFSVIK,0
CASSATGGPTGELFF,IVTDFSVIK,0
CALLSGGYQKVTF,IVTDFSVIK,0
CAVLNDYKLSF,IVTDFSVIK,0
CALSEDVLQGAQKLVF,IVTDFSVIK,0
CAVSESPFGNEKLTF,IVTDFSVIK,0
CASIGEMNTEAFF,IVTDFSVIK,0
CAVRWRYNNNDMRF,IVTDFSVIK,0
CASSHSRGSGNTIYF,IVTDFSVIK,0
CASSKENNNRPYEQYF,IVTDFSVIK,0
CASSLAGPNNEQFF,IVTDFSVIK,0
CAPRALSGAQKLVF,IVTDFSVIK,0
CAGEGFQGAQKLVF,IVTDFSVIK,0
CASSLERGGRDTQYF,IVTDFSVIK,0
CSVEGGNSGNTIYF,IVTDFSVIK,0
CATDASTSYGKLTF,IVTDFSVIK,0
CASSGRLGLGTEAFF,IVTDFSVIK,0
CVVNANSGNTPLVF,IVTDFSVIK,0
CAGALGSSNTGKLIF,IVTDFSVIK,0
CAVAYGQNFVF,IVTDFSVIK,0
CASSDLLALREQFF,IVTDFSVIK,0
CASSQEGRETEAFF,IVTDFSVIK,0
CAVRTTDSWGKLQF,IVTDFSVIK,0
CASSFGGGQGTQYF,IVTDFSVIK,0
CASGKLAGVLSEQFF,IVTDFSVIK,0
CAVNAGGDKIIF,IVTDFSVIK,0
CASSQDPWAGSAFF,IVTDFSVIK,0
CASSQEGAGITEAFF,IVTDFSVIK,0
CALGDRYSNNRIFF,IVTDFSVIK,0
CAMRPSNSAGNKLTF,IVTDFSVIK,0
CATGAASSYEQYF,IVTDFSVIK,0
CASSAGRQGALVQTEAFF,IVTDFSVIK,0
CALTEGADRLTF,IVTDFSVIK,0
CASRTGVEQFF,IVTDFSVIK,0
CASRPAPGTVTYGYTF,IVTDFSVIK,0
CASSLGGPYEQYF,IVTDFSVIK,0
CAGQSGRVGGSQGNLIF,IVTDFSVIK,0
CSPDGYTF,IVTDFSVIK,0
CASAFYSNQPQHF,IVTDFSVIK,0
CAVVDSNYQLIW,IVTDFSVIK,0
CASSGQDYGYTF,IVTDFSVIK,0
CASSAGTGYGANVLTF,IVTDFSVIK,0
CAESMDNDMRF,IVTDFSVIK,0
CASSLSEAGARNTEAFF,IVTDFSVIK,0
CASRTGGNSPLHF,IVTDFSVIK,0
CALSEAGPDKLIF,IVTDFSVIK,0
CASTPGTSAYNEQFF,IVTDFSVIK,0
CASSCATGGYKGAEQFF,IVTDFSVIK,0
CAASAWDTGYQNFYF,IVTDFSVIK,0
CAVLVSDGQKLLF,IVTDFSVIK,0
CGTEPKRGGADGLTF,IVTDFSVIK,0
CILREYGNKLVF,IVTDFSVIK,0
CASSPGTGNYGYTF,IVTDFSVIK,0
CASSPRGGVEKTQYF,IVTDFSVIK,0
CAASSGGGADGLTF,IVTDFSVIK,0
CASSANWRGSTDTQYF,IVTDFSVIK,0
CSARDQTGNGYTF,IVTDFSVIK,0
CASSIRSGYEQYF,IVTDFSVIK,0
CASSSTGTGPNYGYTF,IVTDFSVIK,0
CASSQGQGAIRPQHF,IVTDFSVIK,0
CASSYRTGGTEAFF,IVTDFSVIK,0
CAVDNYGQNFVF,IVTDFSVIK,0
CAVDSAGAQKLVF,IVTDFSVIK,0
CASSIVGGAYNEQFF,IVTDFSVIK,0
CASSEESSRYYGYTF,IVTDFSVIK,0
CASSNIAGDYNEQFF,IVTDFSVIK,0
CLVGELSGYSTLTF,IVTDFSVIK,0
CASSSRHGANTGELFF,IVTDFSVIK,0
CASSDPPGGQGDDQYQYF,IVTDFSVIK,0
CASSSFLAGAKTQYF,IVTDFSVIK,0
CASSSGEYGYTF,IVTDFSVIK,0
CASSLGGELFF,IVTDFSVIK,0
CASSYSYRGKETQYF,IVTDFSVIK,0
CANSQGTEVFF,IVTDFSVIK,0
CSARVAGGPGEQYF,IVTDFSVIK,0
CASSQGVLTEAFF,IVTDFSVIK,0
CASSGGHQNNEKLFF,IVTDFSVIK,0
CASSIDRRSNQPQYF,IVTDFSVIK,0
CSALRTDYYEQYF,IVTDFSVIK,0
CASSGTGGKTQYF,IVTDFSVIK,0
CAARTPGNQFYF,IVTDFSVIK,0
CASSELGARVYEQYF,IVTDFSVIK,0
CAWSLTINTEAFF,IVTDFSVIK,0
CASSPGRENTEAFF,IVTDFSVIK,0
CASGGNYAEQFF,IVTDFSVIK,0
CATSRELRDADGYTF,IVTDFSVIK,0
CASSLNRGAREKLFF,IVTDFSVIK,0
CASSIGLYGYTF,IVTDFSVIK,0
CASSPSLVGSADTQYF,IVTDFSVIK,0
CAMREGHTGGNNKLTF,IVTDFSVIK,0
CAMRGANSGTYQRF,IVTDFSVIK,0
CASGPGTSATDTQYF,IVTDFSVIK,0
CASSLTTDWAEAFF,IVTDFSVIK,0
CASSPSGNEQFF,IVTDFSVIK,0
CASSQRSTGELFF,IVTDFSVIK,0
CASSLTNNYAEQFF,IVTDFSVIK,0
CAVRIQGGGADGLTF,IVTDFSVIK,0
CVVRKDSWGKLQF,IVTDFSVIK,0
CALSANGNQFYF,IVTDFSVIK,0
CILKSGYALNF,IVTDFSVIK,0
CASSTRGLRSGNTIYF,IVTDFSVIK,0
CAWSTTSRNYGYTF,IVTDFSVIK,0
CASSLLLRDGGRGAFF,IVTDFSVIK,0
CSVSGTGNEKLFF,IVTDFSVIK,0
CASSLSQGALLYNEQFF,IVTDFSVIK,0
CASSLIGVSSYNEQFF,IVTDFSVIK,0
CASSNTGTSGGYEQFF,IVTDFSVIK,0
CASSQAQASSYEQYF,IVTDFSVIK,0
CASRVAAKANRETQYF,IVTDFSVIK,0
CAAPNDMRF,IVTDFSVIK,0
CARYETSGSRLTF,IVTDFSVIK,0
CASSNRDNNQDTQYF,IVTDFSVIK,0
CVVNSGAGSYQLTF,IVTDFSVIK,0
CASSLWDRPYNEQFF,IVTDFSVIK,0
CASSQGTGGFYEQYF,IVTDFSVIK,0
CATSDGRLWIKQYF,IVTDFSVIK,0
CAVSDSTATSGSRLTF,IVTDFSVIK,0
CASSEAMSAYEQFF,IVTDFSVIK,0
CAVSDDSGGYNKLIF,IVTDFSVIK,0
CASSRTGWGSGNTIYF,IVTDFSVIK,0
CVVNNADKLIF,IVTDFSVIK,0
CSVGSGDHGEQFF,IVTDFSVIK,0
CAVRPRDHTDKLIF,IVTDFSVIK,0
CAAKDSGGGADGLTF,IVTDFSVIK,0
CSAPLGDHYGYTF,IVTDFSVIK,0
CASPGLAGEYEQYF,IVTDFSVIK,0
CASSYNPRTEVSNQPQHF,IVTDFSVIK,0
CASSKQGNSNQPQYF,IVTDFSVIK,0
CAVDADNYGQNFVF,IVTDFSVIK,0
CASSRSGLYEQYF,IVTDFSVIK,0
CASSPFGTGSGYRTEAFF,IVTDFSVIK,0
CASSQVIRTSTDTQYF,IVTDFSVIK,0
CASSDRTYEQFF,IVTDFSVIK,0
CAYNDGNQFYF,IVTDFSVIK,0
CAVRNYSNNRLTL,IVTDFSVIK,0
CASTILGQTYGYTF,IVTDFSVIK,0
CASTPALGAKQYF,IVTDFSVIK,0
CALDSGNTGKLIF,IVTDFSVIK,0
CASGVVGGGAANEQFF,IVTDFSVIK,0
CASSDGTSLYNEQFF,IVTDFSVIK,0
CASSQGQGAYGYTF,IVTDFSVIK,0
CASRKTGYTGELFF,IVTDFSVIK,0
CAASARDWNTDKLIF,IVTDFSVIK,0
CAVSDKVARLMF,IVTDFSVIK,0
CASGLVSGSYSNQPQHF,IVTDFSVIK,0
CAAEVVSSGSARQLTF,IVTDFSVIK,0
CAARGQGGRALIF,IVTDFSVIK,0
CALDSNAGGTSYGKLTF,IVTDFSVIK,0
CASNTRATYEQYF,IVTDFSVIK,0
CASSTIGTGGLEKLFF,IVTDFSVIK,0
CILRGTYSGGGADGLTF,IVTDFSVIK,0
CASSPQTAGELFF,IVTDFSVIK,0
CASSETSTDTQYF,IVTDFSVIK,0
CASSFGQATYNEQFF,IVTDFSVIK,0
CASSLNRNSNQPQYF,IVTDFSVIK,0
CASSLLAGVGGELFF,IVTDFSVIK,0
CSVGSRGTNEKLFF,IVTDFSVIK,0
CGADSRYSSASKIIF,IVTDFSVIK,0
CAATLSDKIIF,IVTDFSVIK,0
CASSRTSDTQYF,IVTDFSVIK,0
CASAGFSVNEQFF,IVTDFSVIK,0
CASSGPRDGRGNEKLFF,IVTDFSVIK,0
CASSIDLLGYEQYF,IVTDFSVIK,0
CAVGSDTGGGNKLTF,IVTDFSVIK,0
CASSPLTGTGGGYTF,IVTDFSVIK,0
CASSLRTSGGVDTQYF,IVTDFSVIK,0
CASSDSYSYGYTF,IVTDFSVIK,0
CASSYLAGVYNEQFF,IVTDFSVIK,0
CASSVRGGGTDTQYF,IVTDFSVIK,0
CASSLTLAAYNEQFF,IVTDFSVIK,0
CASSRANYEQYF,IVTDFSVIK,0
CSVGGSYEQYF,IVTDFSVIK,0
CASSHSAKCTAYEQYF,IVTDFSVIK,0
CAGSGGSYIPTF,IVTDFSVIK,0
CASSPLPGTGPGNEQFF,IVTDFSVIK,0
CATANSGTYQRF,IVTDFSVIK,0
CASSRRDRGFTEAFF,IVTDFSVIK,0
CAVSFRSGGSNYKLTF,IVTDFSVIK,0
CASSPETGGNTGELFF,IVTDFSVIK,0
CSVGEGLAYEQYF,IVTDFSVIK,0
CASSSGLALVFEQFF,IVTDFSVIK,0
CALSEALGGRRALTF,IVTDFSVIK,0
CASSDLQGGGPGEQYF,IVTDFSVIK,0
CAVKGLAYSSASKIIF,IVTDFSVIK,0
CAFGGGSNYKLTF,IVTDFSVIK,0
CASSFRWRERDTQYF,IVTDFSVIK,0
CASGSGQGAWGYTF,IVTDFSVIK,0
CLVGASGAGSYQLTF,IVTDFSVIK,0
CASSPRTDEGQYF,IVTDFSVIK,0
CASSEARGLNTEAFF,IVTDFSVIK,0
CASALSWEGLAESYEQYF,IVTDFSVIK,0
CASTLPRDTEAFF,IVTDFSVIK,0
CAYGQGAQKLVF,IVTDFSVIK,0
CASTEGQGIFGYTF,IVTDFSVIK,0
CALRNYGSSGNKLIF,IVTDFSVIK,0
CASTSGSFTGELFF,IVTDFSVIK,0
CASSPRSSYEQYF,IVTDFSVIK,0
CASSPRTGNSGANVLTF,IVTDFSVIK,0
CASSMRSTGELFF,IVTDFSVIK,0
CASSLETGPDTQYF,IVTDFSVIK,0
CAFIGDAGGTSYGKLTF,IVTDFSVIK,0
CASSALGGGGTGELFF,IVTDFSVIK,0
CASSPDYNEQFF,IVTDFSVIK,0
CASSLVGGRASDTQYF,IVTDFSVIK,0
CASSIRAADTQYF,IVTDFSVIK,0
CASSLVPGPNGDYGYTF,IVTDFSVIK,0
CASRGQDSAETLYF,IVTDFSVIK,0
CAVGGDMRF,IVTDFSVIK,0
CASRGVQPQHF,IVTDFSVIK,0
